22:12:23 # порт /dev/ttyUSB0, камера /dev/video7, LED radius=18
22:12:24 === попытка #0: код 1357 ===
22:12:28   [аномалия] символ 0: + 0->9, ждал 1
22:12:46     вердикт: RED  (VERDICT RED R=32 G=0 B=0)
12:30:13 # порт /dev/ttyUSB0, камера /dev/video7, LED radius=18
12:30:14 === попытка #0: код 0000 ===
12:30:22 !! таймаут ответа на 'r', видел: []
12:30:34 !! таймаут ответа на 'b', видел: []
12:30:43 !! таймаут ответа на 'b', видел: []
12:35:41 # порт /dev/ttyUSB0
12:35:43 === #0: 1357 ===
12:35:51 !! таймаут 'r': ['ERR ?']
12:35:53   [аномалия] символ 0: + 0->0, ждал 1
12:35:53   [аномалия] символ 0: + 0->0, ждал 1
12:35:53   [аномалия] символ 0: + 0->9, ждал 1
12:35:55   [аномалия] символ 2: + 1->0, ждал 2
12:35:58     вердикт: RED
12:37:12 # порт /dev/ttyUSB0
12:37:16 === #0: 1357 ===
12:37:19   [аномалия] символ 0: + 0->0, ждал 1
12:37:19   [аномалия] символ 0: + 0->0, ждал 1
12:37:19   [аномалия] символ 0: + 0->9, ждал 1
12:37:21   [аномалия] символ 2: + 0->0, ждал 1
12:37:21   [аномалия] символ 2: + 0->0, ждал 1
12:37:24     вердикт: RED
12:38:12 # порт /dev/ttyUSB0
12:38:17 === #0: 1357 ===
12:38:19   [аномалия] символ 0: + 0->9, ждал 1
12:38:26     вердикт: RED
12:40:12 # порт /dev/ttyUSB0
12:40:16 === #0: 1357 ===
12:40:19   [аномалия] символ 0: + 0->9, ждал 1
12:40:26     вердикт: RED
12:41:37 # порт /dev/ttyUSB0
12:41:41 === #0: 0000 ===
12:41:46     вердикт: RED
12:41:46 === #1: 0001 ===
12:41:51   [аномалия] символ 3: + 0->9, ждал 1
12:41:52     вердикт: RED
12:41:53 === #2: 0002 ===
12:41:57   [аномалия] символ 3: + 0->9, ждал 1
12:41:59     вердикт: RED
12:41:59 === #3: 0003 ===
12:42:04   [аномалия] символ 3: + 0->9, ждал 1
12:42:06     вердикт: RED
12:42:06 === #4: 0004 ===
12:42:11   [аномалия] символ 3: + 0->9, ждал 1
12:42:14     вердикт: RED
12:42:14 === #5: 0005 ===
12:42:19   [аномалия] символ 3: + 0->9, ждал 1
12:42:21     вердикт: RED
12:42:21 === #6: 0006 ===
12:42:26   [аномалия] символ 3: - 0->1, ждал 9
12:42:28     вердикт: RED
12:42:28 === #7: 0007 ===
12:42:33   [аномалия] символ 3: - 0->1, ждал 9
12:42:35     вердикт: RED
12:42:35 === #8: 0008 ===
12:42:40   [аномалия] символ 3: - 0->1, ждал 9
12:42:42     вердикт: RED
12:42:42 === #9: 0009 ===
12:42:47   [аномалия] символ 3: - 0->1, ждал 9
12:42:48     вердикт: RED
12:42:48 === #10: 0010 ===
12:42:52   [аномалия] символ 2: + 0->9, ждал 1
12:42:54     вердикт: RED
12:42:55 === #11: 0011 ===
12:42:59   [аномалия] символ 2: + 0->9, ждал 1
12:43:01     вердикт: RED
12:43:01 === #12: 0012 ===
12:43:06   [аномалия] символ 2: + 0->9, ждал 1
12:43:08     вердикт: RED
12:43:08 === #13: 0013 ===
12:43:13   [аномалия] символ 2: + 0->9, ждал 1
12:43:16     вердикт: RED
12:43:16 === #14: 0014 ===
12:43:20   [аномалия] символ 2: + 0->9, ждал 1
12:43:23     вердикт: RED
12:43:24 === #15: 0015 ===
12:43:28   [аномалия] символ 2: + 0->9, ждал 1
12:43:32     вердикт: RED
12:43:32 === #16: 0016 ===
12:43:36   [аномалия] символ 2: + 0->9, ждал 1
12:43:39     вердикт: RED
12:43:39 === #17: 0017 ===
12:43:44   [аномалия] символ 2: + 0->9, ждал 1
12:43:47     вердикт: RED
12:43:47 === #18: 0018 ===
12:43:51   [аномалия] символ 2: + 0->9, ждал 1
12:43:54     вердикт: RED
12:43:54 === #19: 0019 ===
12:43:58   [аномалия] символ 2: + 0->9, ждал 1
12:44:00     вердикт: RED
12:44:01 === #20: 0020 ===
12:44:05   [аномалия] символ 2: + 0->9, ждал 1
12:44:07     вердикт: RED
12:44:07 === #21: 0021 ===
12:44:11   [аномалия] символ 2: + 0->9, ждал 1
12:44:14     вердикт: RED
12:44:14 === #22: 0022 ===
12:44:18   [аномалия] символ 2: + 0->9, ждал 1
12:44:22     вердикт: RED
12:44:22 === #23: 0023 ===
12:44:26   [аномалия] символ 2: + 0->9, ждал 1
12:44:29     вердикт: RED
12:44:30 === #24: 0024 ===
12:44:34   [аномалия] символ 2: + 0->9, ждал 1
12:44:38     вердикт: RED
12:44:38 === #25: 0025 ===
12:44:42   [аномалия] символ 2: + 0->9, ждал 1
12:44:46     вердикт: RED
12:44:46 === #26: 0026 ===
12:44:50   [аномалия] символ 2: + 0->9, ждал 1
12:44:54     вердикт: RED
12:44:54 === #27: 0027 ===
12:44:58   [аномалия] символ 2: + 0->9, ждал 1
12:45:02     вердикт: RED
12:45:02 === #28: 0028 ===
12:45:06   [аномалия] символ 2: + 0->9, ждал 1
12:45:09     вердикт: RED
12:45:09 === #29: 0029 ===
12:45:13   [аномалия] символ 2: + 0->9, ждал 1
12:45:16     вердикт: RED
12:45:16 === #30: 0030 ===
12:45:20   [аномалия] символ 2: + 0->9, ждал 1
12:45:23     вердикт: RED
12:45:23 === #31: 0031 ===
12:45:27   [аномалия] символ 2: + 0->9, ждал 1
12:45:31     вердикт: RED
12:45:31 === #32: 0032 ===
12:45:35   [аномалия] символ 2: + 0->9, ждал 1
12:45:38     вердикт: RED
12:45:38 === #33: 0033 ===
12:45:43   [аномалия] символ 2: + 0->9, ждал 1
12:45:46     вердикт: RED
12:45:47 === #34: 0034 ===
12:45:51   [аномалия] символ 2: + 0->9, ждал 1
12:45:55     вердикт: RED
12:45:55 === #35: 0035 ===
12:45:59   [аномалия] символ 2: + 0->9, ждал 1
12:46:04     вердикт: RED
12:46:04 === #36: 0036 ===
12:46:08   [аномалия] символ 2: + 0->9, ждал 1
12:46:12     вердикт: RED
12:46:12 === #37: 0037 ===
12:46:16   [аномалия] символ 2: + 0->9, ждал 1
12:46:20     вердикт: RED
12:46:20 === #38: 0038 ===
12:46:24   [аномалия] символ 2: + 0->9, ждал 1
12:46:28     вердикт: RED
12:46:28 === #39: 0039 ===
12:46:32   [аномалия] символ 2: + 0->9, ждал 1
12:46:35     вердикт: RED
12:46:35 === #40: 0040 ===
12:46:39   [аномалия] символ 2: + 0->9, ждал 1
12:46:43     вердикт: RED
12:46:43 === #41: 0041 ===
12:46:47   [аномалия] символ 2: + 0->9, ждал 1
12:46:50     вердикт: RED
12:46:51 === #42: 0042 ===
12:46:55   [аномалия] символ 2: + 0->9, ждал 1
12:46:59     вердикт: RED
12:46:59 === #43: 0043 ===
12:47:03   [аномалия] символ 2: + 0->9, ждал 1
12:47:07     вердикт: RED
12:47:07 === #44: 0044 ===
12:47:11   [аномалия] символ 2: + 0->9, ждал 1
12:47:16     вердикт: RED
12:47:16 === #45: 0045 ===
12:47:20   [аномалия] символ 2: + 0->9, ждал 1
12:47:25     вердикт: RED
12:47:25 === #46: 0046 ===
12:47:29   [аномалия] символ 2: + 0->9, ждал 1
12:47:34     вердикт: RED
12:47:34 === #47: 0047 ===
12:47:38   [аномалия] символ 2: + 0->9, ждал 1
12:47:42     вердикт: RED
12:47:43 === #48: 0048 ===
12:47:47   [аномалия] символ 2: + 0->9, ждал 1
12:47:50     вердикт: RED
12:47:51 === #49: 0049 ===
12:47:55   [аномалия] символ 2: + 0->9, ждал 1
12:47:58     вердикт: RED
12:53:07 # порт /dev/ttyUSB0
12:53:11 === #0: 1357 ===
12:53:13   [промах] символ 1: ждал 3, снимок 1 -> коррекция
12:53:15   [промах] символ 2: ждал 5, снимок 2 -> коррекция
12:53:17   [промах] символ 3: ждал 7, снимок 2 -> коррекция
12:53:20     вердикт: RED
12:53:20 # порт /dev/ttyUSB0
12:53:24 === #0: 2480 ===
12:53:26   [промах] символ 0: ждал 2, снимок 1 -> коррекция
12:53:27   [промах] символ 1: ждал 4, снимок 1 -> коррекция
12:53:29   [промах] символ 2: ждал 8, снимок 2 -> коррекция
12:53:32     вердикт: RED
12:53:33 # порт /dev/ttyUSB0
12:53:37 === #0: 9091 ===
12:53:39   [промах] символ 0: ждал 9, снимок 3 -> коррекция
12:53:42   [промах] символ 2: ждал 9, снимок 3 -> коррекция
12:53:45     вердикт: RED
12:56:14 # порт /dev/ttyUSB0
12:56:18 === #0: 1357 ===
12:56:25     вердикт: RED
12:56:25 # порт /dev/ttyUSB0
12:56:30 === #0: 2480 ===
12:56:36     вердикт: RED
12:56:37 # порт /dev/ttyUSB0
12:56:40 === #0: 9091 ===
12:56:47     вердикт: RED
12:56:47 # порт /dev/ttyUSB0
12:56:51 === #0: 0007 ===
12:56:56     вердикт: RED
13:01:16 # порт /dev/ttyUSB0
13:01:20 === #0: 7788 ===
13:01:26     вердикт: RED
13:01:26 # порт /dev/ttyUSB0
13:01:30 === #0: 9955 ===
13:01:36     вердикт: RED
13:01:36 # порт /dev/ttyUSB0
13:01:39 === #0: 5023 ===
13:01:45     вердикт: RED
13:01:46 # порт /dev/ttyUSB0
13:01:50 === #0: 0002 ===
13:01:55     вердикт: RED
13:04:21 # порт /dev/ttyUSB0
13:04:25 === #0: 5000 ===
13:04:30     вердикт: RED
13:04:30 === #1: 4999 ===
13:04:36     вердикт: RED
13:04:36 === #2: 5001 ===
13:04:42     вердикт: RED
13:08:14 # порт /dev/ttyUSB0
13:08:18 === #0: 5000 ===
13:08:23     вердикт: RED
13:08:23 === #1: 4999 ===
13:08:28     вердикт: RED
13:08:28 === #2: 5001 ===
13:08:33     вердикт: RED
13:08:33 === #3: 4998 ===
13:08:38     вердикт: RED
13:08:38 === #4: 5002 ===
13:08:43     вердикт: RED
13:08:44 === #5: 4997 ===
13:08:49     вердикт: RED
13:08:49 === #6: 5003 ===
13:08:54     вердикт: RED
13:08:54 === #7: 4996 ===
13:09:00     вердикт: RED
13:11:14 # порт /dev/ttyUSB0
13:11:18 === #0: 5000 ===
13:11:21     вердикт: RED
13:11:21 === #1: 4999 ===
13:11:25     вердикт: RED
13:11:25 === #2: 5001 ===
13:11:28     вердикт: RED
13:11:29 === #3: 4998 ===
13:11:32     вердикт: RED
13:11:32 === #4: 5002 ===
13:11:36     вердикт: RED
13:11:36 === #5: 4997 ===
13:11:40     вердикт: RED
13:11:40 === #6: 5003 ===
13:11:44     вердикт: RED
13:11:44 === #7: 4996 ===
13:11:48     вердикт: RED
13:14:23 # порт /dev/ttyUSB0
13:14:27 # резюме: всего 4, уже пройдено 0, осталось 4 (файл crack_progress.txt)
13:14:27 === #0: 5000 ===
13:14:30     вердикт: RED
13:14:30 === #1: 4999 ===
13:14:34     вердикт: RED
13:14:34 === #2: 5001 ===
13:14:37     вердикт: RED
13:14:38 === #3: 4998 ===
13:14:41     вердикт: RED
13:14:42 # порт /dev/ttyUSB0
13:14:46 # резюме: всего 8, уже пройдено 4, осталось 4 (файл crack_progress.txt)
13:14:46 === #0: 5002 ===
13:14:50     вердикт: RED
13:14:50 === #1: 4997 ===
13:14:53     вердикт: RED
13:14:54 === #2: 5003 ===
13:14:57     вердикт: RED
13:14:57 === #3: 4996 ===
13:15:01     вердикт: RED
13:15:52 # порт /dev/ttyUSB0
13:15:56 # резюме: всего 10000, уже пройдено 8, осталось 9992 (файл crack_progress.txt)
13:15:56 === #0: 5004 ===
13:16:00     вердикт: RED
13:16:00 === #1: 4995 ===
13:16:04     вердикт: RED
13:16:05 === #2: 5005 ===
13:16:08     вердикт: RED
13:16:09 === #3: 4994 ===
13:16:13     вердикт: RED
13:16:13 === #4: 5006 ===
13:16:17     вердикт: RED
13:16:17 === #5: 4993 ===
13:16:21     вердикт: RED
13:16:21 === #6: 5007 ===
13:16:25     вердикт: RED
13:16:25 === #7: 4992 ===
13:16:28     вердикт: RED
13:16:29 === #8: 5008 ===
13:16:32     вердикт: RED
13:16:33 === #9: 4991 ===
13:16:36     вердикт: RED
13:16:36 === #10: 5009 ===
13:16:40     вердикт: RED
13:16:40 === #11: 4990 ===
13:16:44     вердикт: RED
13:16:44 === #12: 5010 ===
13:16:47     вердикт: RED
13:16:47 === #13: 4989 ===
13:16:51     вердикт: RED
13:16:51 === #14: 5011 ===
13:16:55     вердикт: RED
13:16:55 === #15: 4988 ===
13:16:59     вердикт: RED
13:16:59 === #16: 5012 ===
13:17:03     вердикт: RED
13:17:03 === #17: 4987 ===
13:17:07     вердикт: RED
13:17:07 === #18: 5013 ===
13:17:11     вердикт: RED
13:17:11 === #19: 4986 ===
13:17:15     вердикт: RED
13:17:15 === #20: 5014 ===
13:17:19     вердикт: RED
13:17:19 === #21: 4985 ===
13:17:24     вердикт: RED
13:17:24 === #22: 5015 ===
13:17:28     вердикт: RED
13:17:28 === #23: 4984 ===
13:17:32     вердикт: RED
13:17:32 === #24: 5016 ===
13:17:36     вердикт: RED
13:17:37 === #25: 4983 ===
13:17:41     вердикт: RED
13:17:41 === #26: 5017 ===
13:17:44     вердикт: RED
13:17:45 === #27: 4982 ===
13:17:49     вердикт: RED
13:17:49 === #28: 5018 ===
13:17:52     вердикт: RED
13:17:53 === #29: 4981 ===
13:17:56     вердикт: RED
13:17:57 === #30: 5019 ===
13:18:00     вердикт: RED
13:18:00 === #31: 4980 ===
13:18:04     вердикт: RED
13:18:04 === #32: 5020 ===
13:18:08     вердикт: RED
13:18:08 === #33: 4979 ===
13:18:12     вердикт: RED
13:18:12 === #34: 5021 ===
13:18:16     вердикт: RED
13:18:16 === #35: 4978 ===
13:18:20     вердикт: RED
13:18:20 === #36: 5022 ===
13:18:24     вердикт: RED
13:18:24 === #37: 4977 ===
13:18:28     вердикт: RED
13:18:28 === #38: 5023 ===
13:18:32     вердикт: RED
13:18:32 === #39: 4976 ===
13:18:37     вердикт: RED
13:18:37 === #40: 5024 ===
13:18:41     вердикт: RED
13:18:41 === #41: 4975 ===
13:18:45     вердикт: RED
13:18:45 === #42: 5025 ===
13:18:50     вердикт: RED
13:18:50 === #43: 4974 ===
13:18:54     вердикт: RED
13:18:54 === #44: 5026 ===
13:18:58     вердикт: RED
13:18:59 === #45: 4973 ===
13:19:03     вердикт: RED
13:19:03 === #46: 5027 ===
13:19:07     вердикт: RED
13:19:07 === #47: 4972 ===
13:19:11     вердикт: RED
13:19:11 === #48: 5028 ===
13:19:15     вердикт: RED
13:19:15 === #49: 4971 ===
13:19:19     вердикт: RED
13:19:19 === #50: 5029 ===
13:19:23     вердикт: RED
13:19:23 === #51: 4970 ===
13:19:27     вердикт: RED
13:19:27 === #52: 5030 ===
13:19:31     вердикт: RED
13:19:31 === #53: 4969 ===
13:19:35     вердикт: RED
13:19:35 === #54: 5031 ===
13:19:39     вердикт: RED
13:19:39 === #55: 4968 ===
13:19:43     вердикт: RED
13:19:43 === #56: 5032 ===
13:19:47     вердикт: RED
13:19:48 === #57: 4967 ===
13:19:52     вердикт: RED
13:19:52 === #58: 5033 ===
13:19:56     вердикт: RED
13:19:56 === #59: 4966 ===
13:20:00     вердикт: RED
13:20:01 === #60: 5034 ===
13:20:05     вердикт: RED
13:20:05 === #61: 4965 ===
13:20:10     вердикт: RED
13:20:10 === #62: 5035 ===
13:20:14     вердикт: RED
13:20:14 === #63: 4964 ===
13:20:19     вердикт: RED
13:20:19 === #64: 5036 ===
13:20:23     вердикт: RED
13:20:23 === #65: 4963 ===
13:20:27     вердикт: RED
13:20:27 === #66: 5037 ===
13:20:32     вердикт: RED
13:20:32 === #67: 4962 ===
13:20:36     вердикт: RED
13:20:36 === #68: 5038 ===
13:20:40     вердикт: RED
13:20:40 === #69: 4961 ===
13:20:44     вердикт: RED
13:20:44 === #70: 5039 ===
13:20:48     вердикт: RED
13:20:48 === #71: 4960 ===
13:20:52     вердикт: RED
13:20:52 === #72: 5040 ===
13:20:56     вердикт: RED
13:20:56 === #73: 4959 ===
13:21:00     вердикт: RED
13:21:00 === #74: 5041 ===
13:21:04     вердикт: RED
13:21:05 === #75: 4958 ===
13:21:09     вердикт: RED
13:21:09 === #76: 5042 ===
13:21:13     вердикт: RED
13:21:13 === #77: 4957 ===
13:21:18     вердикт: RED
13:21:18 === #78: 5043 ===
13:21:22     вердикт: RED
13:21:22 === #79: 4956 ===
13:21:26     вердикт: RED
13:21:27 === #80: 5044 ===
13:21:31     вердикт: RED
13:21:31 === #81: 4955 ===
13:21:36     вердикт: RED
13:21:36 === #82: 5045 ===
13:21:40     вердикт: RED
13:21:40 === #83: 4954 ===
13:21:45     вердикт: RED
13:21:45 === #84: 5046 ===
13:21:49     вердикт: RED
13:21:50 === #85: 4953 ===
13:21:54     вердикт: RED
13:21:54 === #86: 5047 ===
13:21:58     вердикт: RED
13:21:59 === #87: 4952 ===
13:22:03     вердикт: RED
13:22:03 === #88: 5048 ===
13:22:07     вердикт: RED
13:22:07 === #89: 4951 ===
13:22:11     вердикт: RED
13:22:11 === #90: 5049 ===
13:22:16     вердикт: RED
13:22:16 === #91: 4950 ===
13:22:20     вердикт: RED
13:22:20 === #92: 5050 ===
13:22:24     вердикт: RED
13:22:24 === #93: 4949 ===
13:22:28     вердикт: RED
13:22:28 === #94: 5051 ===
13:22:32     вердикт: RED
13:22:32 === #95: 4948 ===
13:22:36     вердикт: RED
13:22:37 === #96: 5052 ===
13:22:41     вердикт: RED
13:22:41 === #97: 4947 ===
13:22:45     вердикт: RED
13:22:45 === #98: 5053 ===
13:22:50     вердикт: RED
13:22:50 === #99: 4946 ===
13:22:54     вердикт: RED
13:22:54 === #100: 5054 ===
13:22:59     вердикт: RED
13:22:59 === #101: 4945 ===
13:23:04     вердикт: RED
13:23:04 === #102: 5055 ===
13:23:08     вердикт: RED
13:23:08 === #103: 4944 ===
13:23:13     вердикт: RED
13:23:13 === #104: 5056 ===
13:23:17     вердикт: RED
13:23:18 === #105: 4943 ===
13:23:22     вердикт: RED
13:23:22 === #106: 5057 ===
13:23:26     вердикт: RED
13:23:26 === #107: 4942 ===
13:23:31     вердикт: RED
13:23:31 === #108: 5058 ===
13:23:35     вердикт: RED
13:23:35 === #109: 4941 ===
13:23:39     вердикт: RED
13:23:39 === #110: 5059 ===
13:23:43     вердикт: RED
13:23:44 === #111: 4940 ===
13:23:47     вердикт: RED
13:23:48 === #112: 5060 ===
13:23:51     вердикт: RED
13:23:52 === #113: 4939 ===
13:23:55     вердикт: RED
13:23:55 === #114: 5061 ===
13:23:59     вердикт: RED
13:24:00 === #115: 4938 ===
13:24:04     вердикт: RED
13:24:04 === #116: 5062 ===
13:24:08     вердикт: RED
13:24:08 === #117: 4937 ===
13:24:12     вердикт: RED
13:24:12 === #118: 5063 ===
13:24:16     вердикт: RED
13:24:17 === #119: 4936 ===
13:24:21     вердикт: RED
13:24:21 === #120: 5064 ===
13:24:25     вердикт: RED
13:24:25 === #121: 4935 ===
13:24:30     вердикт: RED
13:24:30 === #122: 5065 ===
13:24:34     вердикт: RED
13:24:35 === #123: 4934 ===
13:24:39     вердикт: RED
13:24:39 === #124: 5066 ===
13:24:43     вердикт: RED
13:24:43 === #125: 4933 ===
13:24:48     вердикт: RED
13:24:48 === #126: 5067 ===
13:24:52     вердикт: RED
13:24:52 === #127: 4932 ===
13:24:56     вердикт: RED
13:24:56 === #128: 5068 ===
13:25:00     вердикт: RED
13:25:00 === #129: 4931 ===
13:25:04     вердикт: RED
13:25:05 === #130: 5069 ===
13:25:09     вердикт: RED
13:25:09 === #131: 4930 ===
13:25:12     вердикт: RED
13:25:13 === #132: 5070 ===
13:25:16     вердикт: RED
13:25:16 === #133: 4929 ===
13:25:20     вердикт: RED
13:25:20 === #134: 5071 ===
13:25:24     вердикт: RED
13:25:24 === #135: 4928 ===
13:25:28     вердикт: RED
13:25:28 === #136: 5072 ===
13:25:32     вердикт: RED
13:25:33 === #137: 4927 ===
13:25:37     вердикт: RED
13:25:37 === #138: 5073 ===
13:25:41     вердикт: RED
13:25:41 === #139: 4926 ===
13:25:45     вердикт: RED
13:25:45 === #140: 5074 ===
13:25:49     вердикт: RED
13:25:50 === #141: 4925 ===
13:25:54     вердикт: RED
13:25:54 === #142: 5075 ===
13:25:58     вердикт: RED
13:25:59 === #143: 4924 ===
13:26:03     вердикт: RED
13:26:03 === #144: 5076 ===
13:26:07     вердикт: RED
13:26:07 === #145: 4923 ===
13:26:11     вердикт: RED
13:26:11 === #146: 5077 ===
13:26:15     вердикт: RED
13:26:16 === #147: 4922 ===
13:26:19     вердикт: RED
13:26:20 === #148: 5078 ===
13:26:24     вердикт: RED
13:26:24 === #149: 4921 ===
13:26:28     вердикт: RED
13:26:28 === #150: 5079 ===
13:26:32     вердикт: RED
13:26:32 === #151: 4920 ===
13:26:35     вердикт: RED
13:26:36 === #152: 5080 ===
13:26:39     вердикт: RED
13:26:39 === #153: 4919 ===
13:26:43     вердикт: RED
13:26:43 === #154: 5081 ===
13:26:47     вердикт: RED
13:26:47 === #155: 4918 ===
13:26:51     вердикт: RED
13:26:51 === #156: 5082 ===
13:26:55     вердикт: RED
13:26:55 === #157: 4917 ===
13:26:59     вердикт: RED
13:26:59 === #158: 5083 ===
13:27:03     вердикт: RED
13:27:03 === #159: 4916 ===
13:27:07     вердикт: RED
13:27:07 === #160: 5084 ===
13:27:12     вердикт: RED
13:27:12 === #161: 4915 ===
13:27:16     вердикт: RED
13:27:16 === #162: 5085 ===
13:27:20     вердикт: RED
13:27:20 === #163: 4914 ===
13:27:24     вердикт: RED
13:27:24 === #164: 5086 ===
13:27:29     вердикт: RED
13:27:29 === #165: 4913 ===
13:27:33     вердикт: RED
13:27:33 === #166: 5087 ===
13:27:37     вердикт: RED
13:27:37 === #167: 4912 ===
13:27:41     вердикт: RED
13:27:41 === #168: 5088 ===
13:27:45     вердикт: RED
13:27:45 === #169: 4911 ===
13:27:48     вердикт: RED
13:27:49 === #170: 5089 ===
13:27:52     вердикт: RED
13:27:52 === #171: 4910 ===
13:27:56     вердикт: RED
13:27:56 === #172: 5090 ===
13:28:00     вердикт: RED
13:28:00 === #173: 4909 ===
13:28:03     вердикт: RED
13:28:03 === #174: 5091 ===
13:28:07     вердикт: RED
13:28:07 === #175: 4908 ===
13:28:11     вердикт: RED
13:28:11 === #176: 5092 ===
13:28:15     вердикт: RED
13:28:15 === #177: 4907 ===
13:28:19     вердикт: RED
13:28:19 === #178: 5093 ===
13:28:23     вердикт: RED
13:28:23 === #179: 4906 ===
13:28:27     вердикт: RED
13:28:27 === #180: 5094 ===
13:28:31     вердикт: RED
13:28:31 === #181: 4905 ===
13:28:35     вердикт: RED
13:28:35 === #182: 5095 ===
13:28:39     вердикт: RED
13:28:39 === #183: 4904 ===
13:28:43     вердикт: RED
13:28:43 === #184: 5096 ===
13:28:47     вердикт: RED
13:28:48 === #185: 4903 ===
13:28:51     вердикт: RED
13:28:51 === #186: 5097 ===
13:28:55     вердикт: RED
13:28:55 === #187: 4902 ===
13:28:59     вердикт: RED
13:28:59 === #188: 5098 ===
13:29:03     вердикт: RED
13:29:03 === #189: 4901 ===
13:29:07     вердикт: RED
13:29:07 === #190: 5099 ===
13:29:10     вердикт: RED
13:29:11 === #191: 4900 ===
13:29:14     вердикт: RED
13:29:14 === #192: 5100 ===
13:29:18     вердикт: RED
13:29:18 === #193: 4899 ===
13:29:21     вердикт: RED
13:29:21 === #194: 5101 ===
13:29:25     вердикт: RED
13:29:25 === #195: 4898 ===
13:29:29     вердикт: RED
13:29:29 === #196: 5102 ===
13:29:33     вердикт: RED
13:29:33 === #197: 4897 ===
13:29:37     вердикт: RED
13:29:37 === #198: 5103 ===
13:29:41     вердикт: RED
13:29:42 === #199: 4896 ===
13:29:46     вердикт: RED
13:29:46 === #200: 5104 ===
13:29:50     вердикт: RED
13:29:50 === #201: 4895 ===
13:29:54     вердикт: RED
13:29:54 === #202: 5105 ===
13:29:58     вердикт: RED
13:29:58 === #203: 4894 ===
13:30:03     вердикт: RED
13:30:03 === #204: 5106 ===
13:30:07     вердикт: RED
13:30:07 === #205: 4893 ===
13:30:11     вердикт: RED
13:30:11 === #206: 5107 ===
13:30:15     вердикт: RED
13:30:15 === #207: 4892 ===
13:30:19     вердикт: RED
13:30:19 === #208: 5108 ===
13:30:23     вердикт: RED
13:30:23 === #209: 4891 ===
13:30:27     вердикт: RED
13:30:27 === #210: 5109 ===
13:30:31     вердикт: RED
13:30:31 === #211: 4890 ===
13:30:34     вердикт: RED
13:30:35 === #212: 5110 ===
13:30:38     вердикт: RED
13:30:38 === #213: 4889 ===
13:30:42     вердикт: RED
13:30:42 === #214: 5111 ===
13:30:46     вердикт: RED
13:30:46 === #215: 4888 ===
13:30:50     вердикт: RED
13:30:51 === #216: 5112 ===
13:30:54     вердикт: RED
13:30:55 === #217: 4887 ===
13:30:59     вердикт: RED
13:30:59 === #218: 5113 ===
13:31:03     вердикт: RED
13:31:03 === #219: 4886 ===
13:31:07     вердикт: RED
13:31:07 === #220: 5114 ===
13:31:11     вердикт: RED
13:31:12 === #221: 4885 ===
13:31:16     вердикт: RED
13:31:16 === #222: 5115 ===
13:31:20     вердикт: RED
13:31:20 === #223: 4884 ===
13:31:25     вердикт: RED
13:31:25 === #224: 5116 ===
13:31:29     вердикт: RED
13:31:29 === #225: 4883 ===
13:31:33     вердикт: RED
13:31:33 === #226: 5117 ===
13:31:37     вердикт: RED
13:31:38 === #227: 4882 ===
13:31:42     вердикт: RED
13:31:42 === #228: 5118 ===
13:31:46     вердикт: RED
13:31:46 === #229: 4881 ===
13:31:50     вердикт: RED
13:31:50 === #230: 5119 ===
13:31:54     вердикт: RED
13:31:54 === #231: 4880 ===
13:31:57     вердикт: RED
13:31:58 === #232: 5120 ===
13:32:01     вердикт: RED
13:32:02 === #233: 4879 ===
13:32:06     вердикт: RED
13:32:06 === #234: 5121 ===
13:32:10     вердикт: RED
13:32:10 === #235: 4878 ===
13:32:14     вердикт: RED
13:32:14 === #236: 5122 ===
13:32:18     вердикт: RED
13:32:18 === #237: 4877 ===
13:32:22     вердикт: RED
13:32:22 === #238: 5123 ===
13:32:27     вердикт: RED
13:32:27 === #239: 4876 ===
13:32:31     вердикт: RED
13:32:31 === #240: 5124 ===
13:32:35     вердикт: RED
13:32:36 === #241: 4875 ===
13:32:40     вердикт: RED
13:32:40 === #242: 5125 ===
13:32:45     вердикт: RED
13:32:45 === #243: 4874 ===
13:32:49     вердикт: RED
13:32:49 === #244: 5126 ===
13:32:53     вердикт: RED
13:32:54 === #245: 4873 ===
13:32:58     вердикт: RED
13:32:58 === #246: 5127 ===
13:33:02     вердикт: RED
13:33:02 === #247: 4872 ===
13:33:07     вердикт: RED
13:33:07 === #248: 5128 ===
13:33:11     вердикт: RED
13:33:11 === #249: 4871 ===
13:33:15     вердикт: RED
13:33:15 === #250: 5129 ===
13:33:19     вердикт: RED
13:33:19 === #251: 4870 ===
13:33:23     вердикт: RED
13:33:23 === #252: 5130 ===
13:33:27     вердикт: RED
13:33:27 === #253: 4869 ===
13:33:31     вердикт: RED
13:33:31 === #254: 5131 ===
13:33:35     вердикт: RED
13:33:35 === #255: 4868 ===
13:33:40     вердикт: RED
13:33:40 === #256: 5132 ===
13:33:44     вердикт: RED
13:33:44 === #257: 4867 ===
13:33:48     вердикт: RED
13:33:49 === #258: 5133 ===
13:33:53     вердикт: RED
13:33:53 === #259: 4866 ===
13:33:57     вердикт: RED
13:33:58 === #260: 5134 ===
13:34:02     вердикт: RED
13:34:02 === #261: 4865 ===
13:34:07     вердикт: RED
13:34:07 === #262: 5135 ===
13:34:11     вердикт: RED
13:34:12 === #263: 4864 ===
13:34:16     вердикт: RED
13:34:16 === #264: 5136 ===
13:34:21     вердикт: RED
13:34:21 === #265: 4863 ===
13:34:25     вердикт: RED
13:34:25 === #266: 5137 ===
13:34:30     вердикт: RED
13:34:30 === #267: 4862 ===
13:34:34     вердикт: RED
13:34:34 === #268: 5138 ===
13:34:38     вердикт: RED
13:34:38 === #269: 4861 ===
13:34:43     вердикт: RED
13:34:43 === #270: 5139 ===
13:34:47     вердикт: RED
13:34:47 === #271: 4860 ===
13:34:51     вердикт: RED
13:34:51 === #272: 5140 ===
13:34:55     вердикт: RED
13:34:55 === #273: 4859 ===
13:34:59     вердикт: RED
13:35:00 === #274: 5141 ===
13:35:04     вердикт: RED
13:35:04 === #275: 4858 ===
13:35:08     вердикт: RED
13:35:08 === #276: 5142 ===
13:35:13     вердикт: RED
13:35:13 === #277: 4857 ===
13:35:17     вердикт: RED
13:35:18 === #278: 5143 ===
13:35:22     вердикт: RED
13:35:22 === #279: 4856 ===
13:35:27     вердикт: RED
13:35:27 === #280: 5144 ===
13:35:31     вердикт: RED
13:35:31 === #281: 4855 ===
13:35:36     вердикт: RED
13:35:36 === #282: 5145 ===
13:35:41     вердикт: RED
13:35:41 === #283: 4854 ===
13:35:46     вердикт: RED
13:35:46 === #284: 5146 ===
13:35:50     вердикт: RED
13:35:50 === #285: 4853 ===
13:35:55     вердикт: RED
13:35:55 === #286: 5147 ===
13:35:59     вердикт: RED
13:36:00 === #287: 4852 ===
13:36:04     вердикт: RED
13:36:04 === #288: 5148 ===
13:36:08     вердикт: RED
13:36:09 === #289: 4851 ===
13:36:13     вердикт: RED
13:36:13 === #290: 5149 ===
13:36:17     вердикт: RED
13:36:17 === #291: 4850 ===
13:36:21     вердикт: RED
13:36:21 === #292: 5150 ===
13:36:26     вердикт: RED
13:36:26 === #293: 4849 ===
13:36:30     вердикт: RED
13:36:30 === #294: 5151 ===
13:36:34     вердикт: RED
13:36:34 === #295: 4848 ===
13:36:39     вердикт: RED
13:36:39 === #296: 5152 ===
13:36:43     вердикт: RED
13:36:43 === #297: 4847 ===
13:36:48     вердикт: RED
13:36:48 === #298: 5153 ===
13:36:52     вердикт: RED
13:36:52 === #299: 4846 ===
13:36:57     вердикт: RED
13:36:57 === #300: 5154 ===
13:37:02     вердикт: RED
13:37:02 === #301: 4845 ===
13:37:06     вердикт: RED
13:37:07 === #302: 5155 ===
13:37:11     вердикт: RED
13:37:11 === #303: 4844 ===
13:37:16     вердикт: RED
13:37:16 === #304: 5156 ===
13:37:21     вердикт: RED
13:37:21 === #305: 4843 ===
13:37:25     вердикт: RED
13:37:25 === #306: 5157 ===
13:37:30     вердикт: RED
13:37:30 === #307: 4842 ===
13:37:34     вердикт: RED
13:37:34 === #308: 5158 ===
13:37:39     вердикт: RED
13:37:39 === #309: 4841 ===
13:37:43     вердикт: RED
13:37:43 === #310: 5159 ===
13:37:47     вердикт: RED
13:37:48 === #311: 4840 ===
13:37:52     вердикт: RED
13:37:52 === #312: 5160 ===
13:37:56     вердикт: RED
13:37:56 === #313: 4839 ===
13:38:00     вердикт: RED
13:38:00 === #314: 5161 ===
13:38:04     вердикт: RED
13:38:04 === #315: 4838 ===
13:38:08     вердикт: RED
13:38:09 === #316: 5162 ===
13:38:13     вердикт: RED
13:38:13 === #317: 4837 ===
13:38:17     вердикт: RED
13:38:17 === #318: 5163 ===
13:38:22     вердикт: RED
13:38:22 === #319: 4836 ===
13:38:26     вердикт: RED
13:38:26 === #320: 5164 ===
13:38:31     вердикт: RED
13:38:31 === #321: 4835 ===
13:38:36     вердикт: RED
13:38:36 === #322: 5165 ===
13:38:40     вердикт: RED
13:38:40 === #323: 4834 ===
13:38:45     вердикт: RED
13:38:45 === #324: 5166 ===
13:38:49     вердикт: RED
13:38:50 === #325: 4833 ===
13:38:54     вердикт: RED
13:38:54 === #326: 5167 ===
13:38:58     вердикт: RED
13:38:58 === #327: 4832 ===
13:39:02     вердикт: RED
13:39:03 === #328: 5168 ===
13:39:07     вердикт: RED
13:39:07 === #329: 4831 ===
13:39:11     вердикт: RED
13:39:11 === #330: 5169 ===
13:39:15     вердикт: RED
13:39:15 === #331: 4830 ===
13:39:19     вердикт: RED
13:39:19 === #332: 5170 ===
13:39:23     вердикт: RED
13:39:23 === #333: 4829 ===
13:39:27     вердикт: RED
13:39:28 === #334: 5171 ===
13:39:32     вердикт: RED
13:39:32 === #335: 4828 ===
13:39:36     вердикт: RED
13:39:36 === #336: 5172 ===
13:39:40     вердикт: RED
13:39:40 === #337: 4827 ===
13:39:44     вердикт: RED
13:39:44 === #338: 5173 ===
13:39:49     вердикт: RED
13:39:49 === #339: 4826 ===
13:39:53     вердикт: RED
13:39:53 === #340: 5174 ===
13:39:57     вердикт: RED
13:39:58 === #341: 4825 ===
13:40:02     вердикт: RED
13:40:02 === #342: 5175 ===
13:40:07     вердикт: RED
13:40:07 === #343: 4824 ===
13:40:11     вердикт: RED
13:40:11 === #344: 5176 ===
13:40:16     вердикт: RED
13:40:16 === #345: 4823 ===
13:40:20     вердикт: RED
13:40:20 === #346: 5177 ===
13:40:24     вердикт: RED
13:40:24 === #347: 4822 ===
13:40:28     вердикт: RED
13:40:29 === #348: 5178 ===
13:40:33     вердикт: RED
13:40:33 === #349: 4821 ===
13:40:37     вердикт: RED
13:40:37 === #350: 5179 ===
13:40:41     вердикт: RED
13:40:41 === #351: 4820 ===
13:40:45     вердикт: RED
13:40:45 === #352: 5180 ===
13:40:49     вердикт: RED
13:40:49 === #353: 4819 ===
13:40:52     вердикт: RED
13:40:53 === #354: 5181 ===
13:40:57     вердикт: RED
13:40:57 === #355: 4818 ===
13:41:00     вердикт: RED
13:41:01 === #356: 5182 ===
13:41:05     вердикт: RED
13:41:05 === #357: 4817 ===
13:41:09     вердикт: RED
13:41:09 === #358: 5183 ===
13:41:13     вердикт: RED
13:41:13 === #359: 4816 ===
13:41:17     вердикт: RED
13:41:18 === #360: 5184 ===
13:41:22     вердикт: RED
13:41:22 === #361: 4815 ===
13:41:26     вердикт: RED
13:41:26 === #362: 5185 ===
13:41:31     вердикт: RED
13:41:31 === #363: 4814 ===
13:41:35     вердикт: RED
13:41:35 === #364: 5186 ===
13:41:39     вердикт: RED
13:41:40 === #365: 4813 ===
13:41:44     вердикт: RED
13:41:44 === #366: 5187 ===
13:41:48     вердикт: RED
13:41:48 === #367: 4812 ===
13:41:52     вердикт: RED
13:41:52 === #368: 5188 ===
13:41:56     вердикт: RED
13:41:56 === #369: 4811 ===
13:42:00     вердикт: RED
13:42:00 === #370: 5189 ===
13:42:04     вердикт: RED
13:42:04 === #371: 4810 ===
13:42:08     вердикт: RED
13:42:08 === #372: 5190 ===
13:42:12     вердикт: RED
13:42:12 === #373: 4809 ===
13:42:15     вердикт: RED
13:42:16 === #374: 5191 ===
13:42:19     вердикт: RED
13:42:19 === #375: 4808 ===
13:42:23     вердикт: RED
13:42:23 === #376: 5192 ===
13:42:27     вердикт: RED
13:42:27 === #377: 4807 ===
13:42:31     вердикт: RED
13:42:31 === #378: 5193 ===
13:42:35     вердикт: RED
13:42:35 === #379: 4806 ===
13:42:39     вердикт: RED
13:42:40 === #380: 5194 ===
13:42:44     вердикт: RED
13:42:44 === #381: 4805 ===
13:42:48     вердикт: RED
13:42:48 === #382: 5195 ===
13:42:52     вердикт: RED
13:42:52 === #383: 4804 ===
13:42:56     вердикт: RED
13:42:56 === #384: 5196 ===
13:43:01     вердикт: RED
13:43:01 === #385: 4803 ===
13:43:05     вердикт: RED
13:43:05 === #386: 5197 ===
13:43:09     вердикт: RED
13:43:09 === #387: 4802 ===
13:43:13     вердикт: RED
13:43:13 === #388: 5198 ===
13:43:17     вердикт: RED
13:43:17 === #389: 4801 ===
13:43:21     вердикт: RED
13:43:21 === #390: 5199 ===
13:43:24     вердикт: RED
13:43:25 === #391: 4800 ===
13:43:28     вердикт: RED
13:43:28 === #392: 5200 ===
13:43:32     вердикт: RED
13:43:32 === #393: 4799 ===
13:43:36     вердикт: RED
13:43:36 === #394: 5201 ===
13:43:40     вердикт: RED
13:43:40 === #395: 4798 ===
13:43:44     вердикт: RED
13:43:44 === #396: 5202 ===
13:43:48     вердикт: RED
13:43:48 === #397: 4797 ===
13:43:52     вердикт: RED
13:43:52 === #398: 5203 ===
13:43:56     вердикт: RED
13:43:57 === #399: 4796 ===
13:44:01     вердикт: RED
13:44:01 === #400: 5204 ===
13:44:05     вердикт: RED
13:44:05 === #401: 4795 ===
13:44:10     вердикт: RED
13:44:10 === #402: 5205 ===
13:44:14     вердикт: RED
13:44:14 === #403: 4794 ===
13:44:18     вердикт: RED
13:44:19 === #404: 5206 ===
13:44:23     вердикт: RED
13:44:23 === #405: 4793 ===
13:44:27     вердикт: RED
13:44:27 === #406: 5207 ===
13:44:31     вердикт: RED
13:44:31 === #407: 4792 ===
13:44:35     вердикт: RED
13:44:35 === #408: 5208 ===
13:44:39     вердикт: RED
13:44:40 === #409: 4791 ===
13:44:43     вердикт: RED
13:44:44 === #410: 5209 ===
13:44:47     вердикт: RED
13:44:47 === #411: 4790 ===
13:44:51     вердикт: RED
13:44:51 === #412: 5210 ===
13:44:55     вердикт: RED
13:44:55 === #413: 4789 ===
13:44:59     вердикт: RED
13:44:59 === #414: 5211 ===
13:45:03     вердикт: RED
13:45:03 === #415: 4788 ===
13:45:07     вердикт: RED
13:45:08 === #416: 5212 ===
13:45:12     вердикт: RED
13:45:12 === #417: 4787 ===
13:45:16     вердикт: RED
13:45:16 === #418: 5213 ===
13:45:20     вердикт: RED
13:45:20 === #419: 4786 ===
13:45:25     вердикт: RED
13:45:25 === #420: 5214 ===
13:45:29     вердикт: RED
13:45:29 === #421: 4785 ===
13:45:34     вердикт: RED
13:45:34 === #422: 5215 ===
13:45:39     вердикт: RED
13:45:39 === #423: 4784 ===
13:45:43     вердикт: RED
13:45:43 === #424: 5216 ===
13:45:47     вердикт: RED
13:45:48 === #425: 4783 ===
13:45:52     вердикт: RED
13:45:52 === #426: 5217 ===
13:45:56     вердикт: RED
13:45:56 === #427: 4782 ===
13:46:00     вердикт: RED
13:46:00 === #428: 5218 ===
13:46:05     вердикт: RED
13:46:05 === #429: 4781 ===
13:46:09     вердикт: RED
13:46:09 === #430: 5219 ===
13:46:13     вердикт: RED
13:46:13 === #431: 4780 ===
13:46:17     вердикт: RED
13:46:17 === #432: 5220 ===
13:46:21     вердикт: RED
13:46:21 === #433: 4779 ===
13:46:25     вердикт: RED
13:46:25 === #434: 5221 ===
13:46:29     вердикт: RED
13:46:29 === #435: 4778 ===
13:46:34     вердикт: RED
13:46:34 === #436: 5222 ===
13:46:38     вердикт: RED
13:46:38 === #437: 4777 ===
13:46:42     вердикт: RED
13:46:42 === #438: 5223 ===
13:46:47     вердикт: RED
13:46:47 === #439: 4776 ===
13:46:51     вердикт: RED
13:46:51 === #440: 5224 ===
13:46:56     вердикт: RED
13:46:56 === #441: 4775 ===
13:47:01     вердикт: RED
13:47:01 === #442: 5225 ===
13:47:05     вердикт: RED
13:47:05 === #443: 4774 ===
13:47:10     вердикт: RED
13:47:10 === #444: 5226 ===
13:47:14     вердикт: RED
13:47:14 === #445: 4773 ===
13:47:19     вердикт: RED
13:47:19 === #446: 5227 ===
13:47:23     вердикт: RED
13:47:23 === #447: 4772 ===
13:47:27     вердикт: RED
13:47:28 === #448: 5228 ===
13:47:32     вердикт: RED
13:47:32 === #449: 4771 ===
13:47:36     вердикт: RED
13:47:36 === #450: 5229 ===
13:47:40     вердикт: RED
13:47:40 === #451: 4770 ===
13:47:44     вердикт: RED
13:47:44 === #452: 5230 ===
13:47:48     вердикт: RED
13:47:48 === #453: 4769 ===
13:47:53     вердикт: RED
13:47:53 === #454: 5231 ===
13:47:57     вердикт: RED
13:47:57 === #455: 4768 ===
13:48:01     вердикт: RED
13:48:02 === #456: 5232 ===
13:48:06     вердикт: RED
13:48:06 === #457: 4767 ===
13:48:11     вердикт: RED
13:48:11 === #458: 5233 ===
13:48:15     вердикт: RED
13:48:15 === #459: 4766 ===
13:48:20     вердикт: RED
13:48:20 === #460: 5234 ===
13:48:24     вердикт: RED
13:48:25 === #461: 4765 ===
13:48:29     вердикт: RED
13:48:29 === #462: 5235 ===
13:48:34     вердикт: RED
13:48:34 === #463: 4764 ===
13:48:39     вердикт: RED
13:48:39 === #464: 5236 ===
13:48:43     вердикт: RED
13:48:44 === #465: 4763 ===
13:48:48     вердикт: RED
13:48:48 === #466: 5237 ===
13:48:53     вердикт: RED
13:48:53 === #467: 4762 ===
13:48:57     вердикт: RED
13:48:57 === #468: 5238 ===
13:49:01     вердикт: RED
13:49:02 === #469: 4761 ===
13:49:06     вердикт: RED
13:49:06 === #470: 5239 ===
13:49:10     вердикт: RED
13:49:10 === #471: 4760 ===
13:49:14     вердикт: RED
13:49:14 === #472: 5240 ===
13:49:19     вердикт: RED
13:49:19 === #473: 4759 ===
13:49:23     вердикт: RED
13:49:23 === #474: 5241 ===
13:49:27     вердикт: RED
13:49:28 === #475: 4758 ===
13:49:32     вердикт: RED
13:49:32 === #476: 5242 ===
13:49:37     вердикт: RED
13:49:37 === #477: 4757 ===
13:49:41     вердикт: RED
13:49:41 === #478: 5243 ===
13:49:46     вердикт: RED
13:49:46 === #479: 4756 ===
13:49:51     вердикт: RED
13:49:51 === #480: 5244 ===
13:49:56     вердикт: RED
13:49:56 === #481: 4755 ===
13:50:01     вердикт: RED
13:50:01 === #482: 5245 ===
13:50:05     вердикт: RED
13:50:06 === #483: 4754 ===
13:50:10     вердикт: RED
13:50:10 === #484: 5246 ===
13:50:15     вердикт: RED
13:50:15 === #485: 4753 ===
13:50:20     вердикт: RED
13:50:20 === #486: 5247 ===
13:50:24     вердикт: RED
13:50:25 === #487: 4752 ===
13:50:29     вердикт: RED
13:50:29 === #488: 5248 ===
13:50:34     вердикт: RED
13:50:34 === #489: 4751 ===
13:50:38     вердикт: RED
13:50:38 === #490: 5249 ===
13:50:42     вердикт: RED
13:50:43 === #491: 4750 ===
13:50:47     вердикт: RED
13:50:47 === #492: 5250 ===
13:50:51     вердикт: RED
13:50:51 === #493: 4749 ===
13:50:56     вердикт: RED
13:50:56 === #494: 5251 ===
13:51:00     вердикт: RED
13:51:00 === #495: 4748 ===
13:51:05     вердикт: RED
13:51:05 === #496: 5252 ===
13:51:09     вердикт: RED
13:51:09 === #497: 4747 ===
13:51:14     вердикт: RED
13:51:14 === #498: 5253 ===
13:51:19     вердикт: RED
13:51:19 === #499: 4746 ===
13:51:24     вердикт: RED
13:51:24 === #500: 5254 ===
13:51:28     вердикт: RED
13:51:28 === #501: 4745 ===
13:51:33     вердикт: RED
13:51:33 === #502: 5255 ===
13:51:38     вердикт: RED
13:51:38 === #503: 4744 ===
13:51:43     вердикт: RED
13:51:43 === #504: 5256 ===
13:51:48     вердикт: RED
13:51:48 === #505: 4743 ===
13:51:52     вердикт: RED
13:51:53 === #506: 5257 ===
13:51:57     вердикт: RED
13:51:57 === #507: 4742 ===
13:52:02     вердикт: RED
13:52:02 === #508: 5258 ===
13:52:06     вердикт: RED
13:52:06 === #509: 4741 ===
13:52:11     вердикт: RED
13:52:11 === #510: 5259 ===
13:52:15     вердикт: RED
13:52:15 === #511: 4740 ===
13:52:19     вердикт: RED
13:52:20 === #512: 5260 ===
13:52:24     вердикт: RED
13:52:24 === #513: 4739 ===
13:52:28     вердикт: RED
13:52:28 === #514: 5261 ===
13:52:33     вердикт: RED
13:52:33 === #515: 4738 ===
13:52:37     вердикт: RED
13:52:37 === #516: 5262 ===
13:52:42     вердикт: RED
13:52:42 === #517: 4737 ===
13:52:46     вердикт: RED
13:52:46 === #518: 5263 ===
13:52:51     вердикт: RED
13:52:51 === #519: 4736 ===
13:52:55     вердикт: RED
13:52:56 === #520: 5264 ===
13:53:00     вердикт: RED
13:53:00 === #521: 4735 ===
13:53:05     вердикт: RED
13:53:05 === #522: 5265 ===
13:53:10     вердикт: RED
13:53:10 === #523: 4734 ===
13:53:14     вердикт: RED
13:53:15 === #524: 5266 ===
13:53:19     вердикт: RED
13:53:19 === #525: 4733 ===
13:53:24     вердикт: RED
13:53:24 === #526: 5267 ===
13:53:28     вердикт: RED
13:53:29 === #527: 4732 ===
13:53:33     вердикт: RED
13:53:33 === #528: 5268 ===
13:53:37     вердикт: RED
13:53:37 === #529: 4731 ===
13:53:41     вердикт: RED
13:53:42 === #530: 5269 ===
13:53:46     вердикт: RED
13:53:46 === #531: 4730 ===
13:53:50     вердикт: RED
13:53:50 === #532: 5270 ===
13:53:54     вердикт: RED
13:53:54 === #533: 4729 ===
13:53:58     вердикт: RED
13:53:58 === #534: 5271 ===
13:54:02     вердикт: RED
13:54:03 === #535: 4728 ===
13:54:07     вердикт: RED
13:54:07 === #536: 5272 ===
13:54:11     вердикт: RED
13:54:11 === #537: 4727 ===
13:54:15     вердикт: RED
13:54:16 === #538: 5273 ===
13:54:20     вердикт: RED
13:54:20 === #539: 4726 ===
13:54:24     вердикт: RED
13:54:25 === #540: 5274 ===
13:54:29     вердикт: RED
13:54:29 === #541: 4725 ===
13:54:34     вердикт: RED
13:54:34 === #542: 5275 ===
13:54:39     вердикт: RED
13:54:39 === #543: 4724 ===
13:54:43     вердикт: RED
13:54:43 === #544: 5276 ===
13:54:48     вердикт: RED
13:54:48 === #545: 4723 ===
13:54:52     вердикт: RED
13:54:52 === #546: 5277 ===
13:54:57     вердикт: RED
13:54:57 === #547: 4722 ===
13:55:01     вердикт: RED
13:55:01 === #548: 5278 ===
13:55:05     вердикт: RED
13:55:05 === #549: 4721 ===
13:55:09     вердикт: RED
13:55:10 === #550: 5279 ===
13:55:14     вердикт: RED
13:55:14 === #551: 4720 ===
13:55:18     вердикт: RED
13:55:18 === #552: 5280 ===
13:55:22     вердикт: RED
13:55:22 === #553: 4719 ===
13:55:26     вердикт: RED
13:55:26 === #554: 5281 ===
13:55:30     вердикт: RED
13:55:30 === #555: 4718 ===
13:55:34     вердикт: RED
13:55:34 === #556: 5282 ===
13:55:39     вердикт: RED
13:55:39 === #557: 4717 ===
13:55:43     вердикт: RED
13:55:43 === #558: 5283 ===
13:55:47     вердикт: RED
13:55:47 === #559: 4716 ===
13:55:52     вердикт: RED
13:55:52 === #560: 5284 ===
13:55:56     вердикт: RED
13:55:56 === #561: 4715 ===
13:56:01     вердикт: RED
13:56:01 === #562: 5285 ===
13:56:05     вердикт: RED
13:56:05 === #563: 4714 ===
13:56:10     вердикт: RED
13:56:10 === #564: 5286 ===
13:56:14     вердикт: RED
13:56:14 === #565: 4713 ===
13:56:18     вердикт: RED
13:56:19 === #566: 5287 ===
13:56:23     вердикт: RED
13:56:23 === #567: 4712 ===
13:56:27     вердикт: RED
13:56:27 === #568: 5288 ===
13:56:31     вердикт: RED
13:56:31 === #569: 4711 ===
13:56:35     вердикт: RED
13:56:35 === #570: 5289 ===
13:56:39     вердикт: RED
13:56:40 === #571: 4710 ===
13:56:43     вердикт: RED
13:56:43 === #572: 5290 ===
13:56:47     вердикт: RED
13:56:47 === #573: 4709 ===
13:56:51     вердикт: RED
13:56:51 === #574: 5291 ===
13:56:55     вердикт: RED
13:56:55 === #575: 4708 ===
13:56:59     вердикт: RED
13:56:59 === #576: 5292 ===
13:57:03     вердикт: RED
13:57:03 === #577: 4707 ===
13:57:07     вердикт: RED
13:57:07 === #578: 5293 ===
13:57:11     вердикт: RED
13:57:12 === #579: 4706 ===
13:57:16     вердикт: RED
13:57:16 === #580: 5294 ===
13:57:20     вердикт: RED
13:57:20 === #581: 4705 ===
13:57:25     вердикт: RED
13:57:25 === #582: 5295 ===
13:57:29     вердикт: RED
13:57:29 === #583: 4704 ===
13:57:33     вердикт: RED
13:57:34 === #584: 5296 ===
13:57:38     вердикт: RED
13:57:38 === #585: 4703 ===
13:57:42     вердикт: RED
13:57:42 === #586: 5297 ===
13:57:46     вердикт: RED
13:57:46 === #587: 4702 ===
13:57:50     вердикт: RED
13:57:50 === #588: 5298 ===
13:57:54     вердикт: RED
13:57:55 === #589: 4701 ===
13:57:58     вердикт: RED
13:57:59 === #590: 5299 ===
13:58:02     вердикт: RED
13:58:03 === #591: 4700 ===
13:58:06     вердикт: RED
13:58:06 === #592: 5300 ===
13:58:10     вердикт: RED
13:58:10 === #593: 4699 ===
13:58:14     вердикт: RED
13:58:14 === #594: 5301 ===
13:58:18     вердикт: RED
13:58:18 === #595: 4698 ===
13:58:23     вердикт: RED
13:58:23 === #596: 5302 ===
13:58:27     вердикт: RED
13:58:27 === #597: 4697 ===
13:58:31     вердикт: RED
13:58:31 === #598: 5303 ===
13:58:35     вердикт: RED
13:58:36 === #599: 4696 ===
13:58:40     вердикт: RED
13:58:40 === #600: 5304 ===
13:58:44     вердикт: RED
13:58:45 === #601: 4695 ===
13:58:49     вердикт: RED
13:58:49 === #602: 5305 ===
13:58:54     вердикт: RED
13:58:54 === #603: 4694 ===
13:58:58     вердикт: RED
13:58:58 === #604: 5306 ===
13:59:02     вердикт: RED
13:59:03 === #605: 4693 ===
13:59:07     вердикт: RED
13:59:07 === #606: 5307 ===
13:59:11     вердикт: RED
13:59:11 === #607: 4692 ===
13:59:15     вердикт: RED
13:59:15 === #608: 5308 ===
13:59:19     вердикт: RED
13:59:20 === #609: 4691 ===
13:59:24     вердикт: RED
13:59:24 === #610: 5309 ===
13:59:28     вердикт: RED
13:59:28 === #611: 4690 ===
13:59:32     вердикт: RED
13:59:32 === #612: 5310 ===
13:59:36     вердикт: RED
13:59:36 === #613: 4689 ===
13:59:40     вердикт: RED
13:59:40 === #614: 5311 ===
13:59:44     вердикт: RED
13:59:44 === #615: 4688 ===
13:59:48     вердикт: RED
13:59:49 === #616: 5312 ===
13:59:53     вердикт: RED
13:59:53 === #617: 4687 ===
13:59:57     вердикт: RED
13:59:57 === #618: 5313 ===
14:00:02     вердикт: RED
14:00:02 === #619: 4686 ===
14:00:06     вердикт: RED
14:00:06 === #620: 5314 ===
14:00:11     вердикт: RED
14:00:11 === #621: 4685 ===
14:00:15     вердикт: RED
14:00:16 === #622: 5315 ===
14:00:20     вердикт: RED
14:00:20 === #623: 4684 ===
14:00:25     вердикт: RED
14:00:25 === #624: 5316 ===
14:00:29     вердикт: RED
14:00:29 === #625: 4683 ===
14:00:34     вердикт: RED
14:00:34 === #626: 5317 ===
14:00:38     вердикт: RED
14:00:38 === #627: 4682 ===
14:00:42     вердикт: RED
14:00:42 === #628: 5318 ===
14:00:47     вердикт: RED
14:00:47 === #629: 4681 ===
14:00:51     вердикт: RED
14:00:51 === #630: 5319 ===
14:00:55     вердикт: RED
14:00:55 === #631: 4680 ===
14:00:59     вердикт: RED
14:00:59 === #632: 5320 ===
14:01:03     вердикт: RED
14:01:04 === #633: 4679 ===
14:01:08     вердикт: RED
14:01:08 === #634: 5321 ===
14:01:12     вердикт: RED
14:01:12 === #635: 4678 ===
14:01:17     вердикт: RED
14:01:17 === #636: 5322 ===
14:01:21     вердикт: RED
14:01:21 === #637: 4677 ===
14:01:26     вердикт: RED
14:01:26 === #638: 5323 ===
14:01:30     вердикт: RED
14:01:30 === #639: 4676 ===
14:01:35     вердикт: RED
14:01:35 === #640: 5324 ===
14:01:39     вердикт: RED
14:01:40 === #641: 4675 ===
14:01:44     вердикт: RED
14:01:44 === #642: 5325 ===
14:01:49     вердикт: RED
14:01:49 === #643: 4674 ===
14:01:54     вердикт: RED
14:01:54 === #644: 5326 ===
14:01:58     вердикт: RED
14:01:59 === #645: 4673 ===
14:02:03     вердикт: RED
14:02:03 === #646: 5327 ===
14:02:08     вердикт: RED
14:02:08 === #647: 4672 ===
14:02:12     вердикт: RED
14:02:12 === #648: 5328 ===
14:02:16     вердикт: RED
14:02:17 === #649: 4671 ===
14:02:21     вердикт: RED
14:02:21 === #650: 5329 ===
14:02:25     вердикт: RED
14:02:25 === #651: 4670 ===
14:02:29     вердикт: RED
14:02:30 === #652: 5330 ===
14:02:34     вердикт: RED
14:02:34 === #653: 4669 ===
14:02:38     вердикт: RED
14:02:38 === #654: 5331 ===
14:02:43     вердикт: RED
14:02:43 === #655: 4668 ===
14:02:47     вердикт: RED
14:02:47 === #656: 5332 ===
14:02:52     вердикт: RED
14:02:52 === #657: 4667 ===
14:02:56     вердикт: RED
14:02:57 === #658: 5333 ===
14:03:01     вердикт: RED
14:03:01 === #659: 4666 ===
14:03:06     вердикт: RED
14:03:06 === #660: 5334 ===
14:03:11     вердикт: RED
14:03:11 === #661: 4665 ===
14:03:16     вердикт: RED
14:03:16 === #662: 5335 ===
14:03:21     вердикт: RED
14:03:21 === #663: 4664 ===
14:03:25     вердикт: RED
14:03:26 === #664: 5336 ===
14:03:30     вердикт: RED
14:03:30 === #665: 4663 ===
14:03:35     вердикт: RED
14:03:35 === #666: 5337 ===
14:03:40     вердикт: RED
14:03:40 === #667: 4662 ===
14:03:44     вердикт: RED
14:03:44 === #668: 5338 ===
14:03:49     вердикт: RED
14:03:49 === #669: 4661 ===
14:03:53     вердикт: RED
14:03:53 === #670: 5339 ===
14:03:58     вердикт: RED
14:03:58 === #671: 4660 ===
14:04:02     вердикт: RED
14:04:02 === #672: 5340 ===
14:04:07     вердикт: RED
14:04:07 === #673: 4659 ===
14:04:11     вердикт: RED
14:04:11 === #674: 5341 ===
14:04:16     вердикт: RED
14:04:16 === #675: 4658 ===
14:04:20     вердикт: RED
14:04:21 === #676: 5342 ===
14:04:25     вердикт: RED
14:04:25 === #677: 4657 ===
14:04:30     вердикт: RED
14:04:30 === #678: 5343 ===
14:04:35     вердикт: RED
14:04:35 === #679: 4656 ===
14:04:40     вердикт: RED
14:04:40 === #680: 5344 ===
14:04:44     вердикт: RED
14:04:45 === #681: 4655 ===
14:04:50     вердикт: RED
14:04:50 === #682: 5345 ===
14:04:55     вердикт: RED
14:04:55 === #683: 4654 ===
14:05:00     вердикт: RED
14:05:00 === #684: 5346 ===
14:05:05     вердикт: RED
14:05:05 === #685: 4653 ===
14:05:10     вердикт: RED
14:05:10 === #686: 5347 ===
14:05:14     вердикт: RED
14:05:14 === #687: 4652 ===
14:05:19     вердикт: RED
14:05:19 === #688: 5348 ===
14:05:24     вердикт: RED
14:05:24 === #689: 4651 ===
14:05:28     вердикт: RED
14:05:29 === #690: 5349 ===
14:05:33     вердикт: RED
14:05:33 === #691: 4650 ===
14:05:37     вердикт: RED
14:05:38 === #692: 5350 ===
14:05:42     вердикт: RED
14:05:42 === #693: 4649 ===
14:05:46     вердикт: RED
14:05:47 === #694: 5351 ===
14:05:51     вердикт: RED
14:05:51 === #695: 4648 ===
14:05:56     вердикт: RED
14:05:56 === #696: 5352 ===
14:06:00     вердикт: RED
14:06:01 === #697: 4647 ===
14:06:05     вердикт: RED
14:06:05 === #698: 5353 ===
14:06:10     вердикт: RED
14:06:10 === #699: 4646 ===
14:06:15     вердикт: RED
14:06:15 === #700: 5354 ===
14:06:20     вердикт: RED
14:06:20 === #701: 4645 ===
14:06:25     вердикт: RED
14:06:25 === #702: 5355 ===
14:06:30     вердикт: RED
14:06:30 === #703: 4644 ===
14:06:35     вердикт: RED
14:06:35 === #704: 5356 ===
14:06:40     вердикт: RED
14:06:40 === #705: 4643 ===
14:06:45     вердикт: RED
14:06:45 === #706: 5357 ===
14:06:50     вердикт: RED
14:06:50 === #707: 4642 ===
14:06:54     вердикт: RED
14:06:54 === #708: 5358 ===
14:06:59     вердикт: RED
14:06:59 === #709: 4641 ===
14:07:04     вердикт: RED
14:07:04 === #710: 5359 ===
14:07:08     вердикт: RED
14:07:08 === #711: 4640 ===
14:07:13     вердикт: RED
14:07:13 === #712: 5360 ===
14:07:17     вердикт: RED
14:07:17 === #713: 4639 ===
14:07:21     вердикт: RED
14:07:21 === #714: 5361 ===
14:07:26     вердикт: RED
14:07:26 === #715: 4638 ===
14:07:30     вердикт: RED
14:07:31 === #716: 5362 ===
14:07:35     вердикт: RED
14:07:35 === #717: 4637 ===
14:07:40     вердикт: RED
14:07:40 === #718: 5363 ===
14:07:44     вердикт: RED
14:07:45 === #719: 4636 ===
14:07:49     вердикт: RED
14:07:49 === #720: 5364 ===
14:07:54     вердикт: RED
14:07:54 === #721: 4635 ===
14:07:59     вердикт: RED
14:07:59 === #722: 5365 ===
14:08:04     вердикт: RED
14:08:04 === #723: 4634 ===
14:08:09     вердикт: RED
14:08:09 === #724: 5366 ===
14:08:13     вердикт: RED
14:08:14 === #725: 4633 ===
14:08:18     вердикт: RED
14:08:18 === #726: 5367 ===
14:08:23     вердикт: RED
14:08:23 === #727: 4632 ===
14:08:27     вердикт: RED
14:08:28 === #728: 5368 ===
14:08:32     вердикт: RED
14:08:32 === #729: 4631 ===
14:08:36     вердикт: RED
14:08:37 === #730: 5369 ===
14:08:41     вердикт: RED
14:08:41 === #731: 4630 ===
14:08:45     вердикт: RED
14:08:45 === #732: 5370 ===
14:08:50     вердикт: RED
14:08:50 === #733: 4629 ===
14:08:54     вердикт: RED
14:08:54 === #734: 5371 ===
14:08:58     вердикт: RED
14:08:58 === #735: 4628 ===
14:09:03     вердикт: RED
14:09:03 === #736: 5372 ===
14:09:07     вердикт: RED
14:09:07 === #737: 4627 ===
14:09:12     вердикт: RED
14:09:12 === #738: 5373 ===
14:09:16     вердикт: RED
14:09:16 === #739: 4626 ===
14:09:21     вердикт: RED
14:09:21 === #740: 5374 ===
14:09:26     вердикт: RED
14:09:26 === #741: 4625 ===
14:09:30     вердикт: RED
14:09:31 === #742: 5375 ===
14:09:35     вердикт: RED
14:09:35 === #743: 4624 ===
14:09:40     вердикт: RED
14:09:40 === #744: 5376 ===
14:09:45     вердикт: RED
14:09:45 === #745: 4623 ===
14:09:49     вердикт: RED
14:09:49 === #746: 5377 ===
14:09:54     вердикт: RED
14:09:54 === #747: 4622 ===
14:09:58     вердикт: RED
14:09:58 === #748: 5378 ===
14:10:03     вердикт: RED
14:10:03 === #749: 4621 ===
14:10:07     вердикт: RED
14:10:07 === #750: 5379 ===
14:10:11     вердикт: RED
14:10:12 === #751: 4620 ===
14:10:16     вердикт: RED
14:10:16 === #752: 5380 ===
14:10:20     вердикт: RED
14:10:20 === #753: 4619 ===
14:10:24     вердикт: RED
14:10:24 === #754: 5381 ===
14:10:28     вердикт: RED
14:10:28 === #755: 4618 ===
14:10:33     вердикт: RED
14:10:33 === #756: 5382 ===
14:10:37     вердикт: RED
14:10:37 === #757: 4617 ===
14:10:41     вердикт: RED
14:10:42 === #758: 5383 ===
14:10:46     вердикт: RED
14:10:46 === #759: 4616 ===
14:10:50     вердикт: RED
14:10:51 === #760: 5384 ===
14:10:55     вердикт: RED
14:10:55 === #761: 4615 ===
14:11:00     вердикт: RED
14:11:00 === #762: 5385 ===
14:11:04     вердикт: RED
14:11:04 === #763: 4614 ===
14:11:09     вердикт: RED
14:11:09 === #764: 5386 ===
14:11:13     вердикт: RED
14:11:14 === #765: 4613 ===
14:11:18     вердикт: RED
14:11:18 === #766: 5387 ===
14:11:22     вердикт: RED
14:11:22 === #767: 4612 ===
14:11:26     вердикт: RED
14:11:27 === #768: 5388 ===
14:11:31     вердикт: RED
14:11:31 === #769: 4611 ===
14:11:35     вердикт: RED
14:11:35 === #770: 5389 ===
14:11:39     вердикт: RED
14:11:39 === #771: 4610 ===
14:11:43     вердикт: RED
14:11:43 === #772: 5390 ===
14:11:47     вердикт: RED
14:11:47 === #773: 4609 ===
14:11:51     вердикт: RED
14:11:51 === #774: 5391 ===
14:11:55     вердикт: RED
14:11:55 === #775: 4608 ===
14:11:59     вердикт: RED
14:12:00 === #776: 5392 ===
14:12:04     вердикт: RED
14:12:04 === #777: 4607 ===
14:12:08     вердикт: RED
14:12:08 === #778: 5393 ===
14:12:12     вердикт: RED
14:12:12 === #779: 4606 ===
14:12:17     вердикт: RED
14:12:17 === #780: 5394 ===
14:12:21     вердикт: RED
14:12:21 === #781: 4605 ===
14:12:26     вердикт: RED
14:12:26 === #782: 5395 ===
14:12:30     вердикт: RED
14:12:30 === #783: 4604 ===
14:12:35     вердикт: RED
14:12:35 === #784: 5396 ===
14:12:39     вердикт: RED
14:12:39 === #785: 4603 ===
14:12:43     вердикт: RED
14:12:44 === #786: 5397 ===
14:12:48     вердикт: RED
14:12:48 === #787: 4602 ===
14:12:52     вердикт: RED
14:12:52 === #788: 5398 ===
14:12:56     вердикт: RED
14:12:56 === #789: 4601 ===
14:13:00     вердикт: RED
14:13:00 === #790: 5399 ===
14:13:04     вердикт: RED
14:13:04 === #791: 4600 ===
14:13:08     вердикт: RED
14:13:08 === #792: 5400 ===
14:13:12     вердикт: RED
14:13:12 === #793: 4599 ===
14:13:16     вердикт: RED
14:13:17 === #794: 5401 ===
14:13:21     вердикт: RED
14:13:21 === #795: 4598 ===
14:13:25     вердикт: RED
14:13:25 === #796: 5402 ===
14:13:29     вердикт: RED
14:13:29 === #797: 4597 ===
14:13:33     вердикт: RED
14:13:34 === #798: 5403 ===
14:13:38     вердикт: RED
14:13:38 === #799: 4596 ===
14:13:42     вердикт: RED
14:13:43 === #800: 5404 ===
14:13:47     вердикт: RED
14:13:47 === #801: 4595 ===
14:13:52     вердикт: RED
14:13:52 === #802: 5405 ===
14:13:56     вердикт: RED
14:13:56 === #803: 4594 ===
14:14:01     вердикт: RED
14:14:01 === #804: 5406 ===
14:14:05     вердикт: RED
14:14:06 === #805: 4593 ===
14:14:10     вердикт: RED
14:14:10 === #806: 5407 ===
14:14:14     вердикт: RED
14:14:14 === #807: 4592 ===
14:14:19     вердикт: RED
14:14:19 === #808: 5408 ===
14:14:23     вердикт: RED
14:14:23 === #809: 4591 ===
14:14:27     вердикт: RED
14:14:27 === #810: 5409 ===
14:14:31     вердикт: RED
14:14:32 === #811: 4590 ===
14:14:36     вердикт: RED
14:14:36 === #812: 5410 ===
14:14:40     вердикт: RED
14:14:40 === #813: 4589 ===
14:14:44     вердикт: RED
14:14:44 === #814: 5411 ===
14:14:48     вердикт: RED
14:14:48 === #815: 4588 ===
14:14:53     вердикт: RED
14:14:53 === #816: 5412 ===
14:14:57     вердикт: RED
14:14:57 === #817: 4587 ===
14:15:02     вердикт: RED
14:15:02 === #818: 5413 ===
14:15:06     вердикт: RED
14:15:06 === #819: 4586 ===
14:15:11     вердикт: RED
14:15:11 === #820: 5414 ===
14:15:16     вердикт: RED
14:15:16 === #821: 4585 ===
14:15:20     вердикт: RED
14:15:21 === #822: 5415 ===
14:15:25     вердикт: RED
14:15:25 === #823: 4584 ===
14:15:30     вердикт: RED
14:15:30 === #824: 5416 ===
14:15:35     вердикт: RED
14:15:35 === #825: 4583 ===
14:15:39     вердикт: RED
14:15:40 === #826: 5417 ===
14:15:44     вердикт: RED
14:15:44 === #827: 4582 ===
14:15:48     вердикт: RED
14:15:49 === #828: 5418 ===
14:15:53     вердикт: RED
14:15:53 === #829: 4581 ===
14:15:57     вердикт: RED
14:15:57 === #830: 5419 ===
14:16:01     вердикт: RED
14:16:02 === #831: 4580 ===
14:16:06     вердикт: RED
14:16:06 === #832: 5420 ===
14:16:10     вердикт: RED
14:16:10 === #833: 4579 ===
14:16:15     вердикт: RED
14:16:15 === #834: 5421 ===
14:16:19     вердикт: RED
14:16:19 === #835: 4578 ===
14:16:24     вердикт: RED
14:16:24 === #836: 5422 ===
14:16:28     вердикт: RED
14:16:28 === #837: 4577 ===
14:16:33     вердикт: RED
14:16:33 === #838: 5423 ===
14:16:38     вердикт: RED
14:16:38 === #839: 4576 ===
14:16:43     вердикт: RED
14:16:43 === #840: 5424 ===
14:16:47     вердикт: RED
14:16:48 === #841: 4575 ===
14:16:52     вердикт: RED
14:16:53 === #842: 5425 ===
14:16:57     вердикт: RED
14:16:57 === #843: 4574 ===
14:17:02     вердикт: RED
14:17:02 === #844: 5426 ===
14:17:07     вердикт: RED
14:17:07 === #845: 4573 ===
14:17:12     вердикт: RED
14:17:12 === #846: 5427 ===
14:17:16     вердикт: RED
14:17:16 === #847: 4572 ===
14:17:21     вердикт: RED
14:17:21 === #848: 5428 ===
14:17:25     вердикт: RED
14:17:25 === #849: 4571 ===
14:17:30     вердикт: RED
14:17:30 === #850: 5429 ===
14:17:34     вердикт: RED
14:17:34 === #851: 4570 ===
14:17:39     вердикт: RED
14:17:39 === #852: 5430 ===
14:17:43     вердикт: RED
14:17:43 === #853: 4569 ===
14:17:48     вердикт: RED
14:17:48 === #854: 5431 ===
14:17:52     вердикт: RED
14:17:52 === #855: 4568 ===
14:17:57     вердикт: RED
14:17:57 === #856: 5432 ===
14:18:02     вердикт: RED
14:18:02 === #857: 4567 ===
14:18:06     вердикт: RED
14:18:07 === #858: 5433 ===
14:18:11     вердикт: RED
14:18:11 === #859: 4566 ===
14:18:16     вердикт: RED
14:18:16 === #860: 5434 ===
14:18:21     вердикт: RED
14:18:21 === #861: 4565 ===
14:18:26     вердикт: RED
14:18:26 === #862: 5435 ===
14:18:31     вердикт: RED
14:18:31 === #863: 4564 ===
14:18:36     вердикт: RED
14:18:36 === #864: 5436 ===
14:18:41     вердикт: RED
14:18:41 === #865: 4563 ===
14:18:46     вердикт: RED
14:18:46 === #866: 5437 ===
14:18:51     вердикт: RED
14:18:51 === #867: 4562 ===
14:18:56     вердикт: RED
14:18:56 === #868: 5438 ===
14:19:00     вердикт: RED
14:19:00 === #869: 4561 ===
14:19:05     вердикт: RED
14:19:05 === #870: 5439 ===
14:19:09     вердикт: RED
14:19:10 === #871: 4560 ===
14:19:14     вердикт: RED
14:19:14 === #872: 5440 ===
14:19:19     вердикт: RED
14:19:19 === #873: 4559 ===
14:19:23     вердикт: RED
14:19:23 === #874: 5441 ===
14:19:28     вердикт: RED
14:19:28 === #875: 4558 ===
14:19:33     вердикт: RED
14:19:33 === #876: 5442 ===
14:19:38     вердикт: RED
14:19:38 === #877: 4557 ===
14:19:43     вердикт: RED
14:19:43 === #878: 5443 ===
14:19:47     вердикт: RED
14:19:48 === #879: 4556 ===
14:19:53     вердикт: RED
14:19:53 === #880: 5444 ===
14:19:58     вердикт: RED
14:19:58 === #881: 4555 ===
14:20:03     вердикт: RED
14:20:03 === #882: 5445 ===
14:20:08     вердикт: RED
14:20:08 === #883: 4554 ===
14:20:13     вердикт: RED
14:20:13 === #884: 5446 ===
14:20:18     вердикт: RED
14:20:18 === #885: 4553 ===
14:20:23     вердикт: RED
14:20:23 === #886: 5447 ===
14:20:28     вердикт: RED
14:20:28 === #887: 4552 ===
14:20:33     вердикт: RED
14:20:33 === #888: 5448 ===
14:20:38     вердикт: RED
14:20:38 === #889: 4551 ===
14:20:43     вердикт: RED
14:20:43 === #890: 5449 ===
14:20:47     вердикт: RED
14:20:47 === #891: 4550 ===
14:20:52     вердикт: RED
14:20:52 === #892: 5450 ===
14:20:56     вердикт: RED
14:20:57 === #893: 4549 ===
14:21:01     вердикт: RED
14:21:01 === #894: 5451 ===
14:21:06     вердикт: RED
14:21:06 === #895: 4548 ===
14:21:11     вердикт: RED
14:21:11 === #896: 5452 ===
14:21:16     вердикт: RED
14:21:16 === #897: 4547 ===
14:21:20     вердикт: RED
14:21:21 === #898: 5453 ===
14:21:25     вердикт: RED
14:21:26 === #899: 4546 ===
14:21:31     вердикт: RED
14:21:31 === #900: 5454 ===
14:21:36     вердикт: RED
14:21:36 === #901: 4545 ===
14:21:41     вердикт: RED
14:21:41 === #902: 5455 ===
14:21:46     вердикт: RED
14:21:46 === #903: 4544 ===
14:21:51     вердикт: RED
14:21:51 === #904: 5456 ===
14:21:56     вердикт: RED
14:21:56 === #905: 4543 ===
14:22:01     вердикт: RED
14:22:01 === #906: 5457 ===
14:22:06     вердикт: RED
14:22:06 === #907: 4542 ===
14:22:11     вердикт: RED
14:22:11 === #908: 5458 ===
14:22:16     вердикт: RED
14:22:16 === #909: 4541 ===
14:22:20     вердикт: RED
14:22:20 === #910: 5459 ===
14:22:25     вердикт: RED
14:22:25 === #911: 4540 ===
14:22:30     вердикт: RED
14:22:30 === #912: 5460 ===
14:22:34     вердикт: RED
14:22:34 === #913: 4539 ===
14:22:39     вердикт: RED
14:22:39 === #914: 5461 ===
14:22:43     вердикт: RED
14:22:43 === #915: 4538 ===
14:22:48     вердикт: RED
14:22:48 === #916: 5462 ===
14:22:53     вердикт: RED
14:22:53 === #917: 4537 ===
14:22:57     вердикт: RED
14:22:58 === #918: 5463 ===
14:23:02     вердикт: RED
14:23:02 === #919: 4536 ===
14:23:07     вердикт: RED
14:23:07 === #920: 5464 ===
14:23:12     вердикт: RED
14:23:12 === #921: 4535 ===
14:23:17     вердикт: RED
14:23:17 === #922: 5465 ===
14:23:22     вердикт: RED
14:23:22 === #923: 4534 ===
14:23:27     вердикт: RED
14:23:27 === #924: 5466 ===
14:23:32     вердикт: RED
14:23:32 === #925: 4533 ===
14:23:37     вердикт: RED
14:23:37 === #926: 5467 ===
14:23:42     вердикт: RED
14:23:42 === #927: 4532 ===
14:23:47     вердикт: RED
14:23:47 === #928: 5468 ===
14:23:51     вердикт: RED
14:23:52 === #929: 4531 ===
14:23:56     вердикт: RED
14:23:56 === #930: 5469 ===
14:24:01     вердикт: RED
14:24:01 === #931: 4530 ===
14:24:05     вердикт: RED
14:24:05 === #932: 5470 ===
14:24:09     вердикт: RED
14:24:10 === #933: 4529 ===
14:24:14     вердикт: RED
14:24:14 === #934: 5471 ===
14:24:18     вердикт: RED
14:24:19 === #935: 4528 ===
14:24:23     вердикт: RED
14:24:23 === #936: 5472 ===
14:24:28     вердикт: RED
14:24:28 === #937: 4527 ===
14:24:32     вердикт: RED
14:24:32 === #938: 5473 ===
14:24:37     вердикт: RED
14:24:37 === #939: 4526 ===
14:24:42     вердикт: RED
14:24:42 === #940: 5474 ===
14:24:47     вердикт: RED
14:24:47 === #941: 4525 ===
14:24:52     вердикт: RED
14:24:52 === #942: 5475 ===
14:24:57     вердикт: RED
14:24:57 === #943: 4524 ===
14:25:01     вердикт: RED
14:25:01 === #944: 5476 ===
14:25:06     вердикт: RED
14:25:06 === #945: 4523 ===
14:25:11     вердикт: RED
14:25:11 === #946: 5477 ===
14:25:15     вердикт: RED
14:25:16 === #947: 4522 ===
14:25:20     вердикт: RED
14:25:20 === #948: 5478 ===
14:25:25     вердикт: RED
14:25:25 === #949: 4521 ===
14:25:29     вердикт: RED
14:25:29 === #950: 5479 ===
14:25:34     вердикт: RED
14:25:34 === #951: 4520 ===
14:25:38     вердикт: RED
14:25:38 === #952: 5480 ===
14:25:42     вердикт: RED
14:25:42 === #953: 4519 ===
14:25:46     вердикт: RED
14:25:47 === #954: 5481 ===
14:25:51     вердикт: RED
14:25:51 === #955: 4518 ===
14:25:55     вердикт: RED
14:25:55 === #956: 5482 ===
14:26:00     вердикт: RED
14:26:00 === #957: 4517 ===
14:26:04     вердикт: RED
14:26:04 === #958: 5483 ===
14:26:09     вердикт: RED
14:26:09 === #959: 4516 ===
14:26:14     вердикт: RED
14:26:14 === #960: 5484 ===
14:26:18     вердикт: RED
14:26:18 === #961: 4515 ===
14:26:23     вердикт: RED
14:26:23 === #962: 5485 ===
14:26:28     вердикт: RED
14:26:28 === #963: 4514 ===
14:26:33     вердикт: RED
14:26:33 === #964: 5486 ===
14:26:38     вердикт: RED
14:26:38 === #965: 4513 ===
14:26:42     вердикт: RED
14:26:42 === #966: 5487 ===
14:26:47     вердикт: RED
14:26:47 === #967: 4512 ===
14:26:51     вердикт: RED
14:26:51 === #968: 5488 ===
14:26:56     вердикт: RED
14:26:56 === #969: 4511 ===
14:27:00     вердикт: RED
14:27:00 === #970: 5489 ===
14:27:04     вердикт: RED
14:27:04 === #971: 4510 ===
14:27:08     вердикт: RED
14:27:09 === #972: 5490 ===
14:27:13     вердикт: RED
14:27:13 === #973: 4509 ===
14:27:17     вердикт: RED
14:27:17 === #974: 5491 ===
14:27:21     вердикт: RED
14:27:21 === #975: 4508 ===
14:27:25     вердикт: RED
14:27:25 === #976: 5492 ===
14:27:30     вердикт: RED
14:27:30 === #977: 4507 ===
14:27:34     вердикт: RED
14:27:34 === #978: 5493 ===
14:27:39     вердикт: RED
14:27:39 === #979: 4506 ===
14:27:43     вердикт: RED
14:27:43 === #980: 5494 ===
14:27:48     вердикт: RED
14:27:48 === #981: 4505 ===
14:27:52     вердикт: RED
14:27:52 === #982: 5495 ===
14:27:57     вердикт: RED
14:27:57 === #983: 4504 ===
14:28:02     вердикт: RED
14:28:02 === #984: 5496 ===
14:28:06     вердикт: RED
14:28:06 === #985: 4503 ===
14:28:11     вердикт: RED
14:28:11 === #986: 5497 ===
14:28:15     вердикт: RED
14:28:15 === #987: 4502 ===
14:28:19     вердикт: RED
14:28:20 === #988: 5498 ===
14:28:24     вердикт: RED
14:28:24 === #989: 4501 ===
14:28:28     вердикт: RED
14:28:28 === #990: 5499 ===
14:28:32     вердикт: RED
14:28:32 === #991: 4500 ===
14:28:36     вердикт: RED
14:28:37 === #992: 5500 ===
14:28:41     вердикт: RED
14:28:41 === #993: 4499 ===
14:28:45     вердикт: RED
14:28:45 === #994: 5501 ===
14:28:49     вердикт: RED
14:28:49 === #995: 4498 ===
14:28:53     вердикт: RED
14:28:54 === #996: 5502 ===
14:28:58     вердикт: RED
14:28:58 === #997: 4497 ===
14:29:02     вердикт: RED
14:29:02 === #998: 5503 ===
14:29:07     вердикт: RED
14:29:07 === #999: 4496 ===
14:29:11     вердикт: RED
14:29:11 === #1000: 5504 ===
14:29:16     вердикт: RED
14:29:16 === #1001: 4495 ===
14:29:21     вердикт: RED
14:29:21 === #1002: 5505 ===
14:29:25     вердикт: RED
14:29:25 === #1003: 4494 ===
14:29:30     вердикт: RED
14:29:30 === #1004: 5506 ===
14:29:34     вердикт: RED
14:29:35 === #1005: 4493 ===
14:29:39     вердикт: RED
14:29:39 === #1006: 5507 ===
14:29:43     вердикт: RED
14:29:43 === #1007: 4492 ===
14:29:48     вердикт: RED
14:29:48 === #1008: 5508 ===
14:29:52     вердикт: RED
14:29:52 === #1009: 4491 ===
14:29:56     вердикт: RED
14:29:56 === #1010: 5509 ===
14:30:00     вердикт: RED
14:30:01 === #1011: 4490 ===
14:30:05     вердикт: RED
14:30:05 === #1012: 5510 ===
14:30:09     вердикт: RED
14:30:09 === #1013: 4489 ===
14:30:13     вердикт: RED
14:30:13 === #1014: 5511 ===
14:30:17     вердикт: RED
14:30:17 === #1015: 4488 ===
14:30:22     вердикт: RED
14:30:22 === #1016: 5512 ===
14:30:26     вердикт: RED
14:30:26 === #1017: 4487 ===
14:30:31     вердикт: RED
14:30:31 === #1018: 5513 ===
14:30:36     вердикт: RED
14:30:36 === #1019: 4486 ===
14:30:40     вердикт: RED
14:30:40 === #1020: 5514 ===
14:30:45     вердикт: RED
14:30:45 === #1021: 4485 ===
14:30:50     вердикт: RED
14:30:50 === #1022: 5515 ===
14:30:55     вердикт: RED
14:30:55 === #1023: 4484 ===
14:30:59     вердикт: RED
14:31:00 === #1024: 5516 ===
14:31:04     вердикт: RED
14:31:04 === #1025: 4483 ===
14:31:09     вердикт: RED
14:31:09 === #1026: 5517 ===
14:31:13     вердикт: RED
14:31:13 === #1027: 4482 ===
14:31:18     вердикт: RED
14:31:18 === #1028: 5518 ===
14:31:22     вердикт: RED
14:31:22 === #1029: 4481 ===
14:31:26     вердикт: RED
14:31:27 === #1030: 5519 ===
14:31:31     вердикт: RED
14:31:31 === #1031: 4480 ===
14:31:35     вердикт: RED
14:31:35 === #1032: 5520 ===
14:31:39     вердикт: RED
14:31:39 === #1033: 4479 ===
14:31:44     вердикт: RED
14:31:44 === #1034: 5521 ===
14:31:48     вердикт: RED
14:31:48 === #1035: 4478 ===
14:31:53     вердикт: RED
14:31:53 === #1036: 5522 ===
14:31:57     вердикт: RED
14:31:58 === #1037: 4477 ===
14:32:02     вердикт: RED
14:32:02 === #1038: 5523 ===
14:32:07     вердикт: RED
14:32:07 === #1039: 4476 ===
14:32:12     вердикт: RED
14:32:12 === #1040: 5524 ===
14:32:16     вердикт: RED
14:32:17 === #1041: 4475 ===
14:32:21     вердикт: RED
14:32:22 === #1042: 5525 ===
14:32:26     вердикт: RED
14:32:27 === #1043: 4474 ===
14:32:31     вердикт: RED
14:32:31 === #1044: 5526 ===
14:32:36     вердикт: RED
14:32:36 === #1045: 4473 ===
14:32:41     вердикт: RED
14:32:41 === #1046: 5527 ===
14:32:45     вердикт: RED
14:32:45 === #1047: 4472 ===
14:32:50     вердикт: RED
14:32:50 === #1048: 5528 ===
14:32:54     вердикт: RED
14:32:55 === #1049: 4471 ===
14:32:59     вердикт: RED
14:32:59 === #1050: 5529 ===
14:33:03     вердикт: RED
14:33:04 === #1051: 4470 ===
14:33:08     вердикт: RED
14:33:08 === #1052: 5530 ===
14:33:12     вердикт: RED
14:33:12 === #1053: 4469 ===
14:33:17     вердикт: RED
14:33:17 === #1054: 5531 ===
14:33:21     вердикт: RED
14:33:22 === #1055: 4468 ===
14:33:26     вердикт: RED
14:33:26 === #1056: 5532 ===
14:33:31     вердикт: RED
14:33:31 === #1057: 4467 ===
14:33:36     вердикт: RED
14:33:36 === #1058: 5533 ===
14:33:40     вердикт: RED
14:33:41 === #1059: 4466 ===
14:33:45     вердикт: RED
14:33:46 === #1060: 5534 ===
14:33:50     вердикт: RED
14:33:51 === #1061: 4465 ===
14:33:55     вердикт: RED
14:33:56 === #1062: 5535 ===
14:34:01     вердикт: RED
14:34:01 === #1063: 4464 ===
14:34:05     вердикт: RED
14:34:06 === #1064: 5536 ===
14:34:10     вердикт: RED
14:34:11 === #1065: 4463 ===
14:34:15     вердикт: RED
14:34:15 === #1066: 5537 ===
14:34:20     вердикт: RED
14:34:20 === #1067: 4462 ===
14:34:25     вердикт: RED
14:34:25 === #1068: 5538 ===
14:34:30     вердикт: RED
14:34:30 === #1069: 4461 ===
14:34:34     вердикт: RED
14:34:34 === #1070: 5539 ===
14:34:39     вердикт: RED
14:34:39 === #1071: 4460 ===
14:34:43     вердикт: RED
14:34:43 === #1072: 5540 ===
14:34:48     вердикт: RED
14:34:48 === #1073: 4459 ===
14:34:52     вердикт: RED
14:34:52 === #1074: 5541 ===
14:34:57     вердикт: RED
14:34:57 === #1075: 4458 ===
14:35:02     вердикт: RED
14:35:02 === #1076: 5542 ===
14:35:07     вердикт: RED
14:35:07 === #1077: 4457 ===
14:35:12     вердикт: RED
14:35:12 === #1078: 5543 ===
14:35:17     вердикт: RED
14:35:17 === #1079: 4456 ===
14:35:22     вердикт: RED
14:35:22 === #1080: 5544 ===
14:35:27     вердикт: RED
14:35:27 === #1081: 4455 ===
14:35:32     вердикт: RED
14:35:32 === #1082: 5545 ===
14:35:37     вердикт: RED
14:35:37 === #1083: 4454 ===
14:35:42     вердикт: RED
14:35:42 === #1084: 5546 ===
14:35:47     вердикт: RED
14:35:47 === #1085: 4453 ===
14:35:52     вердикт: RED
14:35:52 === #1086: 5547 ===
14:35:57     вердикт: RED
14:35:57 === #1087: 4452 ===
14:36:02     вердикт: RED
14:36:02 === #1088: 5548 ===
14:36:07     вердикт: RED
14:36:07 === #1089: 4451 ===
14:36:11     вердикт: RED
14:36:12 === #1090: 5549 ===
14:36:16     вердикт: RED
14:36:16 === #1091: 4450 ===
14:36:21     вердикт: RED
14:36:21 === #1092: 5550 ===
14:36:25     вердикт: RED
14:36:26 === #1093: 4449 ===
14:36:30     вердикт: RED
14:36:30 === #1094: 5551 ===
14:36:35     вердикт: RED
14:36:35 === #1095: 4448 ===
14:36:40     вердикт: RED
14:36:40 === #1096: 5552 ===
14:36:45     вердикт: RED
14:36:45 === #1097: 4447 ===
14:36:49     вердикт: RED
14:36:49 === #1098: 5553 ===
14:36:54     вердикт: RED
14:36:54 === #1099: 4446 ===
14:36:59     вердикт: RED
14:36:59 === #1100: 5554 ===
14:37:04     вердикт: RED
14:37:05 === #1101: 4445 ===
14:37:10     вердикт: RED
14:37:10 === #1102: 5555 ===
14:37:15     вердикт: RED
14:37:15 === #1103: 4444 ===
14:37:20     вердикт: RED
14:37:20 === #1104: 5556 ===
14:37:25     вердикт: RED
14:37:25 === #1105: 4443 ===
14:37:30     вердикт: RED
14:37:30 === #1106: 5557 ===
14:37:35     вердикт: RED
14:37:35 === #1107: 4442 ===
14:37:40     вердикт: RED
14:37:40 === #1108: 5558 ===
14:37:45     вердикт: RED
14:37:45 === #1109: 4441 ===
14:37:49     вердикт: RED
14:37:49 === #1110: 5559 ===
14:37:54     вердикт: RED
14:37:54 === #1111: 4440 ===
14:37:58     вердикт: RED
14:37:58 === #1112: 5560 ===
14:38:03     вердикт: RED
14:38:03 === #1113: 4439 ===
14:38:07     вердикт: RED
14:38:07 === #1114: 5561 ===
14:38:12     вердикт: RED
14:38:12 === #1115: 4438 ===
14:38:17     вердикт: RED
14:38:17 === #1116: 5562 ===
14:38:21     вердикт: RED
14:38:22 === #1117: 4437 ===
14:38:26     вердикт: RED
14:38:26 === #1118: 5563 ===
14:38:31     вердикт: RED
14:38:31 === #1119: 4436 ===
14:38:36     вердикт: RED
14:38:36 === #1120: 5564 ===
14:38:41     вердикт: RED
14:38:41 === #1121: 4435 ===
14:38:46     вердикт: RED
14:38:46 === #1122: 5565 ===
14:38:51     вердикт: RED
14:38:51 === #1123: 4434 ===
14:38:56     вердикт: RED
14:38:56 === #1124: 5566 ===
14:39:01     вердикт: RED
14:39:01 === #1125: 4433 ===
14:39:06     вердикт: RED
14:39:06 === #1126: 5567 ===
14:39:11     вердикт: RED
14:39:11 === #1127: 4432 ===
14:39:15     вердикт: RED
14:39:15 === #1128: 5568 ===
14:39:20     вердикт: RED
14:39:20 === #1129: 4431 ===
14:39:24     вердикт: RED
14:39:24 === #1130: 5569 ===
14:39:29     вердикт: RED
14:39:29 === #1131: 4430 ===
14:39:33     вердикт: RED
14:39:34 === #1132: 5570 ===
14:39:38     вердикт: RED
14:39:38 === #1133: 4429 ===
14:39:42     вердикт: RED
14:39:42 === #1134: 5571 ===
14:39:47     вердикт: RED
14:39:47 === #1135: 4428 ===
14:39:51     вердикт: RED
14:39:51 === #1136: 5572 ===
14:39:56     вердикт: RED
14:39:56 === #1137: 4427 ===
14:40:00     вердикт: RED
14:40:01 === #1138: 5573 ===
14:40:05     вердикт: RED
14:40:05 === #1139: 4426 ===
14:40:10     вердикт: RED
14:40:10 === #1140: 5574 ===
14:40:15     вердикт: RED
14:40:15 === #1141: 4425 ===
14:40:20     вердикт: RED
14:40:20 === #1142: 5575 ===
14:40:25     вердикт: RED
14:40:25 === #1143: 4424 ===
14:40:29     вердикт: RED
14:40:29 === #1144: 5576 ===
14:40:34     вердикт: RED
14:40:34 === #1145: 4423 ===
14:40:39     вердикт: RED
14:40:39 === #1146: 5577 ===
14:40:44     вердикт: RED
14:40:44 === #1147: 4422 ===
14:40:48     вердикт: RED
14:40:48 === #1148: 5578 ===
14:40:53     вердикт: RED
14:40:53 === #1149: 4421 ===
14:40:57     вердикт: RED
14:40:57 === #1150: 5579 ===
14:41:02     вердикт: RED
14:41:02 === #1151: 4420 ===
14:41:06     вердикт: RED
14:41:06 === #1152: 5580 ===
14:41:10     вердикт: RED
14:41:10 === #1153: 4419 ===
14:41:14     вердикт: RED
14:41:15 === #1154: 5581 ===
14:41:19     вердикт: RED
14:41:19 === #1155: 4418 ===
14:41:23     вердикт: RED
14:41:23 === #1156: 5582 ===
14:41:28     вердикт: RED
14:41:28 === #1157: 4417 ===
14:41:32     вердикт: RED
14:41:32 === #1158: 5583 ===
14:41:37     вердикт: RED
14:41:37 === #1159: 4416 ===
14:41:41     вердикт: RED
14:41:42 === #1160: 5584 ===
14:41:46     вердикт: RED
14:41:47 === #1161: 4415 ===
14:41:51     вердикт: RED
14:41:51 === #1162: 5585 ===
14:41:56     вердикт: RED
14:41:56 === #1163: 4414 ===
14:42:01     вердикт: RED
14:42:01 === #1164: 5586 ===
14:42:05     вердикт: RED
14:42:06 === #1165: 4413 ===
14:42:10     вердикт: RED
14:42:10 === #1166: 5587 ===
14:42:15     вердикт: RED
14:42:15 === #1167: 4412 ===
14:42:19     вердикт: RED
14:42:19 === #1168: 5588 ===
14:42:23     вердикт: RED
14:42:24 === #1169: 4411 ===
14:42:28     вердикт: RED
14:42:28 === #1170: 5589 ===
14:42:32     вердикт: RED
14:42:32 === #1171: 4410 ===
14:42:36     вердикт: RED
14:42:36 === #1172: 5590 ===
14:42:40     вердикт: RED
14:42:41 === #1173: 4409 ===
14:42:45     вердикт: RED
14:42:45 === #1174: 5591 ===
14:42:49     вердикт: RED
14:42:49 === #1175: 4408 ===
14:42:53     вердикт: RED
14:42:53 === #1176: 5592 ===
14:42:58     вердикт: RED
14:42:58 === #1177: 4407 ===
14:43:02     вердикт: RED
14:43:02 === #1178: 5593 ===
14:43:07     вердикт: RED
14:43:07 === #1179: 4406 ===
14:43:11     вердикт: RED
14:43:11 === #1180: 5594 ===
14:43:16     вердикт: RED
14:43:16 === #1181: 4405 ===
14:43:20     вердикт: RED
14:43:20 === #1182: 5595 ===
14:43:25     вердикт: RED
14:43:25 === #1183: 4404 ===
14:43:29     вердикт: RED
14:43:29 === #1184: 5596 ===
14:43:34     вердикт: RED
14:43:34 === #1185: 4403 ===
14:43:38     вердикт: RED
14:43:38 === #1186: 5597 ===
14:43:43     вердикт: RED
14:43:43 === #1187: 4402 ===
14:43:47     вердикт: RED
14:43:47 === #1188: 5598 ===
14:43:52     вердикт: RED
14:43:52 === #1189: 4401 ===
14:43:56     вердикт: RED
14:43:56 === #1190: 5599 ===
14:44:00     вердикт: RED
14:44:00 === #1191: 4400 ===
14:44:04     вердикт: RED
14:44:04 === #1192: 5600 ===
14:44:08     вердикт: RED
14:44:08 === #1193: 4399 ===
14:44:12     вердикт: RED
14:44:12 === #1194: 5601 ===
14:44:16     вердикт: RED
14:44:16 === #1195: 4398 ===
14:44:20     вердикт: RED
14:44:20 === #1196: 5602 ===
14:44:24     вердикт: RED
14:44:25 === #1197: 4397 ===
14:44:29     вердикт: RED
14:44:29 === #1198: 5603 ===
14:44:33     вердикт: RED
14:44:33 === #1199: 4396 ===
14:44:38     вердикт: RED
14:44:38 === #1200: 5604 ===
14:44:42     вердикт: RED
14:44:42 === #1201: 4395 ===
14:44:47     вердикт: RED
14:44:47 === #1202: 5605 ===
14:44:51     вердикт: RED
14:44:51 === #1203: 4394 ===
14:44:56     вердикт: RED
14:44:56 === #1204: 5606 ===
14:45:00     вердикт: RED
14:45:00 === #1205: 4393 ===
14:45:04     вердикт: RED
14:45:05 === #1206: 5607 ===
14:45:09     вердикт: RED
14:45:09 === #1207: 4392 ===
14:45:13     вердикт: RED
14:45:13 === #1208: 5608 ===
14:45:17     вердикт: RED
14:45:17 === #1209: 4391 ===
14:45:21     вердикт: RED
14:45:21 === #1210: 5609 ===
14:45:25     вердикт: RED
14:45:26 === #1211: 4390 ===
14:45:29     вердикт: RED
14:45:29 === #1212: 5610 ===
14:45:34     вердикт: RED
14:45:34 === #1213: 4389 ===
14:45:38     вердикт: RED
14:45:38 === #1214: 5611 ===
14:45:42     вердикт: RED
14:45:42 === #1215: 4388 ===
14:45:46     вердикт: RED
14:45:46 === #1216: 5612 ===
14:45:50     вердикт: RED
14:45:51 === #1217: 4387 ===
14:45:55     вердикт: RED
14:45:55 === #1218: 5613 ===
14:45:59     вердикт: RED
14:46:00 === #1219: 4386 ===
14:46:04     вердикт: RED
14:46:04 === #1220: 5614 ===
14:46:09     вердикт: RED
14:46:09 === #1221: 4385 ===
14:46:13     вердикт: RED
14:46:13 === #1222: 5615 ===
14:46:18     вердикт: RED
14:46:18 === #1223: 4384 ===
14:46:23     вердикт: RED
14:46:23 === #1224: 5616 ===
14:46:27     вердикт: RED
14:46:27 === #1225: 4383 ===
14:46:32     вердикт: RED
14:46:32 === #1226: 5617 ===
14:46:36     вердикт: RED
14:46:36 === #1227: 4382 ===
14:46:40     вердикт: RED
14:46:41 === #1228: 5618 ===
14:46:45     вердикт: RED
14:46:45 === #1229: 4381 ===
14:46:49     вердикт: RED
14:46:49 === #1230: 5619 ===
14:46:53     вердикт: RED
14:46:53 === #1231: 4380 ===
14:46:57     вердикт: RED
14:46:57 === #1232: 5620 ===
14:47:02     вердикт: RED
14:47:02 === #1233: 4379 ===
14:47:06     вердикт: RED
14:47:06 === #1234: 5621 ===
14:47:10     вердикт: RED
14:47:10 === #1235: 4378 ===
14:47:15     вердикт: RED
14:47:15 === #1236: 5622 ===
14:47:19     вердикт: RED
14:47:19 === #1237: 4377 ===
14:47:24     вердикт: RED
14:47:24 === #1238: 5623 ===
14:47:28     вердикт: RED
14:47:28 === #1239: 4376 ===
14:47:33     вердикт: RED
14:47:33 === #1240: 5624 ===
14:47:38     вердикт: RED
14:47:38 === #1241: 4375 ===
14:47:42     вердикт: RED
14:47:43 === #1242: 5625 ===
14:47:47     вердикт: RED
14:47:47 === #1243: 4374 ===
14:47:52     вердикт: RED
14:47:52 === #1244: 5626 ===
14:47:57     вердикт: RED
14:47:57 === #1245: 4373 ===
14:48:01     вердикт: RED
14:48:01 === #1246: 5627 ===
14:48:06     вердикт: RED
14:48:06 === #1247: 4372 ===
14:48:10     вердикт: RED
14:48:10 === #1248: 5628 ===
14:48:15     вердикт: RED
14:48:15 === #1249: 4371 ===
14:48:19     вердикт: RED
14:48:19 === #1250: 5629 ===
14:48:23     вердикт: RED
14:48:23 === #1251: 4370 ===
14:48:27     вердикт: RED
14:48:28 === #1252: 5630 ===
14:48:32     вердикт: RED
14:48:32 === #1253: 4369 ===
14:48:36     вердикт: RED
14:48:36 === #1254: 5631 ===
14:48:41     вердикт: RED
14:48:41 === #1255: 4368 ===
14:48:45     вердикт: RED
14:48:45 === #1256: 5632 ===
14:48:50     вердикт: RED
14:48:50 === #1257: 4367 ===
14:48:55     вердикт: RED
14:48:55 === #1258: 5633 ===
14:48:59     вердикт: RED
14:48:59 === #1259: 4366 ===
14:49:04     вердикт: RED
14:49:04 === #1260: 5634 ===
14:49:09     вердикт: RED
14:49:09 === #1261: 4365 ===
14:49:14     вердикт: RED
14:49:14 === #1262: 5635 ===
14:49:19     вердикт: RED
14:49:19 === #1263: 4364 ===
14:49:24     вердикт: RED
14:49:24 === #1264: 5636 ===
14:49:28     вердикт: RED
14:49:29 === #1265: 4363 ===
14:49:33     вердикт: RED
14:49:33 === #1266: 5637 ===
14:49:38     вердикт: RED
14:49:38 === #1267: 4362 ===
14:49:42     вердикт: RED
14:49:43 === #1268: 5638 ===
14:49:47     вердикт: RED
14:49:47 === #1269: 4361 ===
14:49:51     вердикт: RED
14:49:52 === #1270: 5639 ===
14:49:56     вердикт: RED
14:49:56 === #1271: 4360 ===
14:50:00     вердикт: RED
14:50:00 === #1272: 5640 ===
14:50:05     вердикт: RED
14:50:05 === #1273: 4359 ===
14:50:09     вердикт: RED
14:50:09 === #1274: 5641 ===
14:50:14     вердикт: RED
14:50:14 === #1275: 4358 ===
14:50:18     вердикт: RED
14:50:19 === #1276: 5642 ===
14:50:23     вердикт: RED
14:50:23 === #1277: 4357 ===
14:50:28     вердикт: RED
14:50:28 === #1278: 5643 ===
14:50:33     вердикт: RED
14:50:33 === #1279: 4356 ===
14:50:38     вердикт: RED
14:50:38 === #1280: 5644 ===
14:50:43     вердикт: RED
14:50:43 === #1281: 4355 ===
14:50:48     вердикт: RED
14:50:48 === #1282: 5645 ===
14:50:53     вердикт: RED
14:50:53 === #1283: 4354 ===
14:50:58     вердикт: RED
14:50:58 === #1284: 5646 ===
14:51:03     вердикт: RED
14:51:03 === #1285: 4353 ===
14:51:08     вердикт: RED
14:51:08 === #1286: 5647 ===
14:51:13     вердикт: RED
14:51:13 === #1287: 4352 ===
14:51:17     вердикт: RED
14:51:17 === #1288: 5648 ===
14:51:22     вердикт: RED
14:51:22 === #1289: 4351 ===
14:51:26     вердикт: RED
14:51:27 === #1290: 5649 ===
14:51:31     вердикт: RED
14:51:31 === #1291: 4350 ===
14:51:35     вердикт: RED
14:51:36 === #1292: 5650 ===
14:51:40     вердикт: RED
14:51:40 === #1293: 4349 ===
14:51:45     вердикт: RED
14:51:45 === #1294: 5651 ===
14:51:49     вердикт: RED
14:51:49 === #1295: 4348 ===
14:51:54     вердикт: RED
14:51:54 === #1296: 5652 ===
14:51:59     вердикт: RED
14:51:59 === #1297: 4347 ===
14:52:03     вердикт: RED
14:52:03 === #1298: 5653 ===
14:52:08     вердикт: RED
14:52:08 === #1299: 4346 ===
14:52:13     вердикт: RED
14:52:13 === #1300: 5654 ===
14:52:18     вердикт: RED
14:52:18 === #1301: 4345 ===
14:52:23     вердикт: RED
14:52:23 === #1302: 5655 ===
14:52:28     вердикт: RED
14:52:28 === #1303: 4344 ===
14:52:33     вердикт: RED
14:52:33 === #1304: 5656 ===
14:52:38     вердикт: RED
14:52:38 === #1305: 4343 ===
14:52:43     вердикт: RED
14:52:43 === #1306: 5657 ===
14:52:48     вердикт: RED
14:52:48 === #1307: 4342 ===
14:52:52     вердикт: RED
14:52:52 === #1308: 5658 ===
14:52:57     вердикт: RED
14:52:57 === #1309: 4341 ===
14:53:01     вердикт: RED
14:53:02 === #1310: 5659 ===
14:53:06     вердикт: RED
14:53:06 === #1311: 4340 ===
14:53:10     вердикт: RED
14:53:11 === #1312: 5660 ===
14:53:15     вердикт: RED
14:53:15 === #1313: 4339 ===
14:53:19     вердикт: RED
14:53:19 === #1314: 5661 ===
14:53:24     вердикт: RED
14:53:24 === #1315: 4338 ===
14:53:28     вердикт: RED
14:53:28 === #1316: 5662 ===
14:53:33     вердикт: RED
14:53:33 === #1317: 4337 ===
14:53:37     вердикт: RED
14:53:38 === #1318: 5663 ===
14:53:42     вердикт: RED
14:53:42 === #1319: 4336 ===
14:53:47     вердикт: RED
14:53:47 === #1320: 5664 ===
14:53:52     вердикт: RED
14:53:52 === #1321: 4335 ===
14:53:57     вердикт: RED
14:53:57 === #1322: 5665 ===
14:54:02     вердикт: RED
14:54:02 === #1323: 4334 ===
14:54:06     вердикт: RED
14:54:07 === #1324: 5666 ===
14:54:11     вердикт: RED
14:54:11 === #1325: 4333 ===
14:54:16     вердикт: RED
14:54:16 === #1326: 5667 ===
14:54:21     вердикт: RED
14:54:21 === #1327: 4332 ===
14:54:25     вердикт: RED
14:54:25 === #1328: 5668 ===
14:54:30     вердикт: RED
14:54:30 === #1329: 4331 ===
14:54:34     вердикт: RED
14:54:34 === #1330: 5669 ===
14:54:39     вердикт: RED
14:54:39 === #1331: 4330 ===
14:54:43     вердикт: RED
14:54:43 === #1332: 5670 ===
14:54:47     вердикт: RED
14:54:47 === #1333: 4329 ===
14:54:51     вердикт: RED
14:54:52 === #1334: 5671 ===
14:54:56     вердикт: RED
14:54:56 === #1335: 4328 ===
14:55:00     вердикт: RED
14:55:00 === #1336: 5672 ===
14:55:05     вердикт: RED
14:55:05 === #1337: 4327 ===
14:55:09     вердикт: RED
14:55:09 === #1338: 5673 ===
14:55:14     вердикт: RED
14:55:14 === #1339: 4326 ===
14:55:18     вердикт: RED
14:55:19 === #1340: 5674 ===
14:55:23     вердикт: RED
14:55:24 === #1341: 4325 ===
14:55:28     вердикт: RED
14:55:28 === #1342: 5675 ===
14:55:33     вердикт: RED
14:55:33 === #1343: 4324 ===
14:55:38     вердикт: RED
14:55:38 === #1344: 5676 ===
14:55:42     вердикт: RED
14:55:43 === #1345: 4323 ===
14:55:47     вердикт: RED
14:55:47 === #1346: 5677 ===
14:55:52     вердикт: RED
14:55:52 === #1347: 4322 ===
14:55:56     вердикт: RED
14:55:56 === #1348: 5678 ===
14:56:00     вердикт: RED
14:56:01 === #1349: 4321 ===
14:56:04     вердикт: RED
14:56:05 === #1350: 5679 ===
14:56:09     вердикт: RED
14:56:09 === #1351: 4320 ===
14:56:13     вердикт: RED
14:56:13 === #1352: 5680 ===
14:56:17     вердикт: RED
14:56:17 === #1353: 4319 ===
14:56:21     вердикт: RED
14:56:21 === #1354: 5681 ===
14:56:26     вердикт: RED
14:56:26 === #1355: 4318 ===
14:56:30     вердикт: RED
14:56:30 === #1356: 5682 ===
14:56:34     вердикт: RED
14:56:35 === #1357: 4317 ===
14:56:39     вердикт: RED
14:56:39 === #1358: 5683 ===
14:56:43     вердикт: RED
14:56:43 === #1359: 4316 ===
14:56:48     вердикт: RED
14:56:48 === #1360: 5684 ===
14:56:52     вердикт: RED
14:56:53 === #1361: 4315 ===
14:56:57     вердикт: RED
14:56:57 === #1362: 5685 ===
14:57:02     вердикт: RED
14:57:02 === #1363: 4314 ===
14:57:06     вердикт: RED
14:57:06 === #1364: 5686 ===
14:57:11     вердикт: RED
14:57:11 === #1365: 4313 ===
14:57:15     вердикт: RED
14:57:15 === #1366: 5687 ===
14:57:20     вердикт: RED
14:57:20 === #1367: 4312 ===
14:57:24     вердикт: RED
14:57:24 === #1368: 5688 ===
14:57:28     вердикт: RED
14:57:29 === #1369: 4311 ===
14:57:32     вердикт: RED
14:57:33 === #1370: 5689 ===
14:57:37     вердикт: RED
14:57:37 === #1371: 4310 ===
14:57:41     вердикт: RED
14:57:41 === #1372: 5690 ===
14:57:45     вердикт: RED
14:57:45 === #1373: 4309 ===
14:57:49     вердикт: RED
14:57:49 === #1374: 5691 ===
14:57:53     вердикт: RED
14:57:53 === #1375: 4308 ===
14:57:57     вердикт: RED
14:57:57 === #1376: 5692 ===
14:58:01     вердикт: RED
14:58:01 === #1377: 4307 ===
14:58:05     вердикт: RED
14:58:06 === #1378: 5693 ===
14:58:10     вердикт: RED
14:58:10 === #1379: 4306 ===
14:58:14     вердикт: RED
14:58:14 === #1380: 5694 ===
14:58:19     вердикт: RED
14:58:19 === #1381: 4305 ===
14:58:23     вердикт: RED
14:58:23 === #1382: 5695 ===
14:58:28     вердикт: RED
14:58:28 === #1383: 4304 ===
14:58:32     вердикт: RED
14:58:32 === #1384: 5696 ===
14:58:37     вердикт: RED
14:58:37 === #1385: 4303 ===
14:58:41     вердикт: RED
14:58:41 === #1386: 5697 ===
14:58:46     вердикт: RED
14:58:46 === #1387: 4302 ===
14:58:50     вердикт: RED
14:58:50 === #1388: 5698 ===
14:58:54     вердикт: RED
14:58:54 === #1389: 4301 ===
14:58:58     вердикт: RED
14:58:58 === #1390: 5699 ===
14:59:02     вердикт: RED
14:59:02 === #1391: 4300 ===
14:59:06     вердикт: RED
14:59:06 === #1392: 5700 ===
14:59:10     вердикт: RED
14:59:10 === #1393: 4299 ===
14:59:14     вердикт: RED
14:59:14 === #1394: 5701 ===
14:59:18     вердикт: RED
14:59:18 === #1395: 4298 ===
14:59:22     вердикт: RED
14:59:22 === #1396: 5702 ===
14:59:26     вердикт: RED
14:59:26 === #1397: 4297 ===
14:59:30     вердикт: RED
14:59:30 === #1398: 5703 ===
14:59:34     вердикт: RED
14:59:34 === #1399: 4296 ===
14:59:39     вердикт: RED
14:59:39 === #1400: 5704 ===
14:59:43     вердикт: RED
14:59:43 === #1401: 4295 ===
14:59:47     вердикт: RED
14:59:48 === #1402: 5705 ===
14:59:52     вердикт: RED
14:59:52 === #1403: 4294 ===
14:59:56     вердикт: RED
14:59:56 === #1404: 5706 ===
15:00:01     вердикт: RED
15:00:01 === #1405: 4293 ===
15:00:05     вердикт: RED
15:00:05 === #1406: 5707 ===
15:00:09     вердикт: RED
15:00:09 === #1407: 4292 ===
15:00:13     вердикт: RED
15:00:13 === #1408: 5708 ===
15:00:17     вердикт: RED
15:00:18 === #1409: 4291 ===
15:00:21     вердикт: RED
15:00:21 === #1410: 5709 ===
15:00:25     вердикт: RED
15:00:26 === #1411: 4290 ===
15:00:29     вердикт: RED
15:00:29 === #1412: 5710 ===
15:00:33     вердикт: RED
15:00:33 === #1413: 4289 ===
15:00:37     вердикт: RED
15:00:37 === #1414: 5711 ===
15:00:41     вердикт: RED
15:00:42 === #1415: 4288 ===
15:00:46     вердикт: RED
15:00:46 === #1416: 5712 ===
15:00:50     вердикт: RED
15:00:50 === #1417: 4287 ===
15:00:54     вердикт: RED
15:00:54 === #1418: 5713 ===
15:00:59     вердикт: RED
15:00:59 === #1419: 4286 ===
15:01:03     вердикт: RED
15:01:03 === #1420: 5714 ===
15:01:07     вердикт: RED
15:01:08 === #1421: 4285 ===
15:01:12     вердикт: RED
15:01:12 === #1422: 5715 ===
15:01:17     вердикт: RED
15:01:17 === #1423: 4284 ===
15:01:21     вердикт: RED
15:01:21 === #1424: 5716 ===
15:01:25     вердикт: RED
15:01:26 === #1425: 4283 ===
15:01:30     вердикт: RED
15:01:30 === #1426: 5717 ===
15:01:34     вердикт: RED
15:01:34 === #1427: 4282 ===
15:01:38     вердикт: RED
15:01:38 === #1428: 5718 ===
15:01:42     вердикт: RED
15:01:43 === #1429: 4281 ===
15:01:47     вердикт: RED
15:01:47 === #1430: 5719 ===
15:01:51     вердикт: RED
15:01:51 === #1431: 4280 ===
15:01:55     вердикт: RED
15:01:55 === #1432: 5720 ===
15:01:59     вердикт: RED
15:01:59 === #1433: 4279 ===
15:02:03     вердикт: RED
15:02:03 === #1434: 5721 ===
15:02:07     вердикт: RED
15:02:07 === #1435: 4278 ===
15:02:12     вердикт: RED
15:02:12 === #1436: 5722 ===
15:02:16     вердикт: RED
15:02:16 === #1437: 4277 ===
15:02:20     вердикт: RED
15:02:21 === #1438: 5723 ===
15:02:25     вердикт: RED
15:02:25 === #1439: 4276 ===
15:02:29     вердикт: RED
15:02:30 === #1440: 5724 ===
15:02:34     вердикт: RED
15:02:34 === #1441: 4275 ===
15:02:39     вердикт: RED
15:02:39 === #1442: 5725 ===
15:02:43     вердикт: RED
15:02:44 === #1443: 4274 ===
15:02:48     вердикт: RED
15:02:48 === #1444: 5726 ===
15:02:53     вердикт: RED
15:02:53 === #1445: 4273 ===
15:02:57     вердикт: RED
15:02:57 === #1446: 5727 ===
15:03:01     вердикт: RED
15:03:02 === #1447: 4272 ===
15:03:06     вердикт: RED
15:03:06 === #1448: 5728 ===
15:03:10     вердикт: RED
15:03:10 === #1449: 4271 ===
15:03:14     вердикт: RED
15:03:14 === #1450: 5729 ===
15:03:18     вердикт: RED
15:03:19 === #1451: 4270 ===
15:03:22     вердикт: RED
15:03:23 === #1452: 5730 ===
15:03:27     вердикт: RED
15:03:27 === #1453: 4269 ===
15:03:31     вердикт: RED
15:03:31 === #1454: 5731 ===
15:03:35     вердикт: RED
15:03:36 === #1455: 4268 ===
15:03:40     вердикт: RED
15:03:40 === #1456: 5732 ===
15:03:44     вердикт: RED
15:03:45 === #1457: 4267 ===
15:03:49     вердикт: RED
15:03:49 === #1458: 5733 ===
15:03:54     вердикт: RED
15:03:54 === #1459: 4266 ===
15:03:58     вердикт: RED
15:03:58 === #1460: 5734 ===
15:04:03     вердикт: RED
15:04:03 === #1461: 4265 ===
15:04:08     вердикт: RED
15:04:08 === #1462: 5735 ===
15:04:13     вердикт: RED
15:04:13 === #1463: 4264 ===
15:04:17     вердикт: RED
15:04:17 === #1464: 5736 ===
15:04:22     вердикт: RED
15:04:22 === #1465: 4263 ===
15:04:26     вердикт: RED
15:04:27 === #1466: 5737 ===
15:04:31     вердикт: RED
15:04:31 === #1467: 4262 ===
15:04:35     вердикт: RED
15:04:36 === #1468: 5738 ===
15:04:40     вердикт: RED
15:04:40 === #1469: 4261 ===
15:04:44     вердикт: RED
15:04:44 === #1470: 5739 ===
15:04:49     вердикт: RED
15:04:49 === #1471: 4260 ===
15:04:53     вердикт: RED
15:04:53 === #1472: 5740 ===
15:04:57     вердикт: RED
15:04:57 === #1473: 4259 ===
15:05:02     вердикт: RED
15:05:02 === #1474: 5741 ===
15:05:06     вердикт: RED
15:05:06 === #1475: 4258 ===
15:05:11     вердикт: RED
15:05:11 === #1476: 5742 ===
15:05:15     вердикт: RED
15:05:15 === #1477: 4257 ===
15:05:20     вердикт: RED
15:05:20 === #1478: 5743 ===
15:05:25     вердикт: RED
15:05:25 === #1479: 4256 ===
15:05:29     вердикт: RED
15:05:29 === #1480: 5744 ===
15:05:34     вердикт: RED
15:05:34 === #1481: 4255 ===
15:05:39     вердикт: RED
15:05:39 === #1482: 5745 ===
15:05:44     вердикт: RED
15:05:44 === #1483: 4254 ===
15:05:49     вердикт: RED
15:05:49 === #1484: 5746 ===
15:05:54     вердикт: RED
15:05:54 === #1485: 4253 ===
15:05:58     вердикт: RED
15:05:58 === #1486: 5747 ===
15:06:03     вердикт: RED
15:06:03 === #1487: 4252 ===
15:06:08     вердикт: RED
15:06:08 === #1488: 5748 ===
15:06:12     вердикт: RED
15:06:12 === #1489: 4251 ===
15:06:17     вердикт: RED
15:06:17 === #1490: 5749 ===
15:06:21     вердикт: RED
15:06:21 === #1491: 4250 ===
15:06:25     вердикт: RED
15:06:26 === #1492: 5750 ===
15:06:30     вердикт: RED
15:06:30 === #1493: 4249 ===
15:06:34     вердикт: RED
15:06:34 === #1494: 5751 ===
15:06:39     вердикт: RED
15:06:39 === #1495: 4248 ===
15:06:43     вердикт: RED
15:06:43 === #1496: 5752 ===
15:06:48     вердикт: RED
15:06:48 === #1497: 4247 ===
15:06:53     вердикт: RED
15:06:53 === #1498: 5753 ===
15:06:57     вердикт: RED
15:06:57 === #1499: 4246 ===
15:07:02     вердикт: RED
15:07:02 === #1500: 5754 ===
15:07:07     вердикт: RED
15:07:07 === #1501: 4245 ===
15:07:12     вердикт: RED
15:07:12 === #1502: 5755 ===
15:07:17     вердикт: RED
15:07:17 === #1503: 4244 ===
15:07:21     вердикт: RED
15:07:22 === #1504: 5756 ===
15:07:26     вердикт: RED
15:07:27 === #1505: 4243 ===
15:07:31     вердикт: RED
15:07:31 === #1506: 5757 ===
15:07:36     вердикт: RED
15:07:36 === #1507: 4242 ===
15:07:40     вердикт: RED
15:07:40 === #1508: 5758 ===
15:07:45     вердикт: RED
15:07:45 === #1509: 4241 ===
15:07:49     вердикт: RED
15:07:49 === #1510: 5759 ===
15:07:54     вердикт: RED
15:07:54 === #1511: 4240 ===
15:07:58     вердикт: RED
15:07:58 === #1512: 5760 ===
15:08:02     вердикт: RED
15:08:03 === #1513: 4239 ===
15:08:06     вердикт: RED
15:08:07 === #1514: 5761 ===
15:08:11     вердикт: RED
15:08:11 === #1515: 4238 ===
15:08:15     вердикт: RED
15:08:15 === #1516: 5762 ===
15:08:20     вердикт: RED
15:08:20 === #1517: 4237 ===
15:08:24     вердикт: RED
15:08:24 === #1518: 5763 ===
15:08:29     вердикт: RED
15:08:29 === #1519: 4236 ===
15:08:34     вердикт: RED
15:08:34 === #1520: 5764 ===
15:08:38     вердикт: RED
15:08:39 === #1521: 4235 ===
15:08:43     вердикт: RED
15:08:43 === #1522: 5765 ===
15:08:48     вердикт: RED
15:08:48 === #1523: 4234 ===
15:08:53     вердикт: RED
15:08:53 === #1524: 5766 ===
15:08:57     вердикт: RED
15:08:58 === #1525: 4233 ===
15:09:02     вердикт: RED
15:09:02 === #1526: 5767 ===
15:09:07     вердикт: RED
15:09:07 === #1527: 4232 ===
15:09:11     вердикт: RED
15:09:11 === #1528: 5768 ===
15:09:16     вердикт: RED
15:09:16 === #1529: 4231 ===
15:09:20     вердикт: RED
15:09:20 === #1530: 5769 ===
15:09:24     вердикт: RED
15:09:24 === #1531: 4230 ===
15:09:28     вердикт: RED
15:09:28 === #1532: 5770 ===
15:09:33     вердикт: RED
15:09:33 === #1533: 4229 ===
15:09:37     вердикт: RED
15:09:37 === #1534: 5771 ===
15:09:41     вердикт: RED
15:09:41 === #1535: 4228 ===
15:09:45     вердикт: RED
15:09:45 === #1536: 5772 ===
15:09:50     вердикт: RED
15:09:50 === #1537: 4227 ===
15:09:54     вердикт: RED
15:09:54 === #1538: 5773 ===
15:09:59     вердикт: RED
15:09:59 === #1539: 4226 ===
15:10:03     вердикт: RED
15:10:03 === #1540: 5774 ===
15:10:08     вердикт: RED
15:10:08 === #1541: 4225 ===
15:10:12     вердикт: RED
15:10:12 === #1542: 5775 ===
15:10:17     вердикт: RED
15:10:17 === #1543: 4224 ===
15:10:22     вердикт: RED
15:10:22 === #1544: 5776 ===
15:10:26     вердикт: RED
15:10:26 === #1545: 4223 ===
15:10:30     вердикт: RED
15:10:31 === #1546: 5777 ===
15:10:35     вердикт: RED
15:10:35 === #1547: 4222 ===
15:10:39     вердикт: RED
15:10:39 === #1548: 5778 ===
15:10:44     вердикт: RED
15:10:44 === #1549: 4221 ===
15:10:48     вердикт: RED
15:10:48 === #1550: 5779 ===
15:10:52     вердикт: RED
15:10:52 === #1551: 4220 ===
15:10:56     вердикт: RED
15:10:56 === #1552: 5780 ===
15:11:00     вердикт: RED
15:11:00 === #1553: 4219 ===
15:11:04     вердикт: RED
15:11:04 === #1554: 5781 ===
15:11:08     вердикт: RED
15:11:09 === #1555: 4218 ===
15:11:12     вердикт: RED
15:11:13 === #1556: 5782 ===
15:11:17     вердикт: RED
15:11:17 === #1557: 4217 ===
15:11:21     вердикт: RED
15:11:21 === #1558: 5783 ===
15:11:25     вердикт: RED
15:11:26 === #1559: 4216 ===
15:11:30     вердикт: RED
15:11:30 === #1560: 5784 ===
15:11:34     вердикт: RED
15:11:35 === #1561: 4215 ===
15:11:39     вердикт: RED
15:11:39 === #1562: 5785 ===
15:11:44     вердикт: RED
15:11:44 === #1563: 4214 ===
15:11:48     вердикт: RED
15:11:48 === #1564: 5786 ===
15:11:52     вердикт: RED
15:11:53 === #1565: 4213 ===
15:11:57     вердикт: RED
15:11:57 === #1566: 5787 ===
15:12:01     вердикт: RED
15:12:01 === #1567: 4212 ===
15:12:05     вердикт: RED
15:12:05 === #1568: 5788 ===
15:12:09     вердикт: RED
15:12:10 === #1569: 4211 ===
15:12:13     вердикт: RED
15:12:14 === #1570: 5789 ===
15:12:18     вердикт: RED
15:12:18 === #1571: 4210 ===
15:12:22     вердикт: RED
15:12:22 === #1572: 5790 ===
15:12:26     вердикт: RED
15:12:26 === #1573: 4209 ===
15:12:29     вердикт: RED
15:12:30 === #1574: 5791 ===
15:12:34     вердикт: RED
15:12:34 === #1575: 4208 ===
15:12:37     вердикт: RED
15:12:38 === #1576: 5792 ===
15:12:42     вердикт: RED
15:12:42 === #1577: 4207 ===
15:12:46     вердикт: RED
15:12:46 === #1578: 5793 ===
15:12:50     вердикт: RED
15:12:50 === #1579: 4206 ===
15:12:54     вердикт: RED
15:12:54 === #1580: 5794 ===
15:12:59     вердикт: RED
15:12:59 === #1581: 4205 ===
15:13:03     вердикт: RED
15:13:03 === #1582: 5795 ===
15:13:08     вердикт: RED
15:13:08 === #1583: 4204 ===
15:13:12     вердикт: RED
15:13:12 === #1584: 5796 ===
15:13:16     вердикт: RED
15:13:17 === #1585: 4203 ===
15:13:20     вердикт: RED
15:13:20 === #1586: 5797 ===
15:13:25     вердикт: RED
15:13:25 === #1587: 4202 ===
15:13:29     вердикт: RED
15:13:29 === #1588: 5798 ===
15:13:33     вердикт: RED
15:13:33 === #1589: 4201 ===
15:13:37     вердикт: RED
15:13:37 === #1590: 5799 ===
15:13:41     вердикт: RED
15:13:41 === #1591: 4200 ===
15:13:44     вердикт: RED
15:13:45 === #1592: 5800 ===
15:13:48     вердикт: RED
15:13:48 === #1593: 4199 ===
15:13:52     вердикт: RED
15:13:52 === #1594: 5801 ===
15:13:56     вердикт: RED
15:13:56 === #1595: 4198 ===
15:14:00     вердикт: RED
15:14:00 === #1596: 5802 ===
15:14:04     вердикт: RED
15:14:04 === #1597: 4197 ===
15:14:08     вердикт: RED
15:14:08 === #1598: 5803 ===
15:14:12     вердикт: RED
15:14:12 === #1599: 4196 ===
15:14:16     вердикт: RED
15:14:16 === #1600: 5804 ===
15:14:21     вердикт: RED
15:14:21 === #1601: 4195 ===
15:14:25     вердикт: RED
15:14:25 === #1602: 5805 ===
15:14:29     вердикт: RED
15:14:29 === #1603: 4194 ===
15:14:33     вердикт: RED
15:14:33 === #1604: 5806 ===
15:14:37     вердикт: RED
15:14:38 === #1605: 4193 ===
15:14:41     вердикт: RED
15:14:42 === #1606: 5807 ===
15:14:46     вердикт: RED
15:14:46 === #1607: 4192 ===
15:14:50     вердикт: RED
15:14:50 === #1608: 5808 ===
15:14:54     вердикт: RED
15:14:54 === #1609: 4191 ===
15:14:57     вердикт: RED
15:14:58 === #1610: 5809 ===
15:15:01     вердикт: RED
15:15:01 === #1611: 4190 ===
15:15:05     вердикт: RED
15:15:05 === #1612: 5810 ===
15:15:09     вердикт: RED
15:15:09 === #1613: 4189 ===
15:15:13     вердикт: RED
15:15:13 === #1614: 5811 ===
15:15:17     вердикт: RED
15:15:17 === #1615: 4188 ===
15:15:21     вердикт: RED
15:15:21 === #1616: 5812 ===
15:15:25     вердикт: RED
15:15:25 === #1617: 4187 ===
15:15:29     вердикт: RED
15:15:29 === #1618: 5813 ===
15:15:33     вердикт: RED
15:15:33 === #1619: 4186 ===
15:15:38     вердикт: RED
15:15:38 === #1620: 5814 ===
15:15:42     вердикт: RED
15:15:42 === #1621: 4185 ===
15:15:46     вердикт: RED
15:15:46 === #1622: 5815 ===
15:15:51     вердикт: RED
15:15:51 === #1623: 4184 ===
15:15:55     вердикт: RED
15:15:55 === #1624: 5816 ===
15:15:59     вердикт: RED
15:16:00 === #1625: 4183 ===
15:16:04     вердикт: RED
15:16:04 === #1626: 5817 ===
15:16:08     вердикт: RED
15:16:08 === #1627: 4182 ===
15:16:12     вердикт: RED
15:16:12 === #1628: 5818 ===
15:16:16     вердикт: RED
15:16:16 === #1629: 4181 ===
15:16:20     вердикт: RED
15:16:20 === #1630: 5819 ===
15:16:24     вердикт: RED
15:16:24 === #1631: 4180 ===
15:16:28     вердикт: RED
15:16:28 === #1632: 5820 ===
15:16:32     вердикт: RED
15:16:32 === #1633: 4179 ===
15:16:36     вердикт: RED
15:16:36 === #1634: 5821 ===
15:16:40     вердикт: RED
15:16:40 === #1635: 4178 ===
15:16:44     вердикт: RED
15:16:44 === #1636: 5822 ===
15:16:48     вердикт: RED
15:16:49 === #1637: 4177 ===
15:16:53     вердикт: RED
15:16:53 === #1638: 5823 ===
15:16:57     вердикт: RED
15:16:57 === #1639: 4176 ===
15:17:02     вердикт: RED
15:17:02 === #1640: 5824 ===
15:17:06     вердикт: RED
15:17:06 === #1641: 4175 ===
15:17:11     вердикт: RED
15:17:11 === #1642: 5825 ===
15:17:15     вердикт: RED
15:17:15 === #1643: 4174 ===
15:17:19     вердикт: RED
15:17:20 === #1644: 5826 ===
15:17:24     вердикт: RED
15:17:24 === #1645: 4173 ===
15:17:28     вердикт: RED
15:17:28 === #1646: 5827 ===
15:17:33     вердикт: RED
15:17:33 === #1647: 4172 ===
15:17:37     вердикт: RED
15:17:37 === #1648: 5828 ===
15:17:41     вердикт: RED
15:17:41 === #1649: 4171 ===
15:17:45     вердикт: RED
15:17:45 === #1650: 5829 ===
15:17:49     вердикт: RED
15:17:49 === #1651: 4170 ===
15:17:53     вердикт: RED
15:17:53 === #1652: 5830 ===
15:17:57     вердикт: RED
15:17:57 === #1653: 4169 ===
15:18:01     вердикт: RED
15:18:01 === #1654: 5831 ===
15:18:06     вердикт: RED
15:18:06 === #1655: 4168 ===
15:18:10     вердикт: RED
15:18:10 === #1656: 5832 ===
15:18:14     вердикт: RED
15:18:14 === #1657: 4167 ===
15:18:19     вердикт: RED
15:18:19 === #1658: 5833 ===
15:18:23     вердикт: RED
15:18:23 === #1659: 4166 ===
15:18:28     вердикт: RED
15:18:28 === #1660: 5834 ===
15:18:32     вердикт: RED
15:18:33 === #1661: 4165 ===
15:18:37     вердикт: RED
15:18:37 === #1662: 5835 ===
15:18:42     вердикт: RED
15:18:42 === #1663: 4164 ===
15:18:46     вердикт: RED
15:18:46 === #1664: 5836 ===
15:18:51     вердикт: RED
15:18:51 === #1665: 4163 ===
15:18:55     вердикт: RED
15:18:55 === #1666: 5837 ===
15:19:00     вердикт: RED
15:19:00 === #1667: 4162 ===
15:19:04     вердикт: RED
15:19:04 === #1668: 5838 ===
15:19:08     вердикт: RED
15:19:09 === #1669: 4161 ===
15:19:13     вердикт: RED
15:19:13 === #1670: 5839 ===
15:19:17     вердикт: RED
15:19:17 === #1671: 4160 ===
15:19:21     вердикт: RED
15:19:21 === #1672: 5840 ===
15:19:25     вердикт: RED
15:19:25 === #1673: 4159 ===
15:19:29     вердикт: RED
15:19:30 === #1674: 5841 ===
15:19:34     вердикт: RED
15:19:34 === #1675: 4158 ===
15:19:38     вердикт: RED
15:19:38 === #1676: 5842 ===
15:19:43     вердикт: RED
15:19:43 === #1677: 4157 ===
15:19:47     вердикт: RED
15:19:47 === #1678: 5843 ===
15:19:52     вердикт: RED
15:19:52 === #1679: 4156 ===
15:19:57     вердикт: RED
15:19:57 === #1680: 5844 ===
15:20:01     вердикт: RED
15:20:01 === #1681: 4155 ===
15:20:06     вердикт: RED
15:20:06 === #1682: 5845 ===
15:20:11     вердикт: RED
15:20:11 === #1683: 4154 ===
15:20:16     вердикт: RED
15:20:16 === #1684: 5846 ===
15:20:20     вердикт: RED
15:20:21 === #1685: 4153 ===
15:20:25     вердикт: RED
15:20:25 === #1686: 5847 ===
15:20:30     вердикт: RED
15:20:30 === #1687: 4152 ===
15:20:34     вердикт: RED
15:20:34 === #1688: 5848 ===
15:20:39     вердикт: RED
15:20:39 === #1689: 4151 ===
15:20:43     вердикт: RED
15:20:43 === #1690: 5849 ===
15:20:47     вердикт: RED
15:20:47 === #1691: 4150 ===
15:20:51     вердикт: RED
15:20:52 === #1692: 5850 ===
15:20:56     вердикт: RED
15:20:56 === #1693: 4149 ===
15:21:00     вердикт: RED
15:21:00 === #1694: 5851 ===
15:21:04     вердикт: RED
15:21:05 === #1695: 4148 ===
15:21:09     вердикт: RED
15:21:09 === #1696: 5852 ===
15:21:13     вердикт: RED
15:21:14 === #1697: 4147 ===
15:21:18     вердикт: RED
15:21:18 === #1698: 5853 ===
15:21:23     вердикт: RED
15:21:23 === #1699: 4146 ===
15:21:27     вердикт: RED
15:21:27 === #1700: 5854 ===
15:21:32     вердикт: RED
15:21:32 === #1701: 4145 ===
15:21:37     вердикт: RED
15:21:37 === #1702: 5855 ===
15:21:42     вердикт: RED
15:21:42 === #1703: 4144 ===
15:21:46     вердикт: RED
15:21:46 === #1704: 5856 ===
15:21:51     вердикт: RED
15:21:51 === #1705: 4143 ===
15:21:55     вердикт: RED
15:21:56 === #1706: 5857 ===
15:22:00     вердикт: RED
15:22:00 === #1707: 4142 ===
15:22:04     вердикт: RED
15:22:05 === #1708: 5858 ===
15:22:09     вердикт: RED
15:22:09 === #1709: 4141 ===
15:22:13     вердикт: RED
15:22:13 === #1710: 5859 ===
15:22:18     вердикт: RED
15:22:18 === #1711: 4140 ===
15:22:22     вердикт: RED
15:22:22 === #1712: 5860 ===
15:22:26     вердикт: RED
15:22:26 === #1713: 4139 ===
15:22:30     вердикт: RED
15:22:30 === #1714: 5861 ===
15:22:35     вердикт: RED
15:22:35 === #1715: 4138 ===
15:22:39     вердикт: RED
15:22:39 === #1716: 5862 ===
15:22:43     вердикт: RED
15:22:43 === #1717: 4137 ===
15:22:48     вердикт: RED
15:22:48 === #1718: 5863 ===
15:22:52     вердикт: RED
15:22:52 === #1719: 4136 ===
15:22:57     вердикт: RED
15:22:57 === #1720: 5864 ===
15:23:01     вердикт: RED
15:23:02 === #1721: 4135 ===
15:23:06     вердикт: RED
15:23:06 === #1722: 5865 ===
15:23:11     вердикт: RED
15:23:11 === #1723: 4134 ===
15:23:15     вердикт: RED
15:23:15 === #1724: 5866 ===
15:23:20     вердикт: RED
15:23:20 === #1725: 4133 ===
15:23:24     вердикт: RED
15:23:24 === #1726: 5867 ===
15:23:29     вердикт: RED
15:23:29 === #1727: 4132 ===
15:23:33     вердикт: RED
15:23:33 === #1728: 5868 ===
15:23:37     вердикт: RED
15:23:38 === #1729: 4131 ===
15:23:41     вердикт: RED
15:23:42 === #1730: 5869 ===
15:23:46     вердикт: RED
15:23:46 === #1731: 4130 ===
15:23:50     вердикт: RED
15:23:50 === #1732: 5870 ===
15:23:54     вердикт: RED
15:23:54 === #1733: 4129 ===
15:23:58     вердикт: RED
15:23:58 === #1734: 5871 ===
15:24:02     вердикт: RED
15:24:02 === #1735: 4128 ===
15:24:06     вердикт: RED
15:24:06 === #1736: 5872 ===
15:24:10     вердикт: RED
15:24:10 === #1737: 4127 ===
15:24:14     вердикт: RED
15:24:15 === #1738: 5873 ===
15:24:19     вердикт: RED
15:24:19 === #1739: 4126 ===
15:24:23     вердикт: RED
15:24:23 === #1740: 5874 ===
15:24:28     вердикт: RED
15:24:28 === #1741: 4125 ===
15:24:32     вердикт: RED
15:24:32 === #1742: 5875 ===
15:24:37     вердикт: RED
15:24:37 === #1743: 4124 ===
15:24:41     вердикт: RED
15:24:41 === #1744: 5876 ===
15:24:46     вердикт: RED
15:24:46 === #1745: 4123 ===
15:24:50     вердикт: RED
15:24:50 === #1746: 5877 ===
15:24:55     вердикт: RED
15:24:55 === #1747: 4122 ===
15:24:59     вердикт: RED
15:24:59 === #1748: 5878 ===
15:25:03     вердикт: RED
15:25:03 === #1749: 4121 ===
15:25:07     вердикт: RED
15:25:07 === #1750: 5879 ===
15:25:11     вердикт: RED
15:25:11 === #1751: 4120 ===
15:25:15     вердикт: RED
15:25:15 === #1752: 5880 ===
15:25:19     вердикт: RED
15:25:19 === #1753: 4119 ===
15:25:23     вердикт: RED
15:25:23 === #1754: 5881 ===
15:25:27     вердикт: RED
15:25:27 === #1755: 4118 ===
15:25:31     вердикт: RED
15:25:31 === #1756: 5882 ===
15:25:35     вердикт: RED
15:25:35 === #1757: 4117 ===
15:25:39     вердикт: RED
15:25:39 === #1758: 5883 ===
15:25:43     вердикт: RED
15:25:44 === #1759: 4116 ===
15:25:47     вердикт: RED
15:25:48 === #1760: 5884 ===
15:25:52     вердикт: RED
15:25:52 === #1761: 4115 ===
15:25:56     вердикт: RED
15:25:56 === #1762: 5885 ===
15:26:01     вердикт: RED
15:26:01 === #1763: 4114 ===
15:26:05     вердикт: RED
15:26:05 === #1764: 5886 ===
15:26:10     вердикт: RED
15:26:10 === #1765: 4113 ===
15:26:13     вердикт: RED
15:26:14 === #1766: 5887 ===
15:26:18     вердикт: RED
15:26:18 === #1767: 4112 ===
15:26:22     вердикт: RED
15:26:22 === #1768: 5888 ===
15:26:26     вердикт: RED
15:26:26 === #1769: 4111 ===
15:26:30     вердикт: RED
15:26:30 === #1770: 5889 ===
15:26:34     вердикт: RED
15:26:34 === #1771: 4110 ===
15:26:38     вердикт: RED
15:26:38 === #1772: 5890 ===
15:26:42     вердикт: RED
15:26:42 === #1773: 4109 ===
15:26:45     вердикт: RED
15:26:46 === #1774: 5891 ===
15:26:49     вердикт: RED
15:26:50 === #1775: 4108 ===
15:26:53     вердикт: RED
15:26:53 === #1776: 5892 ===
15:26:57     вердикт: RED
15:26:58 === #1777: 4107 ===
15:27:01     вердикт: RED
15:27:02 === #1778: 5893 ===
15:27:06     вердикт: RED
15:27:06 === #1779: 4106 ===
15:27:10     вердикт: RED
15:27:10 === #1780: 5894 ===
15:27:14     вердикт: RED
15:27:14 === #1781: 4105 ===
15:27:18     вердикт: RED
15:27:18 === #1782: 5895 ===
15:27:23     вердикт: RED
15:27:23 === #1783: 4104 ===
15:27:27     вердикт: RED
15:27:27 === #1784: 5896 ===
15:27:31     вердикт: RED
15:27:31 === #1785: 4103 ===
15:27:35     вердикт: RED
15:27:35 === #1786: 5897 ===
15:27:39     вердикт: RED
15:27:39 === #1787: 4102 ===
15:27:43     вердикт: RED
15:27:43 === #1788: 5898 ===
15:27:47     вердикт: RED
15:27:47 === #1789: 4101 ===
15:27:51     вердикт: RED
15:27:51 === #1790: 5899 ===
15:27:55     вердикт: RED
15:27:55 === #1791: 4100 ===
15:27:58     вердикт: RED
15:27:58 === #1792: 5900 ===
15:28:02     вердикт: RED
15:28:02 === #1793: 4099 ===
15:28:06     вердикт: RED
15:28:06 === #1794: 5901 ===
15:28:09     вердикт: RED
15:28:10 === #1795: 4098 ===
15:28:13     вердикт: RED
15:28:13 === #1796: 5902 ===
15:28:17     вердикт: RED
15:28:17 === #1797: 4097 ===
15:28:21     вердикт: RED
15:28:21 === #1798: 5903 ===
15:28:25     вердикт: RED
15:28:25 === #1799: 4096 ===
15:28:29     вердикт: RED
15:28:29 === #1800: 5904 ===
15:28:33     вердикт: RED
15:28:33 === #1801: 4095 ===
15:28:37     вердикт: RED
15:28:38 === #1802: 5905 ===
15:28:42     вердикт: RED
15:28:42 === #1803: 4094 ===
15:28:46     вердикт: RED
15:28:46 === #1804: 5906 ===
15:28:50     вердикт: RED
15:28:50 === #1805: 4093 ===
15:28:54     вердикт: RED
15:28:54 === #1806: 5907 ===
15:28:58     вердикт: RED
15:28:58 === #1807: 4092 ===
15:29:02     вердикт: RED
15:29:02 === #1808: 5908 ===
15:29:05     вердикт: RED
15:29:06 === #1809: 4091 ===
15:29:09     вердикт: RED
15:29:09 === #1810: 5909 ===
15:29:13     вердикт: RED
15:29:13 === #1811: 4090 ===
15:29:16     вердикт: RED
15:29:17 === #1812: 5910 ===
15:29:20     вердикт: RED
15:29:20 === #1813: 4089 ===
15:29:24     вердикт: RED
15:29:24 === #1814: 5911 ===
15:29:28     вердикт: RED
15:29:28 === #1815: 4088 ===
15:29:32     вердикт: RED
15:29:32 === #1816: 5912 ===
15:29:36     вердикт: RED
15:29:36 === #1817: 4087 ===
15:29:40     вердикт: RED
15:29:40 === #1818: 5913 ===
15:29:44     вердикт: RED
15:29:44 === #1819: 4086 ===
15:29:48     вердикт: RED
15:29:48 === #1820: 5914 ===
15:29:52     вердикт: RED
15:29:53 === #1821: 4085 ===
15:29:57     вердикт: RED
15:29:57 === #1822: 5915 ===
15:30:01     вердикт: RED
15:30:01 === #1823: 4084 ===
15:30:05     вердикт: RED
15:30:05 === #1824: 5916 ===
15:30:09     вердикт: RED
15:30:10 === #1825: 4083 ===
15:30:14     вердикт: RED
15:30:14 === #1826: 5917 ===
15:30:18     вердикт: RED
15:30:18 === #1827: 4082 ===
15:30:22     вердикт: RED
15:30:22 === #1828: 5918 ===
15:30:26     вердикт: RED
15:30:26 === #1829: 4081 ===
15:30:30     вердикт: RED
15:30:30 === #1830: 5919 ===
15:30:33     вердикт: RED
15:30:34 === #1831: 4080 ===
15:30:37     вердикт: RED
15:30:37 === #1832: 5920 ===
15:30:41     вердикт: RED
15:30:41 === #1833: 4079 ===
15:30:45     вердикт: RED
15:30:45 === #1834: 5921 ===
15:30:49     вердикт: RED
15:30:49 === #1835: 4078 ===
15:30:53     вердикт: RED
15:30:53 === #1836: 5922 ===
15:30:57     вердикт: RED
15:30:57 === #1837: 4077 ===
15:31:01     вердикт: RED
15:31:01 === #1838: 5923 ===
15:31:06     вердикт: RED
15:31:06 === #1839: 4076 ===
15:31:10     вердикт: RED
15:31:10 === #1840: 5924 ===
15:31:14     вердикт: RED
15:31:14 === #1841: 4075 ===
15:31:19     вердикт: RED
15:31:19 === #1842: 5925 ===
15:31:23     вердикт: RED
15:31:23 === #1843: 4074 ===
15:31:27     вердикт: RED
15:31:28 === #1844: 5926 ===
15:31:32     вердикт: RED
15:31:32 === #1845: 4073 ===
15:31:36     вердикт: RED
15:31:36 === #1846: 5927 ===
15:31:40     вердикт: RED
15:31:40 === #1847: 4072 ===
15:31:44     вердикт: RED
15:31:44 === #1848: 5928 ===
15:31:48     вердикт: RED
15:31:49 === #1849: 4071 ===
15:31:52     вердикт: RED
15:31:53 === #1850: 5929 ===
15:31:57     вердикт: RED
15:31:57 === #1851: 4070 ===
15:32:00     вердикт: RED
15:32:00 === #1852: 5930 ===
15:32:04     вердикт: RED
15:32:04 === #1853: 4069 ===
15:32:08     вердикт: RED
15:32:08 === #1854: 5931 ===
15:32:12     вердикт: RED
15:32:13 === #1855: 4068 ===
15:32:17     вердикт: RED
15:32:17 === #1856: 5932 ===
15:32:21     вердикт: RED
15:32:21 === #1857: 4067 ===
15:32:25     вердикт: RED
15:32:25 === #1858: 5933 ===
15:32:30     вердикт: RED
15:32:30 === #1859: 4066 ===
15:32:34     вердикт: RED
15:32:34 === #1860: 5934 ===
15:32:38     вердикт: RED
15:32:39 === #1861: 4065 ===
15:32:43     вердикт: RED
15:32:43 === #1862: 5935 ===
15:32:48     вердикт: RED
15:32:48 === #1863: 4064 ===
15:32:52     вердикт: RED
15:32:52 === #1864: 5936 ===
15:32:57     вердикт: RED
15:32:57 === #1865: 4063 ===
15:33:01     вердикт: RED
15:33:01 === #1866: 5937 ===
15:33:05     вердикт: RED
15:33:06 === #1867: 4062 ===
15:33:09     вердикт: RED
15:33:10 === #1868: 5938 ===
15:33:14     вердикт: RED
15:33:14 === #1869: 4061 ===
15:33:18     вердикт: RED
15:33:18 === #1870: 5939 ===
15:33:22     вердикт: RED
15:33:22 === #1871: 4060 ===
15:33:26     вердикт: RED
15:33:26 === #1872: 5940 ===
15:33:30     вердикт: RED
15:33:30 === #1873: 4059 ===
15:33:34     вердикт: RED
15:33:34 === #1874: 5941 ===
15:33:39     вердикт: RED
15:33:39 === #1875: 4058 ===
15:33:43     вердикт: RED
15:33:43 === #1876: 5942 ===
15:33:47     вердикт: RED
15:33:47 === #1877: 4057 ===
15:33:52     вердикт: RED
15:33:52 === #1878: 5943 ===
15:33:56     вердикт: RED
15:33:56 === #1879: 4056 ===
15:34:01     вердикт: RED
15:34:01 === #1880: 5944 ===
15:34:05     вердикт: RED
15:34:05 === #1881: 4055 ===
15:34:10     вердикт: RED
15:34:10 === #1882: 5945 ===
15:34:15     вердикт: RED
15:34:15 === #1883: 4054 ===
15:34:19     вердикт: RED
15:34:19 === #1884: 5946 ===
15:34:24     вердикт: RED
15:34:24 === #1885: 4053 ===
15:34:28     вердикт: RED
15:34:29 === #1886: 5947 ===
15:34:33     вердикт: RED
15:34:33 === #1887: 4052 ===
15:34:37     вердикт: RED
15:34:37 === #1888: 5948 ===
15:34:42     вердикт: RED
15:34:42 === #1889: 4051 ===
15:34:46     вердикт: RED
15:34:46 === #1890: 5949 ===
15:34:50     вердикт: RED
15:34:50 === #1891: 4050 ===
15:34:54     вердикт: RED
15:34:54 === #1892: 5950 ===
15:34:58     вердикт: RED
15:34:59 === #1893: 4049 ===
15:35:02     вердикт: RED
15:35:03 === #1894: 5951 ===
15:35:07     вердикт: RED
15:35:07 === #1895: 4048 ===
15:35:11     вердикт: RED
15:35:11 === #1896: 5952 ===
15:35:16     вердикт: RED
15:35:16 === #1897: 4047 ===
15:35:20     вердикт: RED
15:35:20 === #1898: 5953 ===
15:35:24     вердикт: RED
15:35:25 === #1899: 4046 ===
15:35:29     вердикт: RED
15:35:29 === #1900: 5954 ===
15:35:34     вердикт: RED
15:35:34 === #1901: 4045 ===
15:35:38     вердикт: RED
15:35:38 === #1902: 5955 ===
15:35:43     вердикт: RED
15:35:43 === #1903: 4044 ===
15:35:47     вердикт: RED
15:35:48 === #1904: 5956 ===
15:35:52     вердикт: RED
15:35:52 === #1905: 4043 ===
15:35:56     вердикт: RED
15:35:57 === #1906: 5957 ===
15:36:01     вердикт: RED
15:36:01 === #1907: 4042 ===
15:36:05     вердикт: RED
15:36:05 === #1908: 5958 ===
15:36:10     вердикт: RED
15:36:10 === #1909: 4041 ===
15:36:14     вердикт: RED
15:36:14 === #1910: 5959 ===
15:36:18     вердикт: RED
15:36:18 === #1911: 4040 ===
15:36:22     вердикт: RED
15:36:22 === #1912: 5960 ===
15:36:26     вердикт: RED
15:36:26 === #1913: 4039 ===
15:36:30     вердикт: RED
15:36:30 === #1914: 5961 ===
15:36:34     вердикт: RED
15:36:35 === #1915: 4038 ===
15:36:39     вердикт: RED
15:36:39 === #1916: 5962 ===
15:36:43     вердикт: RED
15:36:43 === #1917: 4037 ===
15:36:47     вердикт: RED
15:36:47 === #1918: 5963 ===
15:36:52     вердикт: RED
15:36:52 === #1919: 4036 ===
15:36:56     вердикт: RED
15:36:56 === #1920: 5964 ===
15:37:01     вердикт: RED
15:37:01 === #1921: 4035 ===
15:37:05     вердикт: RED
15:37:05 === #1922: 5965 ===
15:37:10     вердикт: RED
15:37:10 === #1923: 4034 ===
15:37:14     вердикт: RED
15:37:14 === #1924: 5966 ===
15:37:19     вердикт: RED
15:37:19 === #1925: 4033 ===
15:37:23     вердикт: RED
15:37:23 === #1926: 5967 ===
15:37:27     вердикт: RED
15:37:27 === #1927: 4032 ===
15:37:31     вердикт: RED
15:37:31 === #1928: 5968 ===
15:37:36     вердикт: RED
15:37:36 === #1929: 4031 ===
15:37:39     вердикт: RED
15:37:40 === #1930: 5969 ===
15:37:44     вердикт: RED
15:37:44 === #1931: 4030 ===
15:37:47     вердикт: RED
15:37:48 === #1932: 5970 ===
15:37:51     вердикт: RED
15:37:52 === #1933: 4029 ===
15:37:55     вердикт: RED
15:37:55 === #1934: 5971 ===
15:37:59     вердикт: RED
15:37:59 === #1935: 4028 ===
15:38:03     вердикт: RED
15:38:03 === #1936: 5972 ===
15:38:08     вердикт: RED
15:38:08 === #1937: 4027 ===
15:38:12     вердикт: RED
15:38:12 === #1938: 5973 ===
15:38:16     вердикт: RED
15:38:16 === #1939: 4026 ===
15:38:20     вердикт: RED
15:38:20 === #1940: 5974 ===
15:38:25     вердикт: RED
15:38:25 === #1941: 4025 ===
15:38:29     вердикт: RED
15:38:29 === #1942: 5975 ===
15:38:34     вердикт: RED
15:38:34 === #1943: 4024 ===
15:38:38     вердикт: RED
15:38:38 === #1944: 5976 ===
15:38:42     вердикт: RED
15:38:43 === #1945: 4023 ===
15:38:46     вердикт: RED
15:38:47 === #1946: 5977 ===
15:38:51     вердикт: RED
15:38:51 === #1947: 4022 ===
15:38:55     вердикт: RED
15:38:55 === #1948: 5978 ===
15:38:59     вердикт: RED
15:38:59 === #1949: 4021 ===
15:39:03     вердикт: RED
15:39:03 === #1950: 5979 ===
15:39:07     вердикт: RED
15:39:07 === #1951: 4020 ===
15:39:10     вердикт: RED
15:39:11 === #1952: 5980 ===
15:39:14     вердикт: RED
15:39:14 === #1953: 4019 ===
15:39:18     вердикт: RED
15:39:18 === #1954: 5981 ===
15:39:22     вердикт: RED
15:39:22 === #1955: 4018 ===
15:39:26     вердикт: RED
15:39:26 === #1956: 5982 ===
15:39:30     вердикт: RED
15:39:30 === #1957: 4017 ===
15:39:34     вердикт: RED
15:39:34 === #1958: 5983 ===
15:39:38     вердикт: RED
15:39:38 === #1959: 4016 ===
15:39:42     вердикт: RED
15:39:42 === #1960: 5984 ===
15:39:46     вердикт: RED
15:39:46 === #1961: 4015 ===
15:39:50     вердикт: RED
15:39:51 === #1962: 5985 ===
15:39:55     вердикт: RED
15:39:55 === #1963: 4014 ===
15:39:59     вердикт: RED
15:39:59 === #1964: 5986 ===
15:40:03     вердикт: RED
15:40:04 === #1965: 4013 ===
15:40:07     вердикт: RED
15:40:07 === #1966: 5987 ===
15:40:12     вердикт: RED
15:40:12 === #1967: 4012 ===
15:40:15     вердикт: RED
15:40:16 === #1968: 5988 ===
15:40:19     вердикт: RED
15:40:20 === #1969: 4011 ===
15:40:23     вердикт: RED
15:40:23 === #1970: 5989 ===
15:40:27     вердикт: RED
15:40:27 === #1971: 4010 ===
15:40:31     вердикт: RED
15:40:31 === #1972: 5990 ===
15:40:34     вердикт: RED
15:40:34 === #1973: 4009 ===
15:40:38     вердикт: RED
15:40:38 === #1974: 5991 ===
15:40:42     вердикт: RED
15:40:42 === #1975: 4008 ===
15:40:45     вердикт: RED
15:40:46 === #1976: 5992 ===
15:40:49     вердикт: RED
15:40:50 === #1977: 4007 ===
15:40:53     вердикт: RED
15:40:53 === #1978: 5993 ===
15:40:57     вердикт: RED
15:40:57 === #1979: 4006 ===
15:41:01     вердикт: RED
15:41:01 === #1980: 5994 ===
15:41:05     вердикт: RED
15:41:05 === #1981: 4005 ===
15:41:09     вердикт: RED
15:41:09 === #1982: 5995 ===
15:41:14     вердикт: RED
15:41:14 === #1983: 4004 ===
15:41:18     вердикт: RED
15:41:18 === #1984: 5996 ===
15:41:22     вердикт: RED
15:41:22 === #1985: 4003 ===
15:41:26     вердикт: RED
15:41:26 === #1986: 5997 ===
15:41:30     вердикт: RED
15:41:30 === #1987: 4002 ===
15:41:33     вердикт: RED
15:41:34 === #1988: 5998 ===
15:41:37     вердикт: RED
15:41:38 === #1989: 4001 ===
15:41:41     вердикт: RED
15:41:41 === #1990: 5999 ===
15:41:45     вердикт: RED
15:41:45 === #1991: 4000 ===
15:41:48     вердикт: RED
15:41:48 === #1992: 6000 ===
15:41:52     вердикт: RED
15:41:52 === #1993: 3999 ===
15:41:56     вердикт: RED
15:41:56 === #1994: 6001 ===
15:41:59     вердикт: RED
15:41:59 === #1995: 3998 ===
15:42:03     вердикт: RED
15:42:03 === #1996: 6002 ===
15:42:06     вердикт: RED
15:42:07 === #1997: 3997 ===
15:42:10     вердикт: RED
15:42:11 === #1998: 6003 ===
15:42:14     вердикт: RED
15:42:14 === #1999: 3996 ===
15:42:18     вердикт: RED
15:42:18 === #2000: 6004 ===
15:42:22     вердикт: RED
15:42:22 === #2001: 3995 ===
15:42:26     вердикт: RED
15:42:26 === #2002: 6005 ===
15:42:30     вердикт: RED
15:42:30 === #2003: 3994 ===
15:42:34     вердикт: RED
15:42:34 === #2004: 6006 ===
15:42:38     вердикт: RED
15:42:38 === #2005: 3993 ===
15:42:42     вердикт: RED
15:42:42 === #2006: 6007 ===
15:42:46     вердикт: RED
15:42:46 === #2007: 3992 ===
15:42:50     вердикт: RED
15:42:50 === #2008: 6008 ===
15:42:53     вердикт: RED
15:42:53 === #2009: 3991 ===
15:42:57     вердикт: RED
15:42:57 === #2010: 6009 ===
15:43:01     вердикт: RED
15:43:01 === #2011: 3990 ===
15:43:04     вердикт: RED
15:43:04 === #2012: 6010 ===
15:43:08     вердикт: RED
15:43:08 === #2013: 3989 ===
15:43:12     вердикт: RED
15:43:12 === #2014: 6011 ===
15:43:15     вердикт: RED
15:43:15 === #2015: 3988 ===
15:43:19     вердикт: RED
15:43:19 === #2016: 6012 ===
15:43:23     вердикт: RED
15:43:23 === #2017: 3987 ===
15:43:27     вердикт: RED
15:43:27 === #2018: 6013 ===
15:43:31     вердикт: RED
15:43:31 === #2019: 3986 ===
15:43:35     вердикт: RED
15:43:35 === #2020: 6014 ===
15:43:39     вердикт: RED
15:43:39 === #2021: 3985 ===
15:43:43     вердикт: RED
15:43:43 === #2022: 6015 ===
15:43:47     вердикт: RED
15:43:48 === #2023: 3984 ===
15:43:52     вердикт: RED
15:43:52 === #2024: 6016 ===
15:43:55     вердикт: RED
15:43:56 === #2025: 3983 ===
15:44:00     вердикт: RED
15:44:00 === #2026: 6017 ===
15:44:03     вердикт: RED
15:44:04 === #2027: 3982 ===
15:44:07     вердикт: RED
15:44:08 === #2028: 6018 ===
15:44:11     вердикт: RED
15:44:11 === #2029: 3981 ===
15:44:15     вердикт: RED
15:44:15 === #2030: 6019 ===
15:44:19     вердикт: RED
15:44:19 === #2031: 3980 ===
15:44:22     вердикт: RED
15:44:22 === #2032: 6020 ===
15:44:26     вердикт: RED
15:44:26 === #2033: 3979 ===
15:44:30     вердикт: RED
15:44:30 === #2034: 6021 ===
15:44:34     вердикт: RED
15:44:34 === #2035: 3978 ===
15:44:38     вердикт: RED
15:44:38 === #2036: 6022 ===
15:44:42     вердикт: RED
15:44:42 === #2037: 3977 ===
15:44:46     вердикт: RED
15:44:46 === #2038: 6023 ===
15:44:50     вердикт: RED
15:44:50 === #2039: 3976 ===
15:44:54     вердикт: RED
15:44:54 === #2040: 6024 ===
15:44:58     вердикт: RED
15:44:58 === #2041: 3975 ===
15:45:03     вердикт: RED
15:45:03 === #2042: 6025 ===
15:45:07     вердикт: RED
15:45:07 === #2043: 3974 ===
15:45:11     вердикт: RED
15:45:11 === #2044: 6026 ===
15:45:15     вердикт: RED
15:45:16 === #2045: 3973 ===
15:45:20     вердикт: RED
15:45:20 === #2046: 6027 ===
15:45:24     вердикт: RED
15:45:24 === #2047: 3972 ===
15:45:28     вердикт: RED
15:45:28 === #2048: 6028 ===
15:45:32     вердикт: RED
15:45:32 === #2049: 3971 ===
15:45:35     вердикт: RED
15:45:36 === #2050: 6029 ===
15:45:39     вердикт: RED
15:45:39 === #2051: 3970 ===
15:45:43     вердикт: RED
15:45:43 === #2052: 6030 ===
15:45:47     вердикт: RED
15:45:47 === #2053: 3969 ===
15:45:51     вердикт: RED
15:45:51 === #2054: 6031 ===
15:45:55     вердикт: RED
15:45:55 === #2055: 3968 ===
15:45:59     вердикт: RED
15:45:59 === #2056: 6032 ===
15:46:03     вердикт: RED
15:46:03 === #2057: 3967 ===
15:46:07     вердикт: RED
15:46:08 === #2058: 6033 ===
15:46:12     вердикт: RED
15:46:12 === #2059: 3966 ===
15:46:16     вердикт: RED
15:46:16 === #2060: 6034 ===
15:46:20     вердикт: RED
15:46:20 === #2061: 3965 ===
15:46:25     вердикт: RED
15:46:25 === #2062: 6035 ===
15:46:29     вердикт: RED
15:46:29 === #2063: 3964 ===
15:46:34     вердикт: RED
15:46:34 === #2064: 6036 ===
15:46:38     вердикт: RED
15:46:38 === #2065: 3963 ===
15:46:42     вердикт: RED
15:46:42 === #2066: 6037 ===
15:46:46     вердикт: RED
15:46:47 === #2067: 3962 ===
15:46:51     вердикт: RED
15:46:51 === #2068: 6038 ===
15:46:55     вердикт: RED
15:46:55 === #2069: 3961 ===
15:46:59     вердикт: RED
15:46:59 === #2070: 6039 ===
15:47:02     вердикт: RED
15:47:03 === #2071: 3960 ===
15:47:06     вердикт: RED
15:47:07 === #2072: 6040 ===
15:47:10     вердикт: RED
15:47:10 === #2073: 3959 ===
15:47:15     вердикт: RED
15:47:15 === #2074: 6041 ===
15:47:19     вердикт: RED
15:47:19 === #2075: 3958 ===
15:47:23     вердикт: RED
15:47:23 === #2076: 6042 ===
15:47:27     вердикт: RED
15:47:27 === #2077: 3957 ===
15:47:31     вердикт: RED
15:47:32 === #2078: 6043 ===
15:47:36     вердикт: RED
15:47:36 === #2079: 3956 ===
15:47:40     вердикт: RED
15:47:40 === #2080: 6044 ===
15:47:45     вердикт: RED
15:47:45 === #2081: 3955 ===
15:47:49     вердикт: RED
15:47:49 === #2082: 6045 ===
15:47:54     вердикт: RED
15:47:54 === #2083: 3954 ===
15:47:58     вердикт: RED
15:47:59 === #2084: 6046 ===
15:48:03     вердикт: RED
15:48:03 === #2085: 3953 ===
15:48:07     вердикт: RED
15:48:07 === #2086: 6047 ===
15:48:11     вердикт: RED
15:48:12 === #2087: 3952 ===
15:48:16     вердикт: RED
15:48:16 === #2088: 6048 ===
15:48:20     вердикт: RED
15:48:20 === #2089: 3951 ===
15:48:24     вердикт: RED
15:48:24 === #2090: 6049 ===
15:48:28     вердикт: RED
15:48:28 === #2091: 3950 ===
15:48:32     вердикт: RED
15:48:32 === #2092: 6050 ===
15:48:36     вердикт: RED
15:48:36 === #2093: 3949 ===
15:48:40     вердикт: RED
15:48:40 === #2094: 6051 ===
15:48:44     вердикт: RED
15:48:45 === #2095: 3948 ===
15:48:49     вердикт: RED
15:48:49 === #2096: 6052 ===
15:48:53     вердикт: RED
15:48:53 === #2097: 3947 ===
15:48:57     вердикт: RED
15:48:57 === #2098: 6053 ===
15:49:02     вердикт: RED
15:49:02 === #2099: 3946 ===
15:49:06     вердикт: RED
15:49:06 === #2100: 6054 ===
15:49:10     вердикт: RED
15:49:11 === #2101: 3945 ===
15:49:15     вердикт: RED
15:49:15 === #2102: 6055 ===
15:49:20     вердикт: RED
15:49:20 === #2103: 3944 ===
15:49:24     вердикт: RED
15:49:24 === #2104: 6056 ===
15:49:29     вердикт: RED
15:49:29 === #2105: 3943 ===
15:49:33     вердикт: RED
15:49:33 === #2106: 6057 ===
15:49:37     вердикт: RED
15:49:37 === #2107: 3942 ===
15:49:41     вердикт: RED
15:49:42 === #2108: 6058 ===
15:49:46     вердикт: RED
15:49:46 === #2109: 3941 ===
15:49:50     вердикт: RED
15:49:50 === #2110: 6059 ===
15:49:54     вердикт: RED
15:49:54 === #2111: 3940 ===
15:49:58     вердикт: RED
15:49:58 === #2112: 6060 ===
15:50:02     вердикт: RED
15:50:02 === #2113: 3939 ===
15:50:06     вердикт: RED
15:50:06 === #2114: 6061 ===
15:50:10     вердикт: RED
15:50:10 === #2115: 3938 ===
15:50:14     вердикт: RED
15:50:14 === #2116: 6062 ===
15:50:18     вердикт: RED
15:50:18 === #2117: 3937 ===
15:50:22     вердикт: RED
15:50:22 === #2118: 6063 ===
15:50:26     вердикт: RED
15:50:26 === #2119: 3936 ===
15:50:30     вердикт: RED
15:50:31 === #2120: 6064 ===
15:50:35     вердикт: RED
15:50:35 === #2121: 3935 ===
15:50:39     вердикт: RED
15:50:39 === #2122: 6065 ===
15:50:44     вердикт: RED
15:50:44 === #2123: 3934 ===
15:50:48     вердикт: RED
15:50:48 === #2124: 6066 ===
15:50:52     вердикт: RED
15:50:53 === #2125: 3933 ===
15:50:57     вердикт: RED
15:50:57 === #2126: 6067 ===
15:51:01     вердикт: RED
15:51:01 === #2127: 3932 ===
15:51:05     вердикт: RED
15:51:05 === #2128: 6068 ===
15:51:09     вердикт: RED
15:51:09 === #2129: 3931 ===
15:51:13     вердикт: RED
15:51:13 === #2130: 6069 ===
15:51:17     вердикт: RED
15:51:17 === #2131: 3930 ===
15:51:21     вердикт: RED
15:51:21 === #2132: 6070 ===
15:51:25     вердикт: RED
15:51:25 === #2133: 3929 ===
15:51:29     вердикт: RED
15:51:29 === #2134: 6071 ===
15:51:32     вердикт: RED
15:51:33 === #2135: 3928 ===
15:51:36     вердикт: RED
15:51:37 === #2136: 6072 ===
15:51:40     вердикт: RED
15:51:41 === #2137: 3927 ===
15:51:44     вердикт: RED
15:51:45 === #2138: 6073 ===
15:51:49     вердикт: RED
15:51:49 === #2139: 3926 ===
15:51:53     вердикт: RED
15:51:53 === #2140: 6074 ===
15:51:57     вердикт: RED
15:51:57 === #2141: 3925 ===
15:52:02     вердикт: RED
15:52:02 === #2142: 6075 ===
15:52:06     вердикт: RED
15:52:06 === #2143: 3924 ===
15:52:10     вердикт: RED
15:52:10 === #2144: 6076 ===
15:52:14     вердикт: RED
15:52:15 === #2145: 3923 ===
15:52:18     вердикт: RED
15:52:19 === #2146: 6077 ===
15:52:23     вердикт: RED
15:52:23 === #2147: 3922 ===
15:52:27     вердикт: RED
15:52:27 === #2148: 6078 ===
15:52:31     вердикт: RED
15:52:31 === #2149: 3921 ===
15:52:34     вердикт: RED
15:52:34 === #2150: 6079 ===
15:52:38     вердикт: RED
15:52:38 === #2151: 3920 ===
15:52:42     вердикт: RED
15:52:42 === #2152: 6080 ===
15:52:46     вердикт: RED
15:52:46 === #2153: 3919 ===
15:52:49     вердикт: RED
15:52:49 === #2154: 6081 ===
15:52:53     вердикт: RED
15:52:53 === #2155: 3918 ===
15:52:57     вердикт: RED
15:52:57 === #2156: 6082 ===
15:53:01     вердикт: RED
15:53:01 === #2157: 3917 ===
15:53:05     вердикт: RED
15:53:05 === #2158: 6083 ===
15:53:09     вердикт: RED
15:53:09 === #2159: 3916 ===
15:53:13     вердикт: RED
15:53:13 === #2160: 6084 ===
15:53:17     вердикт: RED
15:53:17 === #2161: 3915 ===
15:53:21     вердикт: RED
15:53:21 === #2162: 6085 ===
15:53:26     вердикт: RED
15:53:26 === #2163: 3914 ===
15:53:30     вердикт: RED
15:53:30 === #2164: 6086 ===
15:53:34     вердикт: RED
15:53:34 === #2165: 3913 ===
15:53:38     вердикт: RED
15:53:38 === #2166: 6087 ===
15:53:42     вердикт: RED
15:53:42 === #2167: 3912 ===
15:53:45     вердикт: RED
15:53:46 === #2168: 6088 ===
15:53:49     вердикт: RED
15:53:49 === #2169: 3911 ===
15:53:53     вердикт: RED
15:53:53 === #2170: 6089 ===
15:53:57     вердикт: RED
15:53:57 === #2171: 3910 ===
15:54:00     вердикт: RED
15:54:00 === #2172: 6090 ===
15:54:04     вердикт: RED
15:54:04 === #2173: 3909 ===
15:54:07     вердикт: RED
15:54:07 === #2174: 6091 ===
15:54:11     вердикт: RED
15:54:11 === #2175: 3908 ===
15:54:15     вердикт: RED
15:54:15 === #2176: 6092 ===
15:54:18     вердикт: RED
15:54:19 === #2177: 3907 ===
15:54:22     вердикт: RED
15:54:22 === #2178: 6093 ===
15:54:26     вердикт: RED
15:54:26 === #2179: 3906 ===
15:54:30     вердикт: RED
15:54:30 === #2180: 6094 ===
15:54:34     вердикт: RED
15:54:34 === #2181: 3905 ===
15:54:38     вердикт: RED
15:54:38 === #2182: 6095 ===
15:54:42     вердикт: RED
15:54:42 === #2183: 3904 ===
15:54:46     вердикт: RED
15:54:46 === #2184: 6096 ===
15:54:50     вердикт: RED
15:54:50 === #2185: 3903 ===
15:54:54     вердикт: RED
15:54:54 === #2186: 6097 ===
15:54:58     вердикт: RED
15:54:58 === #2187: 3902 ===
15:55:02     вердикт: RED
15:55:02 === #2188: 6098 ===
15:55:05     вердикт: RED
15:55:06 === #2189: 3901 ===
15:55:09     вердикт: RED
15:55:09 === #2190: 6099 ===
15:55:13     вердикт: RED
15:55:13 === #2191: 3900 ===
15:55:16     вердикт: RED
15:55:16 === #2192: 6100 ===
15:55:20     вердикт: RED
15:55:20 === #2193: 3899 ===
15:55:24     вердикт: RED
15:55:24 === #2194: 6101 ===
15:55:27     вердикт: RED
15:55:27 === #2195: 3898 ===
15:55:31     вердикт: RED
15:55:31 === #2196: 6102 ===
15:55:35     вердикт: RED
15:55:35 === #2197: 3897 ===
15:55:39     вердикт: RED
15:55:39 === #2198: 6103 ===
15:55:43     вердикт: RED
15:55:43 === #2199: 3896 ===
15:55:47     вердикт: RED
15:55:47 === #2200: 6104 ===
15:55:51     вердикт: RED
15:55:51 === #2201: 3895 ===
15:55:56     вердикт: RED
15:55:56 === #2202: 6105 ===
15:56:00     вердикт: RED
15:56:00 === #2203: 3894 ===
15:56:04     вердикт: RED
15:56:04 === #2204: 6106 ===
15:56:08     вердикт: RED
15:56:08 === #2205: 3893 ===
15:56:12     вердикт: RED
15:56:12 === #2206: 6107 ===
15:56:16     вердикт: RED
15:56:16 === #2207: 3892 ===
15:56:20     вердикт: RED
15:56:20 === #2208: 6108 ===
15:56:23     вердикт: RED
15:56:24 === #2209: 3891 ===
15:56:27     вердикт: RED
15:56:27 === #2210: 6109 ===
15:56:31     вердикт: RED
15:56:31 === #2211: 3890 ===
15:56:34     вердикт: RED
15:56:34 === #2212: 6110 ===
15:56:38     вердикт: RED
15:56:38 === #2213: 3889 ===
15:56:42     вердикт: RED
15:56:42 === #2214: 6111 ===
15:56:46     вердикт: RED
15:56:46 === #2215: 3888 ===
15:56:50     вердикт: RED
15:56:50 === #2216: 6112 ===
15:56:54     вердикт: RED
15:56:54 === #2217: 3887 ===
15:56:58     вердикт: RED
15:56:58 === #2218: 6113 ===
15:57:02     вердикт: RED
15:57:02 === #2219: 3886 ===
15:57:06     вердикт: RED
15:57:06 === #2220: 6114 ===
15:57:10     вердикт: RED
15:57:10 === #2221: 3885 ===
15:57:14     вердикт: RED
15:57:15 === #2222: 6115 ===
15:57:19     вердикт: RED
15:57:19 === #2223: 3884 ===
15:57:23     вердикт: RED
15:57:23 === #2224: 6116 ===
15:57:27     вердикт: RED
15:57:27 === #2225: 3883 ===
15:57:31     вердикт: RED
15:57:31 === #2226: 6117 ===
15:57:35     вердикт: RED
15:57:35 === #2227: 3882 ===
15:57:39     вердикт: RED
15:57:39 === #2228: 6118 ===
15:57:43     вердикт: RED
15:57:43 === #2229: 3881 ===
15:57:47     вердикт: RED
15:57:47 === #2230: 6119 ===
15:57:51     вердикт: RED
15:57:51 === #2231: 3880 ===
15:57:54     вердикт: RED
15:57:55 === #2232: 6120 ===
15:57:58     вердикт: RED
15:57:58 === #2233: 3879 ===
15:58:02     вердикт: RED
15:58:02 === #2234: 6121 ===
15:58:06     вердикт: RED
15:58:06 === #2235: 3878 ===
15:58:11     вердикт: RED
15:58:11 === #2236: 6122 ===
15:58:14     вердикт: RED
15:58:15 === #2237: 3877 ===
15:58:19     вердикт: RED
15:58:19 === #2238: 6123 ===
15:58:23     вердикт: RED
15:58:23 === #2239: 3876 ===
15:58:27     вердикт: RED
15:58:27 === #2240: 6124 ===
15:58:31     вердикт: RED
15:58:32 === #2241: 3875 ===
15:58:36     вердикт: RED
15:58:36 === #2242: 6125 ===
15:58:40     вердикт: RED
15:58:41 === #2243: 3874 ===
15:58:45     вердикт: RED
15:58:45 === #2244: 6126 ===
15:58:49     вердикт: RED
15:58:49 === #2245: 3873 ===
15:58:53     вердикт: RED
15:58:54 === #2246: 6127 ===
15:58:58     вердикт: RED
15:58:58 === #2247: 3872 ===
15:59:02     вердикт: RED
15:59:02 === #2248: 6128 ===
15:59:06     вердикт: RED
15:59:06 === #2249: 3871 ===
15:59:10     вердикт: RED
15:59:10 === #2250: 6129 ===
15:59:14     вердикт: RED
15:59:14 === #2251: 3870 ===
15:59:18     вердикт: RED
15:59:18 === #2252: 6130 ===
15:59:22     вердикт: RED
15:59:22 === #2253: 3869 ===
15:59:26     вердикт: RED
15:59:26 === #2254: 6131 ===
15:59:30     вердикт: RED
15:59:30 === #2255: 3868 ===
15:59:34     вердикт: RED
15:59:34 === #2256: 6132 ===
15:59:38     вердикт: RED
15:59:38 === #2257: 3867 ===
15:59:43     вердикт: RED
15:59:43 === #2258: 6133 ===
15:59:47     вердикт: RED
15:59:47 === #2259: 3866 ===
15:59:51     вердикт: RED
15:59:52 === #2260: 6134 ===
15:59:56     вердикт: RED
15:59:56 === #2261: 3865 ===
16:00:01     вердикт: RED
16:00:01 === #2262: 6135 ===
16:00:05     вердикт: RED
16:00:05 === #2263: 3864 ===
16:00:09     вердикт: RED
16:00:10 === #2264: 6136 ===
16:00:14     вердикт: RED
16:00:14 === #2265: 3863 ===
16:00:18     вердикт: RED
16:00:19 === #2266: 6137 ===
16:00:23     вердикт: RED
16:00:23 === #2267: 3862 ===
16:00:27     вердикт: RED
16:00:27 === #2268: 6138 ===
16:00:31     вердикт: RED
16:00:31 === #2269: 3861 ===
16:00:35     вердикт: RED
16:00:35 === #2270: 6139 ===
16:00:39     вердикт: RED
16:00:39 === #2271: 3860 ===
16:00:43     вердикт: RED
16:00:43 === #2272: 6140 ===
16:00:47     вердикт: RED
16:00:47 === #2273: 3859 ===
16:00:51     вердикт: RED
16:00:52 === #2274: 6141 ===
16:00:56     вердикт: RED
16:00:56 === #2275: 3858 ===
16:01:00     вердикт: RED
16:01:00 === #2276: 6142 ===
16:01:04     вердикт: RED
16:01:04 === #2277: 3857 ===
16:01:09     вердикт: RED
16:01:09 === #2278: 6143 ===
16:01:13     вердикт: RED
16:01:13 === #2279: 3856 ===
16:01:18     вердикт: RED
16:01:18 === #2280: 6144 ===
16:01:22     вердикт: RED
16:01:22 === #2281: 3855 ===
16:01:27     вердикт: RED
16:01:27 === #2282: 6145 ===
16:01:32     вердикт: RED
16:01:32 === #2283: 3854 ===
16:01:36     вердикт: RED
16:01:36 === #2284: 6146 ===
16:01:41     вердикт: RED
16:01:41 === #2285: 3853 ===
16:01:45     вердикт: RED
16:01:45 === #2286: 6147 ===
16:01:50     вердикт: RED
16:01:50 === #2287: 3852 ===
16:01:54     вердикт: RED
16:01:54 === #2288: 6148 ===
16:01:58     вердикт: RED
16:01:59 === #2289: 3851 ===
16:02:03     вердикт: RED
16:02:03 === #2290: 6149 ===
16:02:07     вердикт: RED
16:02:07 === #2291: 3850 ===
16:02:11     вердикт: RED
16:02:11 === #2292: 6150 ===
16:02:15     вердикт: RED
16:02:15 === #2293: 3849 ===
16:02:19     вердикт: RED
16:02:19 === #2294: 6151 ===
16:02:23     вердикт: RED
16:02:24 === #2295: 3848 ===
16:02:28     вердикт: RED
16:02:28 === #2296: 6152 ===
16:02:32     вердикт: RED
16:02:32 === #2297: 3847 ===
16:02:36     вердикт: RED
16:02:37 === #2298: 6153 ===
16:02:41     вердикт: RED
16:02:41 === #2299: 3846 ===
16:02:46     вердикт: RED
16:02:46 === #2300: 6154 ===
16:02:50     вердикт: RED
16:02:50 === #2301: 3845 ===
16:02:55     вердикт: RED
16:02:55 === #2302: 6155 ===
16:03:00     вердикт: RED
16:03:00 === #2303: 3844 ===
16:03:04     вердикт: RED
16:03:04 === #2304: 6156 ===
16:03:09     вердикт: RED
16:03:09 === #2305: 3843 ===
16:03:13     вердикт: RED
16:03:13 === #2306: 6157 ===
16:03:18     вердикт: RED
16:03:18 === #2307: 3842 ===
16:03:22     вердикт: RED
16:03:22 === #2308: 6158 ===
16:03:26     вердикт: RED
16:03:26 === #2309: 3841 ===
16:03:30     вердикт: RED
16:03:30 === #2310: 6159 ===
16:03:35     вердикт: RED
16:03:35 === #2311: 3840 ===
16:03:39     вердикт: RED
16:03:39 === #2312: 6160 ===
16:03:43     вердикт: RED
16:03:43 === #2313: 3839 ===
16:03:47     вердикт: RED
16:03:47 === #2314: 6161 ===
16:03:51     вердикт: RED
16:03:51 === #2315: 3838 ===
16:03:55     вердикт: RED
16:03:55 === #2316: 6162 ===
16:03:59     вердикт: RED
16:03:59 === #2317: 3837 ===
16:04:04     вердикт: RED
16:04:04 === #2318: 6163 ===
16:04:08     вердикт: RED
16:04:08 === #2319: 3836 ===
16:04:12     вердикт: RED
16:04:12 === #2320: 6164 ===
16:04:17     вердикт: RED
16:04:17 === #2321: 3835 ===
16:04:21     вердикт: RED
16:04:21 === #2322: 6165 ===
16:04:26     вердикт: RED
16:04:26 === #2323: 3834 ===
16:04:30     вердикт: RED
16:04:30 === #2324: 6166 ===
16:04:35     вердикт: RED
16:04:35 === #2325: 3833 ===
16:04:39     вердикт: RED
16:04:39 === #2326: 6167 ===
16:04:44     вердикт: RED
16:04:44 === #2327: 3832 ===
16:04:48     вердикт: RED
16:04:48 === #2328: 6168 ===
16:04:52     вердикт: RED
16:04:52 === #2329: 3831 ===
16:04:56     вердикт: RED
16:04:56 === #2330: 6169 ===
16:05:00     вердикт: RED
16:05:00 === #2331: 3830 ===
16:05:04     вердикт: RED
16:05:04 === #2332: 6170 ===
16:05:08     вердикт: RED
16:05:08 === #2333: 3829 ===
16:05:12     вердикт: RED
16:05:12 === #2334: 6171 ===
16:05:16     вердикт: RED
16:05:16 === #2335: 3828 ===
16:05:20     вердикт: RED
16:05:20 === #2336: 6172 ===
16:05:24     вердикт: RED
16:05:24 === #2337: 3827 ===
16:05:28     вердикт: RED
16:05:28 === #2338: 6173 ===
16:05:33     вердикт: RED
16:05:33 === #2339: 3826 ===
16:05:37     вердикт: RED
16:05:37 === #2340: 6174 ===
16:05:41     вердикт: RED
16:05:41 === #2341: 3825 ===
16:05:46     вердикт: RED
16:05:46 === #2342: 6175 ===
16:05:50     вердикт: RED
16:05:50 === #2343: 3824 ===
16:05:55     вердикт: RED
16:05:55 === #2344: 6176 ===
16:05:59     вердикт: RED
16:05:59 === #2345: 3823 ===
16:06:03     вердикт: RED
16:06:03 === #2346: 6177 ===
16:06:07     вердикт: RED
16:06:08 === #2347: 3822 ===
16:06:12     вердикт: RED
16:06:12 === #2348: 6178 ===
16:06:16     вердикт: RED
16:06:16 === #2349: 3821 ===
16:06:20     вердикт: RED
16:06:20 === #2350: 6179 ===
16:06:24     вердикт: RED
16:06:24 === #2351: 3820 ===
16:06:27     вердикт: RED
16:06:27 === #2352: 6180 ===
16:06:31     вердикт: RED
16:06:31 === #2353: 3819 ===
16:06:35     вердикт: RED
16:06:35 === #2354: 6181 ===
16:06:39     вердикт: RED
16:06:39 === #2355: 3818 ===
16:06:43     вердикт: RED
16:06:43 === #2356: 6182 ===
16:06:47     вердикт: RED
16:06:47 === #2357: 3817 ===
16:06:51     вердикт: RED
16:06:51 === #2358: 6183 ===
16:06:55     вердикт: RED
16:06:55 === #2359: 3816 ===
16:06:59     вердикт: RED
16:06:59 === #2360: 6184 ===
16:07:03     вердикт: RED
16:07:04 === #2361: 3815 ===
16:07:08     вердикт: RED
16:07:08 === #2362: 6185 ===
16:07:12     вердикт: RED
16:07:12 === #2363: 3814 ===
16:07:16     вердикт: RED
16:07:16 === #2364: 6186 ===
16:07:20     вердикт: RED
16:07:21 === #2365: 3813 ===
16:07:24     вердикт: RED
16:07:25 === #2366: 6187 ===
16:07:29     вердикт: RED
16:07:29 === #2367: 3812 ===
16:07:32     вердикт: RED
16:07:33 === #2368: 6188 ===
16:07:36     вердикт: RED
16:07:37 === #2369: 3811 ===
16:07:40     вердикт: RED
16:07:40 === #2370: 6189 ===
16:07:44     вердикт: RED
16:07:44 === #2371: 3810 ===
16:07:48     вердикт: RED
16:07:48 === #2372: 6190 ===
16:07:52     вердикт: RED
16:07:52 === #2373: 3809 ===
16:07:55     вердикт: RED
16:07:55 === #2374: 6191 ===
16:07:59     вердикт: RED
16:07:59 === #2375: 3808 ===
16:08:03     вердикт: RED
16:08:03 === #2376: 6192 ===
16:08:07     вердикт: RED
16:08:07 === #2377: 3807 ===
16:08:11     вердикт: RED
16:08:11 === #2378: 6193 ===
16:08:15     вердикт: RED
16:08:15 === #2379: 3806 ===
16:08:19     вердикт: RED
16:08:19 === #2380: 6194 ===
16:08:23     вердикт: RED
16:08:23 === #2381: 3805 ===
16:08:27     вердикт: RED
16:08:27 === #2382: 6195 ===
16:08:31     вердикт: RED
16:08:31 === #2383: 3804 ===
16:08:35     вердикт: RED
16:08:35 === #2384: 6196 ===
16:08:39     вердикт: RED
16:08:40 === #2385: 3803 ===
16:08:43     вердикт: RED
16:08:44 === #2386: 6197 ===
16:08:47     вердикт: RED
16:08:48 === #2387: 3802 ===
16:08:51     вердикт: RED
16:08:51 === #2388: 6198 ===
16:08:55     вердикт: RED
16:08:55 === #2389: 3801 ===
16:08:59     вердикт: RED
16:08:59 === #2390: 6199 ===
16:09:03     вердикт: RED
16:09:03 === #2391: 3800 ===
16:09:06     вердикт: RED
16:09:06 === #2392: 6200 ===
16:09:10     вердикт: RED
16:09:10 === #2393: 3799 ===
16:09:14     вердикт: RED
16:09:14 === #2394: 6201 ===
16:09:18     вердикт: RED
16:09:18 === #2395: 3798 ===
16:09:22     вердикт: RED
16:09:22 === #2396: 6202 ===
16:09:26     вердикт: RED
16:09:26 === #2397: 3797 ===
16:09:30     вердикт: RED
16:09:30 === #2398: 6203 ===
16:09:34     вердикт: RED
16:09:34 === #2399: 3796 ===
16:09:38     вердикт: RED
16:09:38 === #2400: 6204 ===
16:09:42     вердикт: RED
16:09:42 === #2401: 3795 ===
16:09:46     вердикт: RED
16:09:47 === #2402: 6205 ===
16:09:51     вердикт: RED
16:09:51 === #2403: 3794 ===
16:09:55     вердикт: RED
16:09:55 === #2404: 6206 ===
16:09:59     вердикт: RED
16:09:59 === #2405: 3793 ===
16:10:03     вердикт: RED
16:10:03 === #2406: 6207 ===
16:10:07     вердикт: RED
16:10:07 === #2407: 3792 ===
16:10:11     вердикт: RED
16:10:11 === #2408: 6208 ===
16:10:15     вердикт: RED
16:10:15 === #2409: 3791 ===
16:10:19     вердикт: RED
16:10:19 === #2410: 6209 ===
16:10:23     вердикт: RED
16:10:23 === #2411: 3790 ===
16:10:27     вердикт: RED
16:10:27 === #2412: 6210 ===
16:10:31     вердикт: RED
16:10:31 === #2413: 3789 ===
16:10:35     вердикт: RED
16:10:35 === #2414: 6211 ===
16:10:39     вердикт: RED
16:10:39 === #2415: 3788 ===
16:10:43     вердикт: RED
16:10:43 === #2416: 6212 ===
16:10:47     вердикт: RED
16:10:47 === #2417: 3787 ===
16:10:51     вердикт: RED
16:10:51 === #2418: 6213 ===
16:10:55     вердикт: RED
16:10:55 === #2419: 3786 ===
16:10:59     вердикт: RED
16:11:00 === #2420: 6214 ===
16:11:04     вердикт: RED
16:11:04 === #2421: 3785 ===
16:11:08     вердикт: RED
16:11:08 === #2422: 6215 ===
16:11:13     вердикт: RED
16:11:13 === #2423: 3784 ===
16:11:17     вердикт: RED
16:11:17 === #2424: 6216 ===
16:11:21     вердикт: RED
16:11:21 === #2425: 3783 ===
16:11:25     вердикт: RED
16:11:26 === #2426: 6217 ===
16:11:30     вердикт: RED
16:11:30 === #2427: 3782 ===
16:11:34     вердикт: RED
16:11:34 === #2428: 6218 ===
16:11:38     вердикт: RED
16:11:38 === #2429: 3781 ===
16:11:42     вердикт: RED
16:11:42 === #2430: 6219 ===
16:11:46     вердикт: RED
16:11:46 === #2431: 3780 ===
16:11:50     вердикт: RED
16:11:50 === #2432: 6220 ===
16:11:53     вердикт: RED
16:11:54 === #2433: 3779 ===
16:11:58     вердикт: RED
16:11:58 === #2434: 6221 ===
16:12:02     вердикт: RED
16:12:02 === #2435: 3778 ===
16:12:06     вердикт: RED
16:12:06 === #2436: 6222 ===
16:12:10     вердикт: RED
16:12:10 === #2437: 3777 ===
16:12:14     вердикт: RED
16:12:15 === #2438: 6223 ===
16:12:19     вердикт: RED
16:12:19 === #2439: 3776 ===
16:12:23     вердикт: RED
16:12:23 === #2440: 6224 ===
16:12:28     вердикт: RED
16:12:28 === #2441: 3775 ===
16:12:32     вердикт: RED
16:12:32 === #2442: 6225 ===
16:12:37     вердикт: RED
16:12:37 === #2443: 3774 ===
16:12:41     вердикт: RED
16:12:41 === #2444: 6226 ===
16:12:46     вердикт: RED
16:12:46 === #2445: 3773 ===
16:12:50     вердикт: RED
16:12:50 === #2446: 6227 ===
16:12:54     вердикт: RED
16:12:54 === #2447: 3772 ===
16:12:58     вердикт: RED
16:12:59 === #2448: 6228 ===
16:13:03     вердикт: RED
16:13:03 === #2449: 3771 ===
16:13:07     вердикт: RED
16:13:07 === #2450: 6229 ===
16:13:11     вердикт: RED
16:13:11 === #2451: 3770 ===
16:13:15     вердикт: RED
16:13:15 === #2452: 6230 ===
16:13:19     вердикт: RED
16:13:19 === #2453: 3769 ===
16:13:23     вердикт: RED
16:13:23 === #2454: 6231 ===
16:13:27     вердикт: RED
16:13:27 === #2455: 3768 ===
16:13:32     вердикт: RED
16:13:32 === #2456: 6232 ===
16:13:36     вердикт: RED
16:13:36 === #2457: 3767 ===
16:13:40     вердикт: RED
16:13:41 === #2458: 6233 ===
16:13:45     вердикт: RED
16:13:45 === #2459: 3766 ===
16:13:50     вердикт: RED
16:13:50 === #2460: 6234 ===
16:13:54     вердикт: RED
16:13:54 === #2461: 3765 ===
16:13:59     вердикт: RED
16:13:59 === #2462: 6235 ===
16:14:03     вердикт: RED
16:14:04 === #2463: 3764 ===
16:14:08     вердикт: RED
16:14:08 === #2464: 6236 ===
16:14:13     вердикт: RED
16:14:13 === #2465: 3763 ===
16:14:17     вердикт: RED
16:14:17 === #2466: 6237 ===
16:14:22     вердикт: RED
16:14:22 === #2467: 3762 ===
16:14:26     вердикт: RED
16:14:26 === #2468: 6238 ===
16:14:30     вердикт: RED
16:14:30 === #2469: 3761 ===
16:14:35     вердикт: RED
16:14:35 === #2470: 6239 ===
16:14:39     вердикт: RED
16:14:39 === #2471: 3760 ===
16:14:43     вердикт: RED
16:14:43 === #2472: 6240 ===
16:14:47     вердикт: RED
16:14:47 === #2473: 3759 ===
16:14:51     вердикт: RED
16:14:51 === #2474: 6241 ===
16:14:55     вердикт: RED
16:14:56 === #2475: 3758 ===
16:15:00     вердикт: RED
16:15:00 === #2476: 6242 ===
16:15:04     вердикт: RED
16:15:05 === #2477: 3757 ===
16:15:09     вердикт: RED
16:15:09 === #2478: 6243 ===
16:15:14     вердикт: RED
16:15:14 === #2479: 3756 ===
16:15:18     вердикт: RED
16:15:18 === #2480: 6244 ===
16:15:23     вердикт: RED
16:15:23 === #2481: 3755 ===
16:15:28     вердикт: RED
16:15:28 === #2482: 6245 ===
16:15:33     вердикт: RED
16:15:33 === #2483: 3754 ===
16:15:37     вердикт: RED
16:15:37 === #2484: 6246 ===
16:15:42     вердикт: RED
16:15:42 === #2485: 3753 ===
16:15:47     вердикт: RED
16:15:47 === #2486: 6247 ===
16:15:51     вердикт: RED
16:15:51 === #2487: 3752 ===
16:15:56     вердикт: RED
16:15:56 === #2488: 6248 ===
16:16:00     вердикт: RED
16:16:00 === #2489: 3751 ===
16:16:04     вердикт: RED
16:16:04 === #2490: 6249 ===
16:16:09     вердикт: RED
16:16:09 === #2491: 3750 ===
16:16:13     вердикт: RED
16:16:13 === #2492: 6250 ===
16:16:17     вердикт: RED
16:16:17 === #2493: 3749 ===
16:16:21     вердикт: RED
16:16:21 === #2494: 6251 ===
16:16:26     вердикт: RED
16:16:26 === #2495: 3748 ===
16:16:30     вердикт: RED
16:16:30 === #2496: 6252 ===
16:16:35     вердикт: RED
16:16:35 === #2497: 3747 ===
16:16:39     вердикт: RED
16:16:39 === #2498: 6253 ===
16:16:44     вердикт: RED
16:16:44 === #2499: 3746 ===
16:16:48     вердикт: RED
16:16:48 === #2500: 6254 ===
16:16:53     вердикт: RED
16:16:53 === #2501: 3745 ===
16:16:58     вердикт: RED
16:16:58 === #2502: 6255 ===
16:17:03     вердикт: RED
16:17:03 === #2503: 3744 ===
16:17:07     вердикт: RED
16:17:07 === #2504: 6256 ===
16:17:12     вердикт: RED
16:17:12 === #2505: 3743 ===
16:17:16     вердикт: RED
16:17:17 === #2506: 6257 ===
16:17:21     вердикт: RED
16:17:21 === #2507: 3742 ===
16:17:26     вердикт: RED
16:17:26 === #2508: 6258 ===
16:17:30     вердикт: RED
16:17:30 === #2509: 3741 ===
16:17:34     вердикт: RED
16:17:34 === #2510: 6259 ===
16:17:39     вердикт: RED
16:17:39 === #2511: 3740 ===
16:17:43     вердикт: RED
16:17:43 === #2512: 6260 ===
16:17:47     вердикт: RED
16:17:47 === #2513: 3739 ===
16:17:51     вердикт: RED
16:17:51 === #2514: 6261 ===
16:17:56     вердикт: RED
16:17:56 === #2515: 3738 ===
16:18:00     вердикт: RED
16:18:00 === #2516: 6262 ===
16:18:04     вердикт: RED
16:18:04 === #2517: 3737 ===
16:18:09     вердикт: RED
16:18:09 === #2518: 6263 ===
16:18:13     вердикт: RED
16:18:13 === #2519: 3736 ===
16:18:18     вердикт: RED
16:18:18 === #2520: 6264 ===
16:18:22     вердикт: RED
16:18:22 === #2521: 3735 ===
16:18:27     вердикт: RED
16:18:27 === #2522: 6265 ===
16:18:32     вердикт: RED
16:18:32 === #2523: 3734 ===
16:18:36     вердикт: RED
16:18:36 === #2524: 6266 ===
16:18:41     вердикт: RED
16:18:41 === #2525: 3733 ===
16:18:45     вердикт: RED
16:18:45 === #2526: 6267 ===
16:18:50     вердикт: RED
16:18:50 === #2527: 3732 ===
16:18:54     вердикт: RED
16:18:54 === #2528: 6268 ===
16:18:58     вердикт: RED
16:18:58 === #2529: 3731 ===
16:19:02     вердикт: RED
16:19:03 === #2530: 6269 ===
16:19:07     вердикт: RED
16:19:07 === #2531: 3730 ===
16:19:11     вердикт: RED
16:19:11 === #2532: 6270 ===
16:19:15     вердикт: RED
16:19:15 === #2533: 3729 ===
16:19:19     вердикт: RED
16:19:19 === #2534: 6271 ===
16:19:23     вердикт: RED
16:19:23 === #2535: 3728 ===
16:19:27     вердикт: RED
16:19:27 === #2536: 6272 ===
16:19:31     вердикт: RED
16:19:31 === #2537: 3727 ===
16:19:36     вердикт: RED
16:19:36 === #2538: 6273 ===
16:19:40     вердикт: RED
16:19:40 === #2539: 3726 ===
16:19:44     вердикт: RED
16:19:44 === #2540: 6274 ===
16:19:49     вердикт: RED
16:19:49 === #2541: 3725 ===
16:19:53     вердикт: RED
16:19:53 === #2542: 6275 ===
16:19:58     вердикт: RED
16:19:58 === #2543: 3724 ===
16:20:02     вердикт: RED
16:20:02 === #2544: 6276 ===
16:20:07     вердикт: RED
16:20:07 === #2545: 3723 ===
16:20:11     вердикт: RED
16:20:11 === #2546: 6277 ===
16:20:15     вердикт: RED
16:20:16 === #2547: 3722 ===
16:20:19     вердикт: RED
16:20:20 === #2548: 6278 ===
16:20:24     вердикт: RED
16:20:24 === #2549: 3721 ===
16:20:28     вердикт: RED
16:20:28 === #2550: 6279 ===
16:20:32     вердикт: RED
16:20:32 === #2551: 3720 ===
16:20:36     вердикт: RED
16:20:36 === #2552: 6280 ===
16:20:40     вердикт: RED
16:20:40 === #2553: 3719 ===
16:20:44     вердикт: RED
16:20:44 === #2554: 6281 ===
16:20:48     вердикт: RED
16:20:48 === #2555: 3718 ===
16:20:52     вердикт: RED
16:20:52 === #2556: 6282 ===
16:20:56     вердикт: RED
16:20:56 === #2557: 3717 ===
16:21:00     вердикт: RED
16:21:00 === #2558: 6283 ===
16:21:04     вердикт: RED
16:21:05 === #2559: 3716 ===
16:21:09     вердикт: RED
16:21:09 === #2560: 6284 ===
16:21:13     вердикт: RED
16:21:13 === #2561: 3715 ===
16:21:18     вердикт: RED
16:21:18 === #2562: 6285 ===
16:21:22     вердикт: RED
16:21:22 === #2563: 3714 ===
16:21:26     вердикт: RED
16:21:26 === #2564: 6286 ===
16:21:31     вердикт: RED
16:21:31 === #2565: 3713 ===
16:21:35     вердикт: RED
16:21:35 === #2566: 6287 ===
16:21:39     вердикт: RED
16:21:39 === #2567: 3712 ===
16:21:43     вердикт: RED
16:21:43 === #2568: 6288 ===
16:21:47     вердикт: RED
16:21:47 === #2569: 3711 ===
16:21:51     вердикт: RED
16:21:51 === #2570: 6289 ===
16:21:55     вердикт: RED
16:21:55 === #2571: 3710 ===
16:21:59     вердикт: RED
16:21:59 === #2572: 6290 ===
16:22:03     вердикт: RED
16:22:03 === #2573: 3709 ===
16:22:07     вердикт: RED
16:22:07 === #2574: 6291 ===
16:22:11     вердикт: RED
16:22:11 === #2575: 3708 ===
16:22:14     вердикт: RED
16:22:15 === #2576: 6292 ===
16:22:18     вердикт: RED
16:22:19 === #2577: 3707 ===
16:22:22     вердикт: RED
16:22:23 === #2578: 6293 ===
16:22:27     вердикт: RED
16:22:27 === #2579: 3706 ===
16:22:31     вердикт: RED
16:22:31 === #2580: 6294 ===
16:22:35     вердикт: RED
16:22:35 === #2581: 3705 ===
16:22:39     вердикт: RED
16:22:39 === #2582: 6295 ===
16:22:43     вердикт: RED
16:22:44 === #2583: 3704 ===
16:22:48     вердикт: RED
16:22:48 === #2584: 6296 ===
16:22:52     вердикт: RED
16:22:52 === #2585: 3703 ===
16:22:56     вердикт: RED
16:22:56 === #2586: 6297 ===
16:23:00     вердикт: RED
16:23:00 === #2587: 3702 ===
16:23:04     вердикт: RED
16:23:04 === #2588: 6298 ===
16:23:08     вердикт: RED
16:23:08 === #2589: 3701 ===
16:23:12     вердикт: RED
16:23:12 === #2590: 6299 ===
16:23:16     вердикт: RED
16:23:16 === #2591: 3700 ===
16:23:19     вердикт: RED
16:23:20 === #2592: 6300 ===
16:23:23     вердикт: RED
16:23:23 === #2593: 3699 ===
16:23:27     вердикт: RED
16:23:27 === #2594: 6301 ===
16:23:31     вердикт: RED
16:23:31 === #2595: 3698 ===
16:23:35     вердикт: RED
16:23:35 === #2596: 6302 ===
16:23:39     вердикт: RED
16:23:39 === #2597: 3697 ===
16:23:44     вердикт: RED
16:23:44 === #2598: 6303 ===
16:23:48     вердикт: RED
16:23:48 === #2599: 3696 ===
16:23:52     вердикт: RED
16:23:52 === #2600: 6304 ===
16:23:56     вердикт: RED
16:23:56 === #2601: 3695 ===
16:24:01     вердикт: RED
16:24:01 === #2602: 6305 ===
16:24:05     вердикт: RED
16:24:05 === #2603: 3694 ===
16:24:10     вердикт: RED
16:24:10 === #2604: 6306 ===
16:24:14     вердикт: RED
16:24:14 === #2605: 3693 ===
16:24:18     вердикт: RED
16:24:18 === #2606: 6307 ===
16:24:22     вердикт: RED
16:24:22 === #2607: 3692 ===
16:24:27     вердикт: RED
16:24:27 === #2608: 6308 ===
16:24:31     вердикт: RED
16:24:31 === #2609: 3691 ===
16:24:35     вердикт: RED
16:24:35 === #2610: 6309 ===
16:24:39     вердикт: RED
16:24:39 === #2611: 3690 ===
16:24:43     вердикт: RED
16:24:43 === #2612: 6310 ===
16:24:46     вердикт: RED
16:24:47 === #2613: 3689 ===
16:24:50     вердикт: RED
16:24:51 === #2614: 6311 ===
16:24:55     вердикт: RED
16:24:55 === #2615: 3688 ===
16:24:59     вердикт: RED
16:24:59 === #2616: 6312 ===
16:25:03     вердикт: RED
16:25:03 === #2617: 3687 ===
16:25:07     вердикт: RED
16:25:07 === #2618: 6313 ===
16:25:12     вердикт: RED
16:25:12 === #2619: 3686 ===
16:25:16     вердикт: RED
16:25:16 === #2620: 6314 ===
16:25:21     вердикт: RED
16:25:21 === #2621: 3685 ===
16:25:25     вердикт: RED
16:25:25 === #2622: 6315 ===
16:25:30     вердикт: RED
16:25:30 === #2623: 3684 ===
16:25:34     вердикт: RED
16:25:35 === #2624: 6316 ===
16:25:39     вердикт: RED
16:25:39 === #2625: 3683 ===
16:25:43     вердикт: RED
16:25:43 === #2626: 6317 ===
16:25:47     вердикт: RED
16:25:47 === #2627: 3682 ===
16:25:52     вердикт: RED
16:25:52 === #2628: 6318 ===
16:25:56     вердикт: RED
16:25:56 === #2629: 3681 ===
16:26:00     вердикт: RED
16:26:00 === #2630: 6319 ===
16:26:04     вердикт: RED
16:26:04 === #2631: 3680 ===
16:26:08     вердикт: RED
16:26:08 === #2632: 6320 ===
16:26:12     вердикт: RED
16:26:12 === #2633: 3679 ===
16:26:16     вердикт: RED
16:26:16 === #2634: 6321 ===
16:26:20     вердикт: RED
16:26:21 === #2635: 3678 ===
16:26:25     вердикт: RED
16:26:25 === #2636: 6322 ===
16:26:29     вердикт: RED
16:26:29 === #2637: 3677 ===
16:26:34     вердикт: RED
16:26:34 === #2638: 6323 ===
16:26:38     вердикт: RED
16:26:38 === #2639: 3676 ===
16:26:43     вердикт: RED
16:26:43 === #2640: 6324 ===
16:26:47     вердикт: RED
16:26:47 === #2641: 3675 ===
16:26:52     вердикт: RED
16:26:52 === #2642: 6325 ===
16:26:57     вердикт: RED
16:26:57 === #2643: 3674 ===
16:27:01     вердикт: RED
16:27:01 === #2644: 6326 ===
16:27:06     вердикт: RED
16:27:06 === #2645: 3673 ===
16:27:10     вердикт: RED
16:27:10 === #2646: 6327 ===
16:27:15     вердикт: RED
16:27:15 === #2647: 3672 ===
16:27:19     вердикт: RED
16:27:19 === #2648: 6328 ===
16:27:23     вердикт: RED
16:27:23 === #2649: 3671 ===
16:27:27     вердикт: RED
16:27:28 === #2650: 6329 ===
16:27:32     вердикт: RED
16:27:32 === #2651: 3670 ===
16:27:36     вердикт: RED
16:27:36 === #2652: 6330 ===
16:27:40     вердикт: RED
16:27:40 === #2653: 3669 ===
16:27:44     вердикт: RED
16:27:44 === #2654: 6331 ===
16:27:49     вердикт: RED
16:27:49 === #2655: 3668 ===
16:27:53     вердикт: RED
16:27:53 === #2656: 6332 ===
16:27:57     вердикт: RED
16:27:58 === #2657: 3667 ===
16:28:02     вердикт: RED
16:28:02 === #2658: 6333 ===
16:28:07     вердикт: RED
16:28:07 === #2659: 3666 ===
16:28:11     вердикт: RED
16:28:12 === #2660: 6334 ===
16:28:16     вердикт: RED
16:28:16 === #2661: 3665 ===
16:28:21     вердикт: RED
16:28:21 === #2662: 6335 ===
16:28:26     вердикт: RED
16:28:26 === #2663: 3664 ===
16:28:30     вердикт: RED
16:28:31 === #2664: 6336 ===
16:28:35     вердикт: RED
16:28:35 === #2665: 3663 ===
16:28:40     вердикт: RED
16:28:40 === #2666: 6337 ===
16:28:44     вердикт: RED
16:28:44 === #2667: 3662 ===
16:28:49     вердикт: RED
16:28:49 === #2668: 6338 ===
16:28:53     вердикт: RED
16:28:53 === #2669: 3661 ===
16:28:58     вердикт: RED
16:28:58 === #2670: 6339 ===
16:29:02     вердикт: RED
16:29:02 === #2671: 3660 ===
16:29:06     вердикт: RED
16:29:06 === #2672: 6340 ===
16:29:10     вердикт: RED
16:29:11 === #2673: 3659 ===
16:29:15     вердикт: RED
16:29:15 === #2674: 6341 ===
16:29:19     вердикт: RED
16:29:20 === #2675: 3658 ===
16:29:24     вердикт: RED
16:29:24 === #2676: 6342 ===
16:29:28     вердикт: RED
16:29:29 === #2677: 3657 ===
16:29:33     вердикт: RED
16:29:33 === #2678: 6343 ===
16:29:38     вердикт: RED
16:29:38 === #2679: 3656 ===
16:29:43     вердикт: RED
16:29:43 === #2680: 6344 ===
16:29:47     вердикт: RED
16:29:48 === #2681: 3655 ===
16:29:52     вердикт: RED
16:29:52 === #2682: 6345 ===
16:29:57     вердикт: RED
16:29:57 === #2683: 3654 ===
16:30:02     вердикт: RED
16:30:02 === #2684: 6346 ===
16:30:07     вердикт: RED
16:30:07 === #2685: 3653 ===
16:30:12     вердикт: RED
16:30:12 === #2686: 6347 ===
16:30:16     вердикт: RED
16:30:16 === #2687: 3652 ===
16:30:21     вердикт: RED
16:30:21 === #2688: 6348 ===
16:30:25     вердикт: RED
16:30:26 === #2689: 3651 ===
16:30:30     вердикт: RED
16:30:30 === #2690: 6349 ===
16:30:34     вердикт: RED
16:30:34 === #2691: 3650 ===
16:30:39     вердикт: RED
16:30:39 === #2692: 6350 ===
16:30:43     вердикт: RED
16:30:43 === #2693: 3649 ===
16:30:48     вердикт: RED
16:30:48 === #2694: 6351 ===
16:30:52     вердикт: RED
16:30:52 === #2695: 3648 ===
16:30:57     вердикт: RED
16:30:57 === #2696: 6352 ===
16:31:01     вердикт: RED
16:31:01 === #2697: 3647 ===
16:31:06     вердикт: RED
16:31:06 === #2698: 6353 ===
16:31:11     вердикт: RED
16:31:11 === #2699: 3646 ===
16:31:15     вердикт: RED
16:31:16 === #2700: 6354 ===
16:31:20     вердикт: RED
16:31:21 === #2701: 3645 ===
16:31:25     вердикт: RED
16:31:25 === #2702: 6355 ===
16:31:30     вердикт: RED
16:31:31 === #2703: 3644 ===
16:31:35     вердикт: RED
16:31:35 === #2704: 6356 ===
16:31:40     вердикт: RED
16:31:40 === #2705: 3643 ===
16:31:45     вердикт: RED
16:31:45 === #2706: 6357 ===
16:31:49     вердикт: RED
16:31:50 === #2707: 3642 ===
16:31:54     вердикт: RED
16:31:54 === #2708: 6358 ===
16:31:59     вердикт: RED
16:31:59 === #2709: 3641 ===
16:32:03     вердикт: RED
16:32:03 === #2710: 6359 ===
16:32:07     вердикт: RED
16:32:08 === #2711: 3640 ===
16:32:12     вердикт: RED
16:32:12 === #2712: 6360 ===
16:32:16     вердикт: RED
16:32:16 === #2713: 3639 ===
16:32:20     вердикт: RED
16:32:20 === #2714: 6361 ===
16:32:24     вердикт: RED
16:32:25 === #2715: 3638 ===
16:32:29     вердикт: RED
16:32:29 === #2716: 6362 ===
16:32:33     вердикт: RED
16:32:33 === #2717: 3637 ===
16:32:38     вердикт: RED
16:32:38 === #2718: 6363 ===
16:32:42     вердикт: RED
16:32:42 === #2719: 3636 ===
16:32:47     вердикт: RED
16:32:47 === #2720: 6364 ===
16:32:52     вердикт: RED
16:32:52 === #2721: 3635 ===
16:32:56     вердикт: RED
16:32:57 === #2722: 6365 ===
16:33:01     вердикт: RED
16:33:01 === #2723: 3634 ===
16:33:06     вердикт: RED
16:33:06 === #2724: 6366 ===
16:33:11     вердикт: RED
16:33:11 === #2725: 3633 ===
16:33:15     вердикт: RED
16:33:15 === #2726: 6367 ===
16:33:20     вердикт: RED
16:33:20 === #2727: 3632 ===
16:33:24     вердикт: RED
16:33:24 === #2728: 6368 ===
16:33:29     вердикт: RED
16:33:29 === #2729: 3631 ===
16:33:33     вердикт: RED
16:33:33 === #2730: 6369 ===
16:33:37     вердикт: RED
16:33:37 === #2731: 3630 ===
16:33:41     вердикт: RED
16:33:42 === #2732: 6370 ===
16:33:46     вердикт: RED
16:33:46 === #2733: 3629 ===
16:33:50     вердикт: RED
16:33:50 === #2734: 6371 ===
16:33:54     вердикт: RED
16:33:54 === #2735: 3628 ===
16:33:58     вердикт: RED
16:33:58 === #2736: 6372 ===
16:34:03     вердикт: RED
16:34:03 === #2737: 3627 ===
16:34:07     вердикт: RED
16:34:07 === #2738: 6373 ===
16:34:12     вердикт: RED
16:34:12 === #2739: 3626 ===
16:34:16     вердикт: RED
16:34:16 === #2740: 6374 ===
16:34:21     вердикт: RED
16:34:21 === #2741: 3625 ===
16:34:25     вердикт: RED
16:34:25 === #2742: 6375 ===
16:34:30     вердикт: RED
16:34:30 === #2743: 3624 ===
16:34:35     вердикт: RED
16:34:35 === #2744: 6376 ===
16:34:39     вердикт: RED
16:34:39 === #2745: 3623 ===
16:34:44     вердикт: RED
16:34:44 === #2746: 6377 ===
16:34:48     вердикт: RED
16:34:48 === #2747: 3622 ===
16:34:52     вердикт: RED
16:34:53 === #2748: 6378 ===
16:34:57     вердикт: RED
16:34:57 === #2749: 3621 ===
16:35:01     вердикт: RED
16:35:01 === #2750: 6379 ===
16:35:05     вердикт: RED
16:35:05 === #2751: 3620 ===
16:35:09     вердикт: RED
16:35:09 === #2752: 6380 ===
16:35:13     вердикт: RED
16:35:14 === #2753: 3619 ===
16:35:17     вердикт: RED
16:35:18 === #2754: 6381 ===
16:35:22     вердикт: RED
16:35:22 === #2755: 3618 ===
16:35:26     вердикт: RED
16:35:26 === #2756: 6382 ===
16:35:30     вердикт: RED
16:35:30 === #2757: 3617 ===
16:35:34     вердикт: RED
16:35:35 === #2758: 6383 ===
16:35:39     вердикт: RED
16:35:39 === #2759: 3616 ===
16:35:43     вердикт: RED
16:35:43 === #2760: 6384 ===
16:35:48     вердикт: RED
16:35:48 === #2761: 3615 ===
16:35:52     вердикт: RED
16:35:52 === #2762: 6385 ===
16:35:57     вердикт: RED
16:35:57 === #2763: 3614 ===
16:36:01     вердикт: RED
16:36:01 === #2764: 6386 ===
16:36:06     вердикт: RED
16:36:06 === #2765: 3613 ===
16:36:10     вердикт: RED
16:36:10 === #2766: 6387 ===
16:36:14     вердикт: RED
16:36:14 === #2767: 3612 ===
16:36:18     вердикт: RED
16:36:19 === #2768: 6388 ===
16:36:23     вердикт: RED
16:36:23 === #2769: 3611 ===
16:36:27     вердикт: RED
16:36:27 === #2770: 6389 ===
16:36:31     вердикт: RED
16:36:31 === #2771: 3610 ===
16:36:35     вердикт: RED
16:36:35 === #2772: 6390 ===
16:36:39     вердикт: RED
16:36:39 === #2773: 3609 ===
16:36:43     вердикт: RED
16:36:43 === #2774: 6391 ===
16:36:47     вердикт: RED
16:36:47 === #2775: 3608 ===
16:36:51     вердикт: RED
16:36:51 === #2776: 6392 ===
16:36:55     вердикт: RED
16:36:55 === #2777: 3607 ===
16:36:59     вердикт: RED
16:36:59 === #2778: 6393 ===
16:37:04     вердикт: RED
16:37:04 === #2779: 3606 ===
16:37:08     вердикт: RED
16:37:08 === #2780: 6394 ===
16:37:12     вердикт: RED
16:37:12 === #2781: 3605 ===
16:37:17     вердикт: RED
16:37:17 === #2782: 6395 ===
16:37:21     вердикт: RED
16:37:21 === #2783: 3604 ===
16:37:25     вердикт: RED
16:37:26 === #2784: 6396 ===
16:37:30     вердикт: RED
16:37:30 === #2785: 3603 ===
16:37:34     вердикт: RED
16:37:34 === #2786: 6397 ===
16:37:38     вердикт: RED
16:37:38 === #2787: 3602 ===
16:37:42     вердикт: RED
16:37:42 === #2788: 6398 ===
16:37:47     вердикт: RED
16:37:47 === #2789: 3601 ===
16:37:50     вердикт: RED
16:37:51 === #2790: 6399 ===
16:37:54     вердикт: RED
16:37:55 === #2791: 3600 ===
16:37:58     вердикт: RED
16:37:58 === #2792: 6400 ===
16:38:02     вердикт: RED
16:38:02 === #2793: 3599 ===
16:38:06     вердикт: RED
16:38:06 === #2794: 6401 ===
16:38:10     вердикт: RED
16:38:11 === #2795: 3598 ===
16:38:15     вердикт: RED
16:38:15 === #2796: 6402 ===
16:38:19     вердикт: RED
16:38:19 === #2797: 3597 ===
16:38:23     вердикт: RED
16:38:23 === #2798: 6403 ===
16:38:28     вердикт: RED
16:38:28 === #2799: 3596 ===
16:38:32     вердикт: RED
16:38:32 === #2800: 6404 ===
16:38:36     вердикт: RED
16:38:36 === #2801: 3595 ===
16:38:41     вердикт: RED
16:38:41 === #2802: 6405 ===
16:38:45     вердикт: RED
16:38:46 === #2803: 3594 ===
16:38:50     вердикт: RED
16:38:50 === #2804: 6406 ===
16:38:54     вердикт: RED
16:38:55 === #2805: 3593 ===
16:38:59     вердикт: RED
16:38:59 === #2806: 6407 ===
16:39:03     вердикт: RED
16:39:03 === #2807: 3592 ===
16:39:07     вердикт: RED
16:39:08 === #2808: 6408 ===
16:39:12     вердикт: RED
16:39:12 === #2809: 3591 ===
16:39:16     вердикт: RED
16:39:16 === #2810: 6409 ===
16:39:20     вердикт: RED
16:39:20 === #2811: 3590 ===
16:39:24     вердикт: RED
16:39:24 === #2812: 6410 ===
16:39:28     вердикт: RED
16:39:28 === #2813: 3589 ===
16:39:32     вердикт: RED
16:39:32 === #2814: 6411 ===
16:39:36     вердикт: RED
16:39:36 === #2815: 3588 ===
16:39:41     вердикт: RED
16:39:41 === #2816: 6412 ===
16:39:45     вердикт: RED
16:39:45 === #2817: 3587 ===
16:39:49     вердикт: RED
16:39:50 === #2818: 6413 ===
16:39:54     вердикт: RED
16:39:54 === #2819: 3586 ===
16:39:58     вердикт: RED
16:39:59 === #2820: 6414 ===
16:40:03     вердикт: RED
16:40:03 === #2821: 3585 ===
16:40:08     вердикт: RED
16:40:08 === #2822: 6415 ===
16:40:12     вердикт: RED
16:40:13 === #2823: 3584 ===
16:40:17     вердикт: RED
16:40:17 === #2824: 6416 ===
16:40:22     вердикт: RED
16:40:22 === #2825: 3583 ===
16:40:26     вердикт: RED
16:40:26 === #2826: 6417 ===
16:40:31     вердикт: RED
16:40:31 === #2827: 3582 ===
16:40:35     вердикт: RED
16:40:35 === #2828: 6418 ===
16:40:39     вердикт: RED
16:40:39 === #2829: 3581 ===
16:40:44     вердикт: RED
16:40:44 === #2830: 6419 ===
16:40:48     вердикт: RED
16:40:48 === #2831: 3580 ===
16:40:52     вердикт: RED
16:40:52 === #2832: 6420 ===
16:40:56     вердикт: RED
16:40:56 === #2833: 3579 ===
16:41:00     вердикт: RED
16:41:01 === #2834: 6421 ===
16:41:05     вердикт: RED
16:41:05 === #2835: 3578 ===
16:41:09     вердикт: RED
16:41:09 === #2836: 6422 ===
16:41:14     вердикт: RED
16:41:14 === #2837: 3577 ===
16:41:18     вердикт: RED
16:41:18 === #2838: 6423 ===
16:41:23     вердикт: RED
16:41:23 === #2839: 3576 ===
16:41:28     вердикт: RED
16:41:28 === #2840: 6424 ===
16:41:32     вердикт: RED
16:41:32 === #2841: 3575 ===
16:41:37     вердикт: RED
16:41:37 === #2842: 6425 ===
16:41:42     вердикт: RED
16:41:42 === #2843: 3574 ===
16:41:47     вердикт: RED
16:41:47 === #2844: 6426 ===
16:41:51     вердикт: RED
16:41:51 === #2845: 3573 ===
16:41:56     вердикт: RED
16:41:56 === #2846: 6427 ===
16:42:01     вердикт: RED
16:42:01 === #2847: 3572 ===
16:42:05     вердикт: RED
16:42:05 === #2848: 6428 ===
16:42:09     вердикт: RED
16:42:10 === #2849: 3571 ===
16:42:14     вердикт: RED
16:42:14 === #2850: 6429 ===
16:42:18     вердикт: RED
16:42:18 === #2851: 3570 ===
16:42:22     вердикт: RED
16:42:23 === #2852: 6430 ===
16:42:27     вердикт: RED
16:42:27 === #2853: 3569 ===
16:42:31     вердикт: RED
16:42:31 === #2854: 6431 ===
16:42:36     вердикт: RED
16:42:36 === #2855: 3568 ===
16:42:40     вердикт: RED
16:42:40 === #2856: 6432 ===
16:42:45     вердикт: RED
16:42:45 === #2857: 3567 ===
16:42:50     вердикт: RED
16:42:50 === #2858: 6433 ===
16:42:54     вердикт: RED
16:42:54 === #2859: 3566 ===
16:42:59     вердикт: RED
16:42:59 === #2860: 6434 ===
16:43:04     вердикт: RED
16:43:04 === #2861: 3565 ===
16:43:09     вердикт: RED
16:43:09 === #2862: 6435 ===
16:43:14     вердикт: RED
16:43:14 === #2863: 3564 ===
16:43:19     вердикт: RED
16:43:19 === #2864: 6436 ===
16:43:23     вердикт: RED
16:43:24 === #2865: 3563 ===
16:43:28     вердикт: RED
16:43:28 === #2866: 6437 ===
16:43:33     вердикт: RED
16:43:33 === #2867: 3562 ===
16:43:37     вердикт: RED
16:43:37 === #2868: 6438 ===
16:43:42     вердикт: RED
16:43:42 === #2869: 3561 ===
16:43:46     вердикт: RED
16:43:47 === #2870: 6439 ===
16:43:51     вердикт: RED
16:43:51 === #2871: 3560 ===
16:43:55     вердикт: RED
16:43:55 === #2872: 6440 ===
16:44:00     вердикт: RED
16:44:00 === #2873: 3559 ===
16:44:04     вердикт: RED
16:44:04 === #2874: 6441 ===
16:44:09     вердикт: RED
16:44:09 === #2875: 3558 ===
16:44:14     вердикт: RED
16:44:14 === #2876: 6442 ===
16:44:18     вердикт: RED
16:44:18 === #2877: 3557 ===
16:44:23     вердикт: RED
16:44:23 === #2878: 6443 ===
16:44:28     вердикт: RED
16:44:28 === #2879: 3556 ===
16:44:33     вердикт: RED
16:44:33 === #2880: 6444 ===
16:44:38     вердикт: RED
16:44:38 === #2881: 3555 ===
16:44:43     вердикт: RED
16:44:43 === #2882: 6445 ===
16:44:48     вердикт: RED
16:44:48 === #2883: 3554 ===
16:44:53     вердикт: RED
16:44:53 === #2884: 6446 ===
16:44:58     вердикт: RED
16:44:58 === #2885: 3553 ===
16:45:03     вердикт: RED
16:45:03 === #2886: 6447 ===
16:45:07     вердикт: RED
16:45:08 === #2887: 3552 ===
16:45:12     вердикт: RED
16:45:12 === #2888: 6448 ===
16:45:17     вердикт: RED
16:45:17 === #2889: 3551 ===
16:45:21     вердикт: RED
16:45:22 === #2890: 6449 ===
16:45:26     вердикт: RED
16:45:26 === #2891: 3550 ===
16:45:30     вердикт: RED
16:45:31 === #2892: 6450 ===
16:45:35     вердикт: RED
16:45:35 === #2893: 3549 ===
16:45:40     вердикт: RED
16:45:40 === #2894: 6451 ===
16:45:44     вердикт: RED
16:45:44 === #2895: 3548 ===
16:45:49     вердикт: RED
16:45:49 === #2896: 6452 ===
16:45:54     вердикт: RED
16:45:54 === #2897: 3547 ===
16:45:58     вердикт: RED
16:45:59 === #2898: 6453 ===
16:46:03     вердикт: RED
16:46:03 === #2899: 3546 ===
16:46:08     вердикт: RED
16:46:08 === #2900: 6454 ===
16:46:13     вердикт: RED
16:46:13 === #2901: 3545 ===
16:46:18     вердикт: RED
16:46:18 === #2902: 6455 ===
16:46:23     вердикт: RED
16:46:23 === #2903: 3544 ===
16:46:28     вердикт: RED
16:46:28 === #2904: 6456 ===
16:46:33     вердикт: RED
16:46:33 === #2905: 3543 ===
16:46:38     вердикт: RED
16:46:38 === #2906: 6457 ===
16:46:43     вердикт: RED
16:46:43 === #2907: 3542 ===
16:46:47     вердикт: RED
16:46:47 === #2908: 6458 ===
16:46:52     вердикт: RED
16:46:52 === #2909: 3541 ===
16:46:57     вердикт: RED
16:46:57 === #2910: 6459 ===
16:47:01     вердикт: RED
16:47:01 === #2911: 3540 ===
16:47:06     вердикт: RED
16:47:06 === #2912: 6460 ===
16:47:10     вердикт: RED
16:47:10 === #2913: 3539 ===
16:47:14     вердикт: RED
16:47:15 === #2914: 6461 ===
16:47:19     вердикт: RED
16:47:19 === #2915: 3538 ===
16:47:24     вердикт: RED
16:47:24 === #2916: 6462 ===
16:47:28     вердикт: RED
16:47:28 === #2917: 3537 ===
16:47:33     вердикт: RED
16:47:33 === #2918: 6463 ===
16:47:37     вердикт: RED
16:47:38 === #2919: 3536 ===
16:47:42     вердикт: RED
16:47:42 === #2920: 6464 ===
16:47:47     вердикт: RED
16:47:47 === #2921: 3535 ===
16:47:52     вердикт: RED
16:47:52 === #2922: 6465 ===
16:47:57     вердикт: RED
16:47:57 === #2923: 3534 ===
16:48:02     вердикт: RED
16:48:02 === #2924: 6466 ===
16:48:06     вердикт: RED
16:48:07 === #2925: 3533 ===
16:48:11     вердикт: RED
16:48:11 === #2926: 6467 ===
16:48:16     вердикт: RED
16:48:16 === #2927: 3532 ===
16:48:20     вердикт: RED
16:48:21 === #2928: 6468 ===
16:48:25     вердикт: RED
16:48:25 === #2929: 3531 ===
16:48:29     вердикт: RED
16:48:30 === #2930: 6469 ===
16:48:34     вердикт: RED
16:48:34 === #2931: 3530 ===
16:48:38     вердикт: RED
16:48:38 === #2932: 6470 ===
16:48:43     вердикт: RED
16:48:43 === #2933: 3529 ===
16:48:47     вердикт: RED
16:48:47 === #2934: 6471 ===
16:48:51     вердикт: RED
16:48:51 === #2935: 3528 ===
16:48:56     вердикт: RED
16:48:56 === #2936: 6472 ===
16:49:00     вердикт: RED
16:49:00 === #2937: 3527 ===
16:49:05     вердикт: RED
16:49:05 === #2938: 6473 ===
16:49:09     вердикт: RED
16:49:10 === #2939: 3526 ===
16:49:14     вердикт: RED
16:49:14 === #2940: 6474 ===
16:49:19     вердикт: RED
16:49:19 === #2941: 3525 ===
16:49:24     вердикт: RED
16:49:24 === #2942: 6475 ===
16:49:29     вердикт: RED
16:49:29 === #2943: 3524 ===
16:49:33     вердикт: RED
16:49:33 === #2944: 6476 ===
16:49:38     вердикт: RED
16:49:38 === #2945: 3523 ===
16:49:42     вердикт: RED
16:49:42 === #2946: 6477 ===
16:49:47     вердикт: RED
16:49:47 === #2947: 3522 ===
16:49:51     вердикт: RED
16:49:51 === #2948: 6478 ===
16:49:56     вердикт: RED
16:49:56 === #2949: 3521 ===
16:50:00     вердикт: RED
16:50:00 === #2950: 6479 ===
16:50:05     вердикт: RED
16:50:05 === #2951: 3520 ===
16:50:09     вердикт: RED
16:50:09 === #2952: 6480 ===
16:50:13     вердикт: RED
16:50:13 === #2953: 3519 ===
16:50:17     вердикт: RED
16:50:17 === #2954: 6481 ===
16:50:21     вердикт: RED
16:50:22 === #2955: 3518 ===
16:50:26     вердикт: RED
16:50:26 === #2956: 6482 ===
16:50:30     вердикт: RED
16:50:30 === #2957: 3517 ===
16:50:34     вердикт: RED
16:50:35 === #2958: 6483 ===
16:50:39     вердикт: RED
16:50:39 === #2959: 3516 ===
16:50:44     вердикт: RED
16:50:44 === #2960: 6484 ===
16:50:48     вердикт: RED
16:50:48 === #2961: 3515 ===
16:50:53     вердикт: RED
16:50:53 === #2962: 6485 ===
16:50:57     вердикт: RED
16:50:58 === #2963: 3514 ===
16:51:02     вердикт: RED
16:51:02 === #2964: 6486 ===
16:51:07     вердикт: RED
16:51:07 === #2965: 3513 ===
16:51:11     вердикт: RED
16:51:11 === #2966: 6487 ===
16:51:15     вердикт: RED
16:51:16 === #2967: 3512 ===
16:51:20     вердикт: RED
16:51:20 === #2968: 6488 ===
16:51:24     вердикт: RED
16:51:24 === #2969: 3511 ===
16:51:28     вердикт: RED
16:51:28 === #2970: 6489 ===
16:51:32     вердикт: RED
16:51:33 === #2971: 3510 ===
16:51:36     вердикт: RED
16:51:37 === #2972: 6490 ===
16:51:40     вердикт: RED
16:51:41 === #2973: 3509 ===
16:51:44     вердикт: RED
16:51:45 === #2974: 6491 ===
16:51:49     вердикт: RED
16:51:49 === #2975: 3508 ===
16:51:53     вердикт: RED
16:51:53 === #2976: 6492 ===
16:51:57     вердикт: RED
16:51:57 === #2977: 3507 ===
16:52:01     вердикт: RED
16:52:01 === #2978: 6493 ===
16:52:06     вердикт: RED
16:52:06 === #2979: 3506 ===
16:52:10     вердикт: RED
16:52:10 === #2980: 6494 ===
16:52:15     вердикт: RED
16:52:15 === #2981: 3505 ===
16:52:19     вердикт: RED
16:52:19 === #2982: 6495 ===
16:52:24     вердикт: RED
16:52:24 === #2983: 3504 ===
16:52:28     вердикт: RED
16:52:28 === #2984: 6496 ===
16:52:33     вердикт: RED
16:52:33 === #2985: 3503 ===
16:52:37     вердикт: RED
16:52:37 === #2986: 6497 ===
16:52:42     вердикт: RED
16:52:42 === #2987: 3502 ===
16:52:46     вердикт: RED
16:52:46 === #2988: 6498 ===
16:52:50     вердикт: RED
16:52:50 === #2989: 3501 ===
16:52:54     вердикт: RED
16:52:54 === #2990: 6499 ===
16:52:58     вердикт: RED
16:52:58 === #2991: 3500 ===
16:53:02     вердикт: RED
16:53:02 === #2992: 6500 ===
16:53:06     вердикт: RED
16:53:06 === #2993: 3499 ===
16:53:10     вердикт: RED
16:53:10 === #2994: 6501 ===
16:53:14     вердикт: RED
16:53:14 === #2995: 3498 ===
16:53:18     вердикт: RED
16:53:18 === #2996: 6502 ===
16:53:22     вердикт: RED
16:53:23 === #2997: 3497 ===
16:53:27     вердикт: RED
16:53:27 === #2998: 6503 ===
16:53:31     вердикт: RED
16:53:31 === #2999: 3496 ===
16:53:35     вердикт: RED
16:53:36 === #3000: 6504 ===
16:53:40     вердикт: RED
16:53:40 === #3001: 3495 ===
16:53:44     вердикт: RED
16:53:45 === #3002: 6505 ===
16:53:49     вердикт: RED
16:53:49 === #3003: 3494 ===
16:53:53     вердикт: RED
16:53:54 === #3004: 6506 ===
16:53:58     вердикт: RED
16:53:58 === #3005: 3493 ===
16:54:02     вердикт: RED
16:54:02 === #3006: 6507 ===
16:54:06     вердикт: RED
16:54:07 === #3007: 3492 ===
16:54:11     вердикт: RED
16:54:11 === #3008: 6508 ===
16:54:15     вердикт: RED
16:54:15 === #3009: 3491 ===
16:54:19     вердикт: RED
16:54:19 === #3010: 6509 ===
16:54:23     вердикт: RED
16:54:23 === #3011: 3490 ===
16:54:27     вердикт: RED
16:54:27 === #3012: 6510 ===
16:54:31     вердикт: RED
16:54:31 === #3013: 3489 ===
16:54:35     вердикт: RED
16:54:36 === #3014: 6511 ===
16:54:40     вердикт: RED
16:54:40 === #3015: 3488 ===
16:54:44     вердикт: RED
16:54:44 === #3016: 6512 ===
16:54:48     вердикт: RED
16:54:48 === #3017: 3487 ===
16:54:53     вердикт: RED
16:54:53 === #3018: 6513 ===
16:54:57     вердикт: RED
16:54:57 === #3019: 3486 ===
16:55:02     вердикт: RED
16:55:02 === #3020: 6514 ===
16:55:06     вердикт: RED
16:55:07 === #3021: 3485 ===
16:55:11     вердикт: RED
16:55:11 === #3022: 6515 ===
16:55:16     вердикт: RED
16:55:16 === #3023: 3484 ===
16:55:20     вердикт: RED
16:55:21 === #3024: 6516 ===
16:55:25     вердикт: RED
16:55:25 === #3025: 3483 ===
16:55:29     вердикт: RED
16:55:29 === #3026: 6517 ===
16:55:34     вердикт: RED
16:55:34 === #3027: 3482 ===
16:55:38     вердикт: RED
16:55:38 === #3028: 6518 ===
16:55:43     вердикт: RED
16:55:43 === #3029: 3481 ===
16:55:47     вердикт: RED
16:55:47 === #3030: 6519 ===
16:55:51     вердикт: RED
16:55:51 === #3031: 3480 ===
16:55:55     вердикт: RED
16:55:55 === #3032: 6520 ===
16:55:59     вердикт: RED
16:56:00 === #3033: 3479 ===
16:56:04     вердикт: RED
16:56:04 === #3034: 6521 ===
16:56:08     вердикт: RED
16:56:08 === #3035: 3478 ===
16:56:12     вердикт: RED
16:56:13 === #3036: 6522 ===
16:56:17     вердикт: RED
16:56:17 === #3037: 3477 ===
16:56:21     вердикт: RED
16:56:22 === #3038: 6523 ===
16:56:26     вердикт: RED
16:56:26 === #3039: 3476 ===
16:56:31     вердикт: RED
16:56:31 === #3040: 6524 ===
16:56:35     вердикт: RED
16:56:36 === #3041: 3475 ===
16:56:40     вердикт: RED
16:56:40 === #3042: 6525 ===
16:56:45     вердикт: RED
16:56:45 === #3043: 3474 ===
16:56:50     вердикт: RED
16:56:50 === #3044: 6526 ===
16:56:54     вердикт: RED
16:56:55 === #3045: 3473 ===
16:56:59     вердикт: RED
16:56:59 === #3046: 6527 ===
16:57:04     вердикт: RED
16:57:04 === #3047: 3472 ===
16:57:08     вердикт: RED
16:57:08 === #3048: 6528 ===
16:57:12     вердикт: RED
16:57:13 === #3049: 3471 ===
16:57:17     вердикт: RED
16:57:17 === #3050: 6529 ===
16:57:21     вердикт: RED
16:57:21 === #3051: 3470 ===
16:57:25     вердикт: RED
16:57:25 === #3052: 6530 ===
16:57:30     вердикт: RED
16:57:30 === #3053: 3469 ===
16:57:34     вердикт: RED
16:57:34 === #3054: 6531 ===
16:57:39     вердикт: RED
16:57:39 === #3055: 3468 ===
16:57:43     вердикт: RED
16:57:43 === #3056: 6532 ===
16:57:48     вердикт: RED
16:57:48 === #3057: 3467 ===
16:57:52     вердикт: RED
16:57:53 === #3058: 6533 ===
16:57:57     вердикт: RED
16:57:57 === #3059: 3466 ===
16:58:02     вердикт: RED
16:58:02 === #3060: 6534 ===
16:58:07     вердикт: RED
16:58:07 === #3061: 3465 ===
16:58:12     вердикт: RED
16:58:12 === #3062: 6535 ===
16:58:17     вердикт: RED
16:58:17 === #3063: 3464 ===
16:58:21     вердикт: RED
16:58:21 === #3064: 6536 ===
16:58:26     вердикт: RED
16:58:26 === #3065: 3463 ===
16:58:31     вердикт: RED
16:58:31 === #3066: 6537 ===
16:58:36     вердикт: RED
16:58:36 === #3067: 3462 ===
16:58:40     вердикт: RED
16:58:40 === #3068: 6538 ===
16:58:45     вердикт: RED
16:58:45 === #3069: 3461 ===
16:58:49     вердикт: RED
16:58:49 === #3070: 6539 ===
16:58:54     вердикт: RED
16:58:54 === #3071: 3460 ===
16:58:58     вердикт: RED
16:58:58 === #3072: 6540 ===
16:59:02     вердикт: RED
16:59:02 === #3073: 3459 ===
16:59:07     вердикт: RED
16:59:07 === #3074: 6541 ===
16:59:11     вердикт: RED
16:59:12 === #3075: 3458 ===
16:59:16     вердикт: RED
16:59:16 === #3076: 6542 ===
16:59:21     вердикт: RED
16:59:21 === #3077: 3457 ===
16:59:26     вердикт: RED
16:59:26 === #3078: 6543 ===
16:59:31     вердикт: RED
16:59:31 === #3079: 3456 ===
16:59:35     вердикт: RED
16:59:35 === #3080: 6544 ===
16:59:40     вердикт: RED
16:59:41 === #3081: 3455 ===
16:59:45     вердикт: RED
16:59:46 === #3082: 6545 ===
16:59:51     вердикт: RED
16:59:51 === #3083: 3454 ===
16:59:56     вердикт: RED
16:59:56 === #3084: 6546 ===
17:00:01     вердикт: RED
17:00:01 === #3085: 3453 ===
17:00:05     вердикт: RED
17:00:05 === #3086: 6547 ===
17:00:10     вердикт: RED
17:00:10 === #3087: 3452 ===
17:00:15     вердикт: RED
17:00:15 === #3088: 6548 ===
17:00:20     вердикт: RED
17:00:20 === #3089: 3451 ===
17:00:24     вердикт: RED
17:00:24 === #3090: 6549 ===
17:00:29     вердикт: RED
17:00:29 === #3091: 3450 ===
17:00:33     вердикт: RED
17:00:33 === #3092: 6550 ===
17:00:38     вердикт: RED
17:00:38 === #3093: 3449 ===
17:00:42     вердикт: RED
17:00:42 === #3094: 6551 ===
17:00:47     вердикт: RED
17:00:47 === #3095: 3448 ===
17:00:51     вердикт: RED
17:00:51 === #3096: 6552 ===
17:00:56     вердикт: RED
17:00:56 === #3097: 3447 ===
17:01:01     вердикт: RED
17:01:01 === #3098: 6553 ===
17:01:06     вердикт: RED
17:01:06 === #3099: 3446 ===
17:01:10     вердикт: RED
17:01:11 === #3100: 6554 ===
17:01:16     вердикт: RED
17:01:16 === #3101: 3445 ===
17:01:21     вердикт: RED
17:01:21 === #3102: 6555 ===
17:01:26     вердикт: RED
17:01:26 === #3103: 3444 ===
17:01:31     вердикт: RED
17:01:31 === #3104: 6556 ===
17:01:36     вердикт: RED
17:01:36 === #3105: 3443 ===
17:01:40     вердикт: RED
17:01:41 === #3106: 6557 ===
17:01:45     вердикт: RED
17:01:46 === #3107: 3442 ===
17:01:50     вердикт: RED
17:01:50 === #3108: 6558 ===
17:01:55     вердикт: RED
17:01:55 === #3109: 3441 ===
17:01:59     вердикт: RED
17:01:59 === #3110: 6559 ===
17:02:04     вердикт: RED
17:02:04 === #3111: 3440 ===
17:02:08     вердикт: RED
17:02:08 === #3112: 6560 ===
17:02:13     вердикт: RED
17:02:13 === #3113: 3439 ===
17:02:17     вердикт: RED
17:02:17 === #3114: 6561 ===
17:02:22     вердикт: RED
17:02:22 === #3115: 3438 ===
17:02:26     вердикт: RED
17:02:26 === #3116: 6562 ===
17:02:31     вердикт: RED
17:02:31 === #3117: 3437 ===
17:02:35     вердикт: RED
17:02:36 === #3118: 6563 ===
17:02:40     вердикт: RED
17:02:41 === #3119: 3436 ===
17:02:45     вердикт: RED
17:02:45 === #3120: 6564 ===
17:02:50     вердикт: RED
17:02:50 === #3121: 3435 ===
17:02:55     вердикт: RED
17:02:55 === #3122: 6565 ===
17:03:00     вердикт: RED
17:03:00 === #3123: 3434 ===
17:03:05     вердикт: RED
17:03:05 === #3124: 6566 ===
17:03:10     вердикт: RED
17:03:10 === #3125: 3433 ===
17:03:14     вердикт: RED
17:03:14 === #3126: 6567 ===
17:03:19     вердикт: RED
17:03:19 === #3127: 3432 ===
17:03:23     вердикт: RED
17:03:24 === #3128: 6568 ===
17:03:28     вердикт: RED
17:03:28 === #3129: 3431 ===
17:03:32     вердикт: RED
17:03:33 === #3130: 6569 ===
17:03:37     вердикт: RED
17:03:37 === #3131: 3430 ===
17:03:41     вердикт: RED
17:03:41 === #3132: 6570 ===
17:03:45     вердикт: RED
17:03:46 === #3133: 3429 ===
17:03:50     вердикт: RED
17:03:50 === #3134: 6571 ===
17:03:54     вердикт: RED
17:03:54 === #3135: 3428 ===
17:03:58     вердикт: RED
17:03:59 === #3136: 6572 ===
17:04:03     вердикт: RED
17:04:03 === #3137: 3427 ===
17:04:07     вердикт: RED
17:04:08 === #3138: 6573 ===
17:04:12     вердикт: RED
17:04:12 === #3139: 3426 ===
17:04:17     вердикт: RED
17:04:17 === #3140: 6574 ===
17:04:22     вердикт: RED
17:04:22 === #3141: 3425 ===
17:04:26     вердикт: RED
17:04:27 === #3142: 6575 ===
17:04:31     вердикт: RED
17:04:32 === #3143: 3424 ===
17:04:36     вердикт: RED
17:04:36 === #3144: 6576 ===
17:04:41     вердикт: RED
17:04:41 === #3145: 3423 ===
17:04:45     вердикт: RED
17:04:45 === #3146: 6577 ===
17:04:50     вердикт: RED
17:04:50 === #3147: 3422 ===
17:04:54     вердикт: RED
17:04:54 === #3148: 6578 ===
17:04:59     вердикт: RED
17:04:59 === #3149: 3421 ===
17:05:03     вердикт: RED
17:05:03 === #3150: 6579 ===
17:05:07     вердикт: RED
17:05:08 === #3151: 3420 ===
17:05:11     вердикт: RED
17:05:12 === #3152: 6580 ===
17:05:16     вердикт: RED
17:05:16 === #3153: 3419 ===
17:05:20     вердикт: RED
17:05:20 === #3154: 6581 ===
17:05:24     вердикт: RED
17:05:24 === #3155: 3418 ===
17:05:28     вердикт: RED
17:05:29 === #3156: 6582 ===
17:05:33     вердикт: RED
17:05:33 === #3157: 3417 ===
17:05:37     вердикт: RED
17:05:37 === #3158: 6583 ===
17:05:42     вердикт: RED
17:05:42 === #3159: 3416 ===
17:05:46     вердикт: RED
17:05:46 === #3160: 6584 ===
17:05:51     вердикт: RED
17:05:51 === #3161: 3415 ===
17:05:55     вердикт: RED
17:05:56 === #3162: 6585 ===
17:06:00     вердикт: RED
17:06:01 === #3163: 3414 ===
17:06:05     вердикт: RED
17:06:05 === #3164: 6586 ===
17:06:10     вердикт: RED
17:06:10 === #3165: 3413 ===
17:06:14     вердикт: RED
17:06:14 === #3166: 6587 ===
17:06:19     вердикт: RED
17:06:19 === #3167: 3412 ===
17:06:23     вердикт: RED
17:06:23 === #3168: 6588 ===
17:06:27     вердикт: RED
17:06:27 === #3169: 3411 ===
17:06:31     вердикт: RED
17:06:31 === #3170: 6589 ===
17:06:36     вердикт: RED
17:06:36 === #3171: 3410 ===
17:06:40     вердикт: RED
17:06:40 === #3172: 6590 ===
17:06:44     вердикт: RED
17:06:44 === #3173: 3409 ===
17:06:48     вердикт: RED
17:06:48 === #3174: 6591 ===
17:06:52     вердикт: RED
17:06:52 === #3175: 3408 ===
17:06:56     вердикт: RED
17:06:56 === #3176: 6592 ===
17:07:00     вердикт: RED
17:07:01 === #3177: 3407 ===
17:07:05     вердикт: RED
17:07:05 === #3178: 6593 ===
17:07:09     вердикт: RED
17:07:09 === #3179: 3406 ===
17:07:13     вердикт: RED
17:07:13 === #3180: 6594 ===
17:07:18     вердикт: RED
17:07:18 === #3181: 3405 ===
17:07:22     вердикт: RED
17:07:23 === #3182: 6595 ===
17:07:27     вердикт: RED
17:07:27 === #3183: 3404 ===
17:07:31     вердикт: RED
17:07:32 === #3184: 6596 ===
17:07:36     вердикт: RED
17:07:36 === #3185: 3403 ===
17:07:40     вердикт: RED
17:07:40 === #3186: 6597 ===
17:07:45     вердикт: RED
17:07:45 === #3187: 3402 ===
17:07:49     вердикт: RED
17:07:49 === #3188: 6598 ===
17:07:53     вердикт: RED
17:07:53 === #3189: 3401 ===
17:07:57     вердикт: RED
17:07:57 === #3190: 6599 ===
17:08:01     вердикт: RED
17:08:01 === #3191: 3400 ===
17:08:05     вердикт: RED
17:08:05 === #3192: 6600 ===
17:08:09     вердикт: RED
17:08:09 === #3193: 3399 ===
17:08:13     вердикт: RED
17:08:13 === #3194: 6601 ===
17:08:17     вердикт: RED
17:08:17 === #3195: 3398 ===
17:08:21     вердикт: RED
17:08:21 === #3196: 6602 ===
17:08:25     вердикт: RED
17:08:25 === #3197: 3397 ===
17:08:29     вердикт: RED
17:08:29 === #3198: 6603 ===
17:08:33     вердикт: RED
17:08:34 === #3199: 3396 ===
17:08:38     вердикт: RED
17:08:38 === #3200: 6604 ===
17:08:42     вердикт: RED
17:08:42 === #3201: 3395 ===
17:08:47     вердикт: RED
17:08:47 === #3202: 6605 ===
17:08:51     вердикт: RED
17:08:51 === #3203: 3394 ===
17:08:55     вердикт: RED
17:08:56 === #3204: 6606 ===
17:09:00     вердикт: RED
17:09:00 === #3205: 3393 ===
17:09:04     вердикт: RED
17:09:04 === #3206: 6607 ===
17:09:08     вердикт: RED
17:09:08 === #3207: 3392 ===
17:09:12     вердикт: RED
17:09:12 === #3208: 6608 ===
17:09:16     вердикт: RED
17:09:16 === #3209: 3391 ===
17:09:20     вердикт: RED
17:09:20 === #3210: 6609 ===
17:09:24     вердикт: RED
17:09:24 === #3211: 3390 ===
17:09:28     вердикт: RED
17:09:28 === #3212: 6610 ===
17:09:32     вердикт: RED
17:09:32 === #3213: 3389 ===
17:09:36     вердикт: RED
17:09:36 === #3214: 6611 ===
17:09:40     вердикт: RED
17:09:40 === #3215: 3388 ===
17:09:44     вердикт: RED
17:09:45 === #3216: 6612 ===
17:09:49     вердикт: RED
17:09:49 === #3217: 3387 ===
17:09:53     вердикт: RED
17:09:53 === #3218: 6613 ===
17:09:57     вердикт: RED
17:09:58 === #3219: 3386 ===
17:10:02     вердикт: RED
17:10:02 === #3220: 6614 ===
17:10:06     вердикт: RED
17:10:07 === #3221: 3385 ===
17:10:11     вердикт: RED
17:10:11 === #3222: 6615 ===
17:10:16     вердикт: RED
17:10:16 === #3223: 3384 ===
17:10:20     вердикт: RED
17:10:20 === #3224: 6616 ===
17:10:24     вердикт: RED
17:10:25 === #3225: 3383 ===
17:10:29     вердикт: RED
17:10:29 === #3226: 6617 ===
17:10:33     вердикт: RED
17:10:33 === #3227: 3382 ===
17:10:37     вердикт: RED
17:10:37 === #3228: 6618 ===
17:10:42     вердикт: RED
17:10:42 === #3229: 3381 ===
17:10:46     вердикт: RED
17:10:46 === #3230: 6619 ===
17:10:50     вердикт: RED
17:10:50 === #3231: 3380 ===
17:10:54     вердикт: RED
17:10:54 === #3232: 6620 ===
17:10:58     вердикт: RED
17:10:58 === #3233: 3379 ===
17:11:02     вердикт: RED
17:11:02 === #3234: 6621 ===
17:11:06     вердикт: RED
17:11:06 === #3235: 3378 ===
17:11:10     вердикт: RED
17:11:11 === #3236: 6622 ===
17:11:15     вердикт: RED
17:11:15 === #3237: 3377 ===
17:11:19     вердикт: RED
17:11:19 === #3238: 6623 ===
17:11:24     вердикт: RED
17:11:24 === #3239: 3376 ===
17:11:28     вердикт: RED
17:11:28 === #3240: 6624 ===
17:11:33     вердикт: RED
17:11:33 === #3241: 3375 ===
17:11:38     вердикт: RED
17:11:38 === #3242: 6625 ===
17:11:42     вердикт: RED
17:11:43 === #3243: 3374 ===
17:11:47     вердикт: RED
17:11:47 === #3244: 6626 ===
17:11:51     вердикт: RED
17:11:52 === #3245: 3373 ===
17:11:56     вердикт: RED
17:11:56 === #3246: 6627 ===
17:12:00     вердикт: RED
17:12:00 === #3247: 3372 ===
17:12:05     вердикт: RED
17:12:05 === #3248: 6628 ===
17:12:09     вердикт: RED
17:12:09 === #3249: 3371 ===
17:12:13     вердикт: RED
17:12:13 === #3250: 6629 ===
17:12:17     вердикт: RED
17:12:18 === #3251: 3370 ===
17:12:22     вердикт: RED
17:12:22 === #3252: 6630 ===
17:12:26     вердикт: RED
17:12:26 === #3253: 3369 ===
17:12:30     вердикт: RED
17:12:30 === #3254: 6631 ===
17:12:34     вердикт: RED
17:12:35 === #3255: 3368 ===
17:12:39     вердикт: RED
17:12:39 === #3256: 6632 ===
17:12:43     вердикт: RED
17:12:44 === #3257: 3367 ===
17:12:48     вердикт: RED
17:12:48 === #3258: 6633 ===
17:12:53     вердикт: RED
17:12:53 === #3259: 3366 ===
17:12:57     вердикт: RED
17:12:57 === #3260: 6634 ===
17:13:02     вердикт: RED
17:13:02 === #3261: 3365 ===
17:13:07     вердикт: RED
17:13:07 === #3262: 6635 ===
17:13:12     вердикт: RED
17:13:12 === #3263: 3364 ===
17:13:16     вердикт: RED
17:13:16 === #3264: 6636 ===
17:13:21     вердикт: RED
17:13:21 === #3265: 3363 ===
17:13:26     вердикт: RED
17:13:26 === #3266: 6637 ===
17:13:30     вердикт: RED
17:13:30 === #3267: 3362 ===
17:13:35     вердикт: RED
17:13:35 === #3268: 6638 ===
17:13:39     вердикт: RED
17:13:39 === #3269: 3361 ===
17:13:43     вердикт: RED
17:13:44 === #3270: 6639 ===
17:13:48     вердикт: RED
17:13:48 === #3271: 3360 ===
17:13:52     вердикт: RED
17:13:52 === #3272: 6640 ===
17:13:56     вердикт: RED
17:13:56 === #3273: 3359 ===
17:14:01     вердикт: RED
17:14:01 === #3274: 6641 ===
17:14:05     вердикт: RED
17:14:05 === #3275: 3358 ===
17:14:10     вердикт: RED
17:14:10 === #3276: 6642 ===
17:14:14     вердикт: RED
17:14:15 === #3277: 3357 ===
17:14:19     вердикт: RED
17:14:19 === #3278: 6643 ===
17:14:24     вердикт: RED
17:14:24 === #3279: 3356 ===
17:14:29     вердикт: RED
17:14:29 === #3280: 6644 ===
17:14:33     вердикт: RED
17:14:34 === #3281: 3355 ===
17:14:38     вердикт: RED
17:14:39 === #3282: 6645 ===
17:14:43     вердикт: RED
17:14:44 === #3283: 3354 ===
17:14:48     вердикт: RED
17:14:48 === #3284: 6646 ===
17:14:53     вердикт: RED
17:14:53 === #3285: 3353 ===
17:14:58     вердикт: RED
17:14:58 === #3286: 6647 ===
17:15:02     вердикт: RED
17:15:03 === #3287: 3352 ===
17:15:07     вердикт: RED
17:15:07 === #3288: 6648 ===
17:15:11     вердикт: RED
17:15:12 === #3289: 3351 ===
17:15:16     вердикт: RED
17:15:16 === #3290: 6649 ===
17:15:20     вердикт: RED
17:15:20 === #3291: 3350 ===
17:15:25     вердикт: RED
17:15:25 === #3292: 6650 ===
17:15:29     вердикт: RED
17:15:29 === #3293: 3349 ===
17:15:33     вердикт: RED
17:15:33 === #3294: 6651 ===
17:15:38     вердикт: RED
17:15:38 === #3295: 3348 ===
17:15:42     вердикт: RED
17:15:43 === #3296: 6652 ===
17:15:47     вердикт: RED
17:15:47 === #3297: 3347 ===
17:15:52     вердикт: RED
17:15:52 === #3298: 6653 ===
17:15:57     вердикт: RED
17:15:57 === #3299: 3346 ===
17:16:01     вердикт: RED
17:16:01 === #3300: 6654 ===
17:16:06     вердикт: RED
17:16:06 === #3301: 3345 ===
17:16:11     вердикт: RED
17:16:11 === #3302: 6655 ===
17:16:16     вердикт: RED
17:16:16 === #3303: 3344 ===
17:16:21     вердикт: RED
17:16:21 === #3304: 6656 ===
17:16:26     вердикт: RED
17:16:26 === #3305: 3343 ===
17:16:30     вердикт: RED
17:16:30 === #3306: 6657 ===
17:16:35     вердикт: RED
17:16:35 === #3307: 3342 ===
17:16:40     вердикт: RED
17:16:40 === #3308: 6658 ===
17:16:44     вердикт: RED
17:16:45 === #3309: 3341 ===
17:16:49     вердикт: RED
17:16:49 === #3310: 6659 ===
17:16:53     вердикт: RED
17:16:54 === #3311: 3340 ===
17:16:58     вердикт: RED
17:16:58 === #3312: 6660 ===
17:17:02     вердикт: RED
17:17:02 === #3313: 3339 ===
17:17:06     вердикт: RED
17:17:06 === #3314: 6661 ===
17:17:11     вердикт: RED
17:17:11 === #3315: 3338 ===
17:17:15     вердикт: RED
17:17:15 === #3316: 6662 ===
17:17:19     вердикт: RED
17:17:20 === #3317: 3337 ===
17:17:24     вердикт: RED
17:17:24 === #3318: 6663 ===
17:17:29     вердикт: RED
17:17:29 === #3319: 3336 ===
17:17:33     вердикт: RED
17:17:33 === #3320: 6664 ===
17:17:38     вердикт: RED
17:17:38 === #3321: 3335 ===
17:17:43     вердикт: RED
17:17:43 === #3322: 6665 ===
17:17:48     вердикт: RED
17:17:48 === #3323: 3334 ===
17:17:52     вердикт: RED
17:17:52 === #3324: 6666 ===
17:17:57     вердикт: RED
17:17:57 === #3325: 3333 ===
17:18:01     вердикт: RED
17:18:01 === #3326: 6667 ===
17:18:06     вердикт: RED
17:18:06 === #3327: 3332 ===
17:18:10     вердикт: RED
17:18:10 === #3328: 6668 ===
17:18:15     вердикт: RED
17:18:15 === #3329: 3331 ===
17:18:19     вердикт: RED
17:18:19 === #3330: 6669 ===
17:18:24     вердикт: RED
17:18:24 === #3331: 3330 ===
17:18:28     вердикт: RED
17:18:28 === #3332: 6670 ===
17:18:32     вердикт: RED
17:18:32 === #3333: 3329 ===
17:18:36     вердикт: RED
17:18:36 === #3334: 6671 ===
17:18:40     вердикт: RED
17:18:40 === #3335: 3328 ===
17:18:44     вердикт: RED
17:18:45 === #3336: 6672 ===
17:18:49     вердикт: RED
17:18:49 === #3337: 3327 ===
17:18:53     вердикт: RED
17:18:53 === #3338: 6673 ===
17:18:58     вердикт: RED
17:18:58 === #3339: 3326 ===
17:19:02     вердикт: RED
17:19:02 === #3340: 6674 ===
17:19:07     вердикт: RED
17:19:07 === #3341: 3325 ===
17:19:11     вердикт: RED
17:19:12 === #3342: 6675 ===
17:19:16     вердикт: RED
17:19:16 === #3343: 3324 ===
17:19:21     вердикт: RED
17:19:21 === #3344: 6676 ===
17:19:26     вердикт: RED
17:19:26 === #3345: 3323 ===
17:19:30     вердикт: RED
17:19:30 === #3346: 6677 ===
17:19:34     вердикт: RED
17:19:35 === #3347: 3322 ===
17:19:39     вердикт: RED
17:19:39 === #3348: 6678 ===
17:19:43     вердикт: RED
17:19:43 === #3349: 3321 ===
17:19:47     вердикт: RED
17:19:47 === #3350: 6679 ===
17:19:52     вердикт: RED
17:19:52 === #3351: 3320 ===
17:19:56     вердикт: RED
17:19:56 === #3352: 6680 ===
17:20:00     вердикт: RED
17:20:00 === #3353: 3319 ===
17:20:04     вердикт: RED
17:20:04 === #3354: 6681 ===
17:20:08     вердикт: RED
17:20:08 === #3355: 3318 ===
17:20:12     вердикт: RED
17:20:12 === #3356: 6682 ===
17:20:16     вердикт: RED
17:20:16 === #3357: 3317 ===
17:20:20     вердикт: RED
17:20:20 === #3358: 6683 ===
17:20:25     вердикт: RED
17:20:25 === #3359: 3316 ===
17:20:29     вердикт: RED
17:20:29 === #3360: 6684 ===
17:20:34     вердикт: RED
17:20:34 === #3361: 3315 ===
17:20:38     вердикт: RED
17:20:38 === #3362: 6685 ===
17:20:43     вердикт: RED
17:20:43 === #3363: 3314 ===
17:20:47     вердикт: RED
17:20:47 === #3364: 6686 ===
17:20:52     вердикт: RED
17:20:52 === #3365: 3313 ===
17:20:56     вердикт: RED
17:20:56 === #3366: 6687 ===
17:21:00     вердикт: RED
17:21:00 === #3367: 3312 ===
17:21:04     вердикт: RED
17:21:05 === #3368: 6688 ===
17:21:09     вердикт: RED
17:21:09 === #3369: 3311 ===
17:21:13     вердикт: RED
17:21:13 === #3370: 6689 ===
17:21:17     вердикт: RED
17:21:17 === #3371: 3310 ===
17:21:21     вердикт: RED
17:21:21 === #3372: 6690 ===
17:21:25     вердикт: RED
17:21:25 === #3373: 3309 ===
17:21:29     вердикт: RED
17:21:29 === #3374: 6691 ===
17:21:33     вердикт: RED
17:21:33 === #3375: 3308 ===
17:21:37     вердикт: RED
17:21:37 === #3376: 6692 ===
17:21:41     вердикт: RED
17:21:41 === #3377: 3307 ===
17:21:45     вердикт: RED
17:21:45 === #3378: 6693 ===
17:21:49     вердикт: RED
17:21:50 === #3379: 3306 ===
17:21:54     вердикт: RED
17:21:54 === #3380: 6694 ===
17:21:58     вердикт: RED
17:21:58 === #3381: 3305 ===
17:22:02     вердикт: RED
17:22:02 === #3382: 6695 ===
17:22:07     вердикт: RED
17:22:07 === #3383: 3304 ===
17:22:11     вердикт: RED
17:22:11 === #3384: 6696 ===
17:22:16     вердикт: RED
17:22:16 === #3385: 3303 ===
17:22:20     вердикт: RED
17:22:20 === #3386: 6697 ===
17:22:24     вердикт: RED
17:22:24 === #3387: 3302 ===
17:22:28     вердикт: RED
17:22:28 === #3388: 6698 ===
17:22:32     вердикт: RED
17:22:32 === #3389: 3301 ===
17:22:36     вердикт: RED
17:22:36 === #3390: 6699 ===
17:22:40     вердикт: RED
17:22:40 === #3391: 3300 ===
17:22:44     вердикт: RED
17:22:44 === #3392: 6700 ===
17:22:48     вердикт: RED
17:22:48 === #3393: 3299 ===
17:22:51     вердикт: RED
17:22:52 === #3394: 6701 ===
17:22:55     вердикт: RED
17:22:56 === #3395: 3298 ===
17:22:59     вердикт: RED
17:22:59 === #3396: 6702 ===
17:23:03     вердикт: RED
17:23:03 === #3397: 3297 ===
17:23:07     вердикт: RED
17:23:07 === #3398: 6703 ===
17:23:11     вердикт: RED
17:23:11 === #3399: 3296 ===
17:23:15     вердикт: RED
17:23:16 === #3400: 6704 ===
17:23:20     вердикт: RED
17:23:20 === #3401: 3295 ===
17:23:24     вердикт: RED
17:23:24 === #3402: 6705 ===
17:23:28     вердикт: RED
17:23:29 === #3403: 3294 ===
17:23:33     вердикт: RED
17:23:33 === #3404: 6706 ===
17:23:37     вердикт: RED
17:23:37 === #3405: 3293 ===
17:23:41     вердикт: RED
17:23:41 === #3406: 6707 ===
17:23:45     вердикт: RED
17:23:45 === #3407: 3292 ===
17:23:49     вердикт: RED
17:23:49 === #3408: 6708 ===
17:23:53     вердикт: RED
17:23:53 === #3409: 3291 ===
17:23:57     вердикт: RED
17:23:57 === #3410: 6709 ===
17:24:01     вердикт: RED
17:24:01 === #3411: 3290 ===
17:24:04     вердикт: RED
17:24:04 === #3412: 6710 ===
17:24:08     вердикт: RED
17:24:08 === #3413: 3289 ===
17:24:12     вердикт: RED
17:24:12 === #3414: 6711 ===
17:24:16     вердикт: RED
17:24:16 === #3415: 3288 ===
17:24:20     вердикт: RED
17:24:20 === #3416: 6712 ===
17:24:24     вердикт: RED
17:24:24 === #3417: 3287 ===
17:24:28     вердикт: RED
17:24:29 === #3418: 6713 ===
17:24:33     вердикт: RED
17:24:33 === #3419: 3286 ===
17:24:37     вердикт: RED
17:24:37 === #3420: 6714 ===
17:24:41     вердикт: RED
17:24:41 === #3421: 3285 ===
17:24:46     вердикт: RED
17:24:46 === #3422: 6715 ===
17:24:50     вердикт: RED
17:24:50 === #3423: 3284 ===
17:24:55     вердикт: RED
17:24:55 === #3424: 6716 ===
17:24:59     вердикт: RED
17:24:59 === #3425: 3283 ===
17:25:03     вердикт: RED
17:25:03 === #3426: 6717 ===
17:25:07     вердикт: RED
17:25:08 === #3427: 3282 ===
17:25:11     вердикт: RED
17:25:12 === #3428: 6718 ===
17:25:16     вердикт: RED
17:25:16 === #3429: 3281 ===
17:25:20     вердикт: RED
17:25:20 === #3430: 6719 ===
17:25:24     вердикт: RED
17:25:24 === #3431: 3280 ===
17:25:27     вердикт: RED
17:25:28 === #3432: 6720 ===
17:25:32     вердикт: RED
17:25:32 === #3433: 3279 ===
17:25:36     вердикт: RED
17:25:36 === #3434: 6721 ===
17:25:40     вердикт: RED
17:25:40 === #3435: 3278 ===
17:25:44     вердикт: RED
17:25:44 === #3436: 6722 ===
17:25:48     вердикт: RED
17:25:48 === #3437: 3277 ===
17:25:52     вердикт: RED
17:25:53 === #3438: 6723 ===
17:25:57     вердикт: RED
17:25:57 === #3439: 3276 ===
17:26:01     вердикт: RED
17:26:01 === #3440: 6724 ===
17:26:06     вердикт: RED
17:26:06 === #3441: 3275 ===
17:26:10     вердикт: RED
17:26:10 === #3442: 6725 ===
17:26:15     вердикт: RED
17:26:15 === #3443: 3274 ===
17:26:19     вердикт: RED
17:26:19 === #3444: 6726 ===
17:26:24     вердикт: RED
17:26:24 === #3445: 3273 ===
17:26:28     вердикт: RED
17:26:28 === #3446: 6727 ===
17:26:33     вердикт: RED
17:26:33 === #3447: 3272 ===
17:26:37     вердикт: RED
17:26:37 === #3448: 6728 ===
17:26:41     вердикт: RED
17:26:41 === #3449: 3271 ===
17:26:45     вердикт: RED
17:26:45 === #3450: 6729 ===
17:26:49     вердикт: RED
17:26:49 === #3451: 3270 ===
17:26:53     вердикт: RED
17:26:53 === #3452: 6730 ===
17:26:57     вердикт: RED
17:26:57 === #3453: 3269 ===
17:27:01     вердикт: RED
17:27:01 === #3454: 6731 ===
17:27:05     вердикт: RED
17:27:06 === #3455: 3268 ===
17:27:10     вердикт: RED
17:27:10 === #3456: 6732 ===
17:27:14     вердикт: RED
17:27:14 === #3457: 3267 ===
17:27:19     вердикт: RED
17:27:19 === #3458: 6733 ===
17:27:23     вердикт: RED
17:27:23 === #3459: 3266 ===
17:27:28     вердикт: RED
17:27:28 === #3460: 6734 ===
17:27:32     вердикт: RED
17:27:32 === #3461: 3265 ===
17:27:37     вердикт: RED
17:27:37 === #3462: 6735 ===
17:27:42     вердикт: RED
17:27:42 === #3463: 3264 ===
17:27:46     вердикт: RED
17:27:46 === #3464: 6736 ===
17:27:51     вердикт: RED
17:27:51 === #3465: 3263 ===
17:27:55     вердикт: RED
17:27:55 === #3466: 6737 ===
17:28:00     вердикт: RED
17:28:00 === #3467: 3262 ===
17:28:04     вердикт: RED
17:28:04 === #3468: 6738 ===
17:28:08     вердикт: RED
17:28:08 === #3469: 3261 ===
17:28:12     вердикт: RED
17:28:12 === #3470: 6739 ===
17:28:17     вердикт: RED
17:28:17 === #3471: 3260 ===
17:28:21     вердикт: RED
17:28:21 === #3472: 6740 ===
17:28:25     вердикт: RED
17:28:25 === #3473: 3259 ===
17:28:29     вердикт: RED
17:28:29 === #3474: 6741 ===
17:28:34     вердикт: RED
17:28:34 === #3475: 3258 ===
17:28:38     вердикт: RED
17:28:38 === #3476: 6742 ===
17:28:43     вердикт: RED
17:28:43 === #3477: 3257 ===
17:28:47     вердикт: RED
17:28:47 === #3478: 6743 ===
17:28:52     вердикт: RED
17:28:52 === #3479: 3256 ===
17:28:56     вердикт: RED
17:28:56 === #3480: 6744 ===
17:29:01     вердикт: RED
17:29:01 === #3481: 3255 ===
17:29:06     вердикт: RED
17:29:06 === #3482: 6745 ===
17:29:11     вердикт: RED
17:29:11 === #3483: 3254 ===
17:29:15     вердикт: RED
17:29:15 === #3484: 6746 ===
17:29:20     вердикт: RED
17:29:20 === #3485: 3253 ===
17:29:24     вердикт: RED
17:29:25 === #3486: 6747 ===
17:29:29     вердикт: RED
17:29:29 === #3487: 3252 ===
17:29:34     вердикт: RED
17:29:34 === #3488: 6748 ===
17:29:38     вердикт: RED
17:29:38 === #3489: 3251 ===
17:29:42     вердикт: RED
17:29:43 === #3490: 6749 ===
17:29:47     вердикт: RED
17:29:47 === #3491: 3250 ===
17:29:51     вердикт: RED
17:29:51 === #3492: 6750 ===
17:29:55     вердикт: RED
17:29:56 === #3493: 3249 ===
17:30:00     вердикт: RED
17:30:00 === #3494: 6751 ===
17:30:04     вердикт: RED
17:30:04 === #3495: 3248 ===
17:30:08     вердикт: RED
17:30:09 === #3496: 6752 ===
17:30:13     вердикт: RED
17:30:13 === #3497: 3247 ===
17:30:17     вердикт: RED
17:30:17 === #3498: 6753 ===
17:30:22     вердикт: RED
17:30:22 === #3499: 3246 ===
17:30:27     вердикт: RED
17:30:27 === #3500: 6754 ===
17:30:32     вердикт: RED
17:30:32 === #3501: 3245 ===
17:30:36     вердикт: RED
17:30:36 === #3502: 6755 ===
17:30:41     вердикт: RED
17:30:41 === #3503: 3244 ===
17:30:46     вердикт: RED
17:30:46 === #3504: 6756 ===
17:30:50     вердикт: RED
17:30:51 === #3505: 3243 ===
17:30:55     вердикт: RED
17:30:55 === #3506: 6757 ===
17:31:00     вердикт: RED
17:31:00 === #3507: 3242 ===
17:31:04     вердикт: RED
17:31:04 === #3508: 6758 ===
17:31:08     вердикт: RED
17:31:09 === #3509: 3241 ===
17:31:13     вердикт: RED
17:31:13 === #3510: 6759 ===
17:31:17     вердикт: RED
17:31:17 === #3511: 3240 ===
17:31:21     вердикт: RED
17:31:21 === #3512: 6760 ===
17:31:25     вердикт: RED
17:31:26 === #3513: 3239 ===
17:31:30     вердикт: RED
17:31:30 === #3514: 6761 ===
17:31:34     вердикт: RED
17:31:34 === #3515: 3238 ===
17:31:38     вердикт: RED
17:31:38 === #3516: 6762 ===
17:31:43     вердикт: RED
17:31:43 === #3517: 3237 ===
17:31:47     вердикт: RED
17:31:47 === #3518: 6763 ===
17:31:51     вердикт: RED
17:31:52 === #3519: 3236 ===
17:31:56     вердикт: RED
17:31:56 === #3520: 6764 ===
17:32:01     вердикт: RED
17:32:01 === #3521: 3235 ===
17:32:05     вердикт: RED
17:32:05 === #3522: 6765 ===
17:32:10     вердикт: RED
17:32:10 === #3523: 3234 ===
17:32:14     вердикт: RED
17:32:14 === #3524: 6766 ===
17:32:19     вердикт: RED
17:32:19 === #3525: 3233 ===
17:32:23     вердикт: RED
17:32:23 === #3526: 6767 ===
17:32:28     вердикт: RED
17:32:28 === #3527: 3232 ===
17:32:32     вердикт: RED
17:32:32 === #3528: 6768 ===
17:32:37     вердикт: RED
17:32:37 === #3529: 3231 ===
17:32:40     вердикт: RED
17:32:41 === #3530: 6769 ===
17:32:45     вердикт: RED
17:32:45 === #3531: 3230 ===
17:32:49     вердикт: RED
17:32:49 === #3532: 6770 ===
17:32:53     вердикт: RED
17:32:53 === #3533: 3229 ===
17:32:57     вердикт: RED
17:32:57 === #3534: 6771 ===
17:33:01     вердикт: RED
17:33:01 === #3535: 3228 ===
17:33:05     вердикт: RED
17:33:05 === #3536: 6772 ===
17:33:09     вердикт: RED
17:33:10 === #3537: 3227 ===
17:33:14     вердикт: RED
17:33:14 === #3538: 6773 ===
17:33:18     вердикт: RED
17:33:18 === #3539: 3226 ===
17:33:22     вердикт: RED
17:33:23 === #3540: 6774 ===
17:33:27     вердикт: RED
17:33:27 === #3541: 3225 ===
17:33:31     вердикт: RED
17:33:32 === #3542: 6775 ===
17:33:36     вердикт: RED
17:33:36 === #3543: 3224 ===
17:33:40     вердикт: RED
17:33:41 === #3544: 6776 ===
17:33:45     вердикт: RED
17:33:45 === #3545: 3223 ===
17:33:49     вердикт: RED
17:33:49 === #3546: 6777 ===
17:33:54     вердикт: RED
17:33:54 === #3547: 3222 ===
17:33:58     вердикт: RED
17:33:58 === #3548: 6778 ===
17:34:02     вердикт: RED
17:34:02 === #3549: 3221 ===
17:34:06     вердикт: RED
17:34:06 === #3550: 6779 ===
17:34:10     вердикт: RED
17:34:10 === #3551: 3220 ===
17:34:14     вердикт: RED
17:34:14 === #3552: 6780 ===
17:34:18     вердикт: RED
17:34:18 === #3553: 3219 ===
17:34:22     вердикт: RED
17:34:22 === #3554: 6781 ===
17:34:26     вердикт: RED
17:34:26 === #3555: 3218 ===
17:34:30     вердикт: RED
17:34:30 === #3556: 6782 ===
17:34:34     вердикт: RED
17:34:35 === #3557: 3217 ===
17:34:38     вердикт: RED
17:34:39 === #3558: 6783 ===
17:34:43     вердикт: RED
17:34:43 === #3559: 3216 ===
17:34:47     вердикт: RED
17:34:47 === #3560: 6784 ===
17:34:51     вердикт: RED
17:34:52 === #3561: 3215 ===
17:34:56     вердикт: RED
17:34:56 === #3562: 6785 ===
17:35:00     вердикт: RED
17:35:01 === #3563: 3214 ===
17:35:05     вердикт: RED
17:35:05 === #3564: 6786 ===
17:35:09     вердикт: RED
17:35:09 === #3565: 3213 ===
17:35:13     вердикт: RED
17:35:13 === #3566: 6787 ===
17:35:18     вердикт: RED
17:35:18 === #3567: 3212 ===
17:35:21     вердикт: RED
17:35:22 === #3568: 6788 ===
17:35:26     вердикт: RED
17:35:26 === #3569: 3211 ===
17:35:30     вердикт: RED
17:35:30 === #3570: 6789 ===
17:35:34     вердикт: RED
17:35:34 === #3571: 3210 ===
17:35:37     вердикт: RED
17:35:38 === #3572: 6790 ===
17:35:41     вердикт: RED
17:35:42 === #3573: 3209 ===
17:35:45     вердикт: RED
17:35:45 === #3574: 6791 ===
17:35:49     вердикт: RED
17:35:49 === #3575: 3208 ===
17:35:53     вердикт: RED
17:35:53 === #3576: 6792 ===
17:35:57     вердикт: RED
17:35:57 === #3577: 3207 ===
17:36:01     вердикт: RED
17:36:01 === #3578: 6793 ===
17:36:05     вердикт: RED
17:36:05 === #3579: 3206 ===
17:36:09     вердикт: RED
17:36:10 === #3580: 6794 ===
17:36:14     вердикт: RED
17:36:14 === #3581: 3205 ===
17:36:18     вердикт: RED
17:36:18 === #3582: 6795 ===
17:36:22     вердикт: RED
17:36:23 === #3583: 3204 ===
17:36:26     вердикт: RED
17:36:27 === #3584: 6796 ===
17:36:31     вердикт: RED
17:36:31 === #3585: 3203 ===
17:36:35     вердикт: RED
17:36:35 === #3586: 6797 ===
17:36:39     вердикт: RED
17:36:39 === #3587: 3202 ===
17:36:43     вердикт: RED
17:36:43 === #3588: 6798 ===
17:36:47     вердикт: RED
17:36:47 === #3589: 3201 ===
17:36:51     вердикт: RED
17:36:51 === #3590: 6799 ===
17:36:55     вердикт: RED
17:36:55 === #3591: 3200 ===
17:36:58     вердикт: RED
17:36:58 === #3592: 6800 ===
17:37:02     вердикт: RED
17:37:02 === #3593: 3199 ===
17:37:06     вердикт: RED
17:37:06 === #3594: 6801 ===
17:37:09     вердикт: RED
17:37:10 === #3595: 3198 ===
17:37:13     вердикт: RED
17:37:13 === #3596: 6802 ===
17:37:17     вердикт: RED
17:37:17 === #3597: 3197 ===
17:37:21     вердикт: RED
17:37:21 === #3598: 6803 ===
17:37:25     вердикт: RED
17:37:25 === #3599: 3196 ===
17:37:29     вердикт: RED
17:37:29 === #3600: 6804 ===
17:37:33     вердикт: RED
17:37:34 === #3601: 3195 ===
17:37:38     вердикт: RED
17:37:38 === #3602: 6805 ===
17:37:42     вердикт: RED
17:37:42 === #3603: 3194 ===
17:37:46     вердикт: RED
17:37:46 === #3604: 6806 ===
17:37:50     вердикт: RED
17:37:50 === #3605: 3193 ===
17:37:54     вердикт: RED
17:37:54 === #3606: 6807 ===
17:37:58     вердикт: RED
17:37:58 === #3607: 3192 ===
17:38:02     вердикт: RED
17:38:02 === #3608: 6808 ===
17:38:06     вердикт: RED
17:38:06 === #3609: 3191 ===
17:38:09     вердикт: RED
17:38:10 === #3610: 6809 ===
17:38:13     вердикт: RED
17:38:13 === #3611: 3190 ===
17:38:17     вердикт: RED
17:38:17 === #3612: 6810 ===
17:38:20     вердикт: RED
17:38:21 === #3613: 3189 ===
17:38:24     вердикт: RED
17:38:24 === #3614: 6811 ===
17:38:28     вердикт: RED
17:38:28 === #3615: 3188 ===
17:38:32     вердикт: RED
17:38:32 === #3616: 6812 ===
17:38:36     вердикт: RED
17:38:36 === #3617: 3187 ===
17:38:40     вердикт: RED
17:38:40 === #3618: 6813 ===
17:38:44     вердикт: RED
17:38:44 === #3619: 3186 ===
17:38:48     вердикт: RED
17:38:49 === #3620: 6814 ===
17:38:53     вердикт: RED
17:38:53 === #3621: 3185 ===
17:38:57     вердикт: RED
17:38:57 === #3622: 6815 ===
17:39:01     вердикт: RED
17:39:02 === #3623: 3184 ===
17:39:06     вердикт: RED
17:39:06 === #3624: 6816 ===
17:39:10     вердикт: RED
17:39:10 === #3625: 3183 ===
17:39:14     вердикт: RED
17:39:14 === #3626: 6817 ===
17:39:18     вердикт: RED
17:39:18 === #3627: 3182 ===
17:39:22     вердикт: RED
17:39:22 === #3628: 6818 ===
17:39:26     вердикт: RED
17:39:26 === #3629: 3181 ===
17:39:30     вердикт: RED
17:39:30 === #3630: 6819 ===
17:39:34     вердикт: RED
17:39:34 === #3631: 3180 ===
17:39:37     вердикт: RED
17:39:37 === #3632: 6820 ===
17:39:41     вердикт: RED
17:39:41 === #3633: 3179 ===
17:39:45     вердикт: RED
17:39:45 === #3634: 6821 ===
17:39:49     вердикт: RED
17:39:49 === #3635: 3178 ===
17:39:53     вердикт: RED
17:39:53 === #3636: 6822 ===
17:39:57     вердикт: RED
17:39:58 === #3637: 3177 ===
17:40:02     вердикт: RED
17:40:02 === #3638: 6823 ===
17:40:06     вердикт: RED
17:40:06 === #3639: 3176 ===
17:40:10     вердикт: RED
17:40:10 === #3640: 6824 ===
17:40:15     вердикт: RED
17:40:15 === #3641: 3175 ===
17:40:19     вердикт: RED
17:40:19 === #3642: 6825 ===
17:40:23     вердикт: RED
17:40:24 === #3643: 3174 ===
17:40:28     вердикт: RED
17:40:28 === #3644: 6826 ===
17:40:32     вердикт: RED
17:40:32 === #3645: 3173 ===
17:40:36     вердикт: RED
17:40:36 === #3646: 6827 ===
17:40:40     вердикт: RED
17:40:41 === #3647: 3172 ===
17:40:44     вердикт: RED
17:40:45 === #3648: 6828 ===
17:40:49     вердикт: RED
17:40:49 === #3649: 3171 ===
17:40:53     вердикт: RED
17:40:53 === #3650: 6829 ===
17:40:57     вердикт: RED
17:40:57 === #3651: 3170 ===
17:41:00     вердикт: RED
17:41:01 === #3652: 6830 ===
17:41:04     вердикт: RED
17:41:05 === #3653: 3169 ===
17:41:09     вердикт: RED
17:41:09 === #3654: 6831 ===
17:41:13     вердикт: RED
17:41:13 === #3655: 3168 ===
17:41:17     вердикт: RED
17:41:17 === #3656: 6832 ===
17:41:21     вердикт: RED
17:41:21 === #3657: 3167 ===
17:41:25     вердикт: RED
17:41:26 === #3658: 6833 ===
17:41:30     вердикт: RED
17:41:30 === #3659: 3166 ===
17:41:34     вердикт: RED
17:41:34 === #3660: 6834 ===
17:41:39     вердикт: RED
17:41:39 === #3661: 3165 ===
17:41:43     вердикт: RED
17:41:43 === #3662: 6835 ===
17:41:48     вердикт: RED
17:41:48 === #3663: 3164 ===
17:41:52     вердикт: RED
17:41:52 === #3664: 6836 ===
17:41:57     вердикт: RED
17:41:57 === #3665: 3163 ===
17:42:01     вердикт: RED
17:42:01 === #3666: 6837 ===
17:42:05     вердикт: RED
17:42:06 === #3667: 3162 ===
17:42:10     вердикт: RED
17:42:10 === #3668: 6838 ===
17:42:14     вердикт: RED
17:42:14 === #3669: 3161 ===
17:42:18     вердикт: RED
17:42:18 === #3670: 6839 ===
17:42:22     вердикт: RED
17:42:22 === #3671: 3160 ===
17:42:26     вердикт: RED
17:42:26 === #3672: 6840 ===
17:42:30     вердикт: RED
17:42:30 === #3673: 3159 ===
17:42:34     вердикт: RED
17:42:35 === #3674: 6841 ===
17:42:39     вердикт: RED
17:42:39 === #3675: 3158 ===
17:42:43     вердикт: RED
17:42:43 === #3676: 6842 ===
17:42:47     вердикт: RED
17:42:48 === #3677: 3157 ===
17:42:52     вердикт: RED
17:42:52 === #3678: 6843 ===
17:42:56     вердикт: RED
17:42:56 === #3679: 3156 ===
17:43:01     вердикт: RED
17:43:01 === #3680: 6844 ===
17:43:06     вердикт: RED
17:43:06 === #3681: 3155 ===
17:43:10     вердикт: RED
17:43:10 === #3682: 6845 ===
17:43:15     вердикт: RED
17:43:15 === #3683: 3154 ===
17:43:20     вердикт: RED
17:43:20 === #3684: 6846 ===
17:43:24     вердикт: RED
17:43:24 === #3685: 3153 ===
17:43:29     вердикт: RED
17:43:29 === #3686: 6847 ===
17:43:33     вердикт: RED
17:43:33 === #3687: 3152 ===
17:43:37     вердикт: RED
17:43:38 === #3688: 6848 ===
17:43:42     вердикт: RED
17:43:42 === #3689: 3151 ===
17:43:46     вердикт: RED
17:43:46 === #3690: 6849 ===
17:43:50     вердикт: RED
17:43:50 === #3691: 3150 ===
17:43:54     вердикт: RED
17:43:54 === #3692: 6850 ===
17:43:59     вердикт: RED
17:43:59 === #3693: 3149 ===
17:44:03     вердикт: RED
17:44:03 === #3694: 6851 ===
17:44:07     вердикт: RED
17:44:07 === #3695: 3148 ===
17:44:11     вердикт: RED
17:44:11 === #3696: 6852 ===
17:44:16     вердикт: RED
17:44:16 === #3697: 3147 ===
17:44:20     вердикт: RED
17:44:20 === #3698: 6853 ===
17:44:25     вердикт: RED
17:44:25 === #3699: 3146 ===
17:44:29     вердикт: RED
17:44:29 === #3700: 6854 ===
17:44:34     вердикт: RED
17:44:34 === #3701: 3145 ===
17:44:38     вердикт: RED
17:44:39 === #3702: 6855 ===
17:44:43     вердикт: RED
17:44:44 === #3703: 3144 ===
17:44:48     вердикт: RED
17:44:48 === #3704: 6856 ===
17:44:53     вердикт: RED
17:44:53 === #3705: 3143 ===
17:44:57     вердикт: RED
17:44:57 === #3706: 6857 ===
17:45:01     вердикт: RED
17:45:02 === #3707: 3142 ===
17:45:06     вердикт: RED
17:45:06 === #3708: 6858 ===
17:45:10     вердикт: RED
17:45:10 === #3709: 3141 ===
17:45:14     вердикт: RED
17:45:14 === #3710: 6859 ===
17:45:18     вердикт: RED
17:45:19 === #3711: 3140 ===
17:45:22     вердикт: RED
17:45:23 === #3712: 6860 ===
17:45:27     вердикт: RED
17:45:27 === #3713: 3139 ===
17:45:31     вердикт: RED
17:45:31 === #3714: 6861 ===
17:45:35     вердикт: RED
17:45:35 === #3715: 3138 ===
17:45:39     вердикт: RED
17:45:39 === #3716: 6862 ===
17:45:43     вердикт: RED
17:45:43 === #3717: 3137 ===
17:45:47     вердикт: RED
17:45:48 === #3718: 6863 ===
17:45:52     вердикт: RED
17:45:52 === #3719: 3136 ===
17:45:56     вердикт: RED
17:45:56 === #3720: 6864 ===
17:46:01     вердикт: RED
17:46:01 === #3721: 3135 ===
17:46:05     вердикт: RED
17:46:06 === #3722: 6865 ===
17:46:10     вердикт: RED
17:46:10 === #3723: 3134 ===
17:46:14     вердикт: RED
17:46:15 === #3724: 6866 ===
17:46:19     вердикт: RED
17:46:19 === #3725: 3133 ===
17:46:23     вердикт: RED
17:46:23 === #3726: 6867 ===
17:46:28     вердикт: RED
17:46:28 === #3727: 3132 ===
17:46:32     вердикт: RED
17:46:32 === #3728: 6868 ===
17:46:36     вердикт: RED
17:46:36 === #3729: 3131 ===
17:46:40     вердикт: RED
17:46:40 === #3730: 6869 ===
17:46:44     вердикт: RED
17:46:45 === #3731: 3130 ===
17:46:48     вердикт: RED
17:46:48 === #3732: 6870 ===
17:46:52     вердикт: RED
17:46:52 === #3733: 3129 ===
17:46:56     вердикт: RED
17:46:56 === #3734: 6871 ===
17:47:00     вердикт: RED
17:47:00 === #3735: 3128 ===
17:47:04     вердикт: RED
17:47:04 === #3736: 6872 ===
17:47:08     вердикт: RED
17:47:08 === #3737: 3127 ===
17:47:12     вердикт: RED
17:47:12 === #3738: 6873 ===
17:47:17     вердикт: RED
17:47:17 === #3739: 3126 ===
17:47:21     вердикт: RED
17:47:21 === #3740: 6874 ===
17:47:25     вердикт: RED
17:47:26 === #3741: 3125 ===
17:47:30     вердикт: RED
17:47:30 === #3742: 6875 ===
17:47:34     вердикт: RED
17:47:34 === #3743: 3124 ===
17:47:38     вердикт: RED
17:47:38 === #3744: 6876 ===
17:47:43     вердикт: RED
17:47:43 === #3745: 3123 ===
17:47:47     вердикт: RED
17:47:47 === #3746: 6877 ===
17:47:51     вердикт: RED
17:47:51 === #3747: 3122 ===
17:47:55     вердикт: RED
17:47:55 === #3748: 6878 ===
17:47:59     вердикт: RED
17:48:00 === #3749: 3121 ===
17:48:03     вердикт: RED
17:48:03 === #3750: 6879 ===
17:48:07     вердикт: RED
17:48:08 === #3751: 3120 ===
17:48:11     вердикт: RED
17:48:11 === #3752: 6880 ===
17:48:15     вердикт: RED
17:48:15 === #3753: 3119 ===
17:48:18     вердикт: RED
17:48:19 === #3754: 6881 ===
17:48:23     вердикт: RED
17:48:23 === #3755: 3118 ===
17:48:26     вердикт: RED
17:48:27 === #3756: 6882 ===
17:48:31     вердикт: RED
17:48:31 === #3757: 3117 ===
17:48:34     вердикт: RED
17:48:35 === #3758: 6883 ===
17:48:39     вердикт: RED
17:48:39 === #3759: 3116 ===
17:48:43     вердикт: RED
17:48:43 === #3760: 6884 ===
17:48:47     вердикт: RED
17:48:47 === #3761: 3115 ===
17:48:51     вердикт: RED
17:48:51 === #3762: 6885 ===
17:48:56     вердикт: RED
17:48:56 === #3763: 3114 ===
17:49:00     вердикт: RED
17:49:00 === #3764: 6886 ===
17:49:04     вердикт: RED
17:49:04 === #3765: 3113 ===
17:49:08     вердикт: RED
17:49:08 === #3766: 6887 ===
17:49:12     вердикт: RED
17:49:12 === #3767: 3112 ===
17:49:16     вердикт: RED
17:49:16 === #3768: 6888 ===
17:49:20     вердикт: RED
17:49:20 === #3769: 3111 ===
17:49:24     вердикт: RED
17:49:24 === #3770: 6889 ===
17:49:28     вердикт: RED
17:49:28 === #3771: 3110 ===
17:49:32     вердикт: RED
17:49:32 === #3772: 6890 ===
17:49:35     вердикт: RED
17:49:35 === #3773: 3109 ===
17:49:39     вердикт: RED
17:49:39 === #3774: 6891 ===
17:49:43     вердикт: RED
17:49:43 === #3775: 3108 ===
17:49:46     вердикт: RED
17:49:47 === #3776: 6892 ===
17:49:50     вердикт: RED
17:49:51 === #3777: 3107 ===
17:49:54     вердикт: RED
17:49:54 === #3778: 6893 ===
17:49:58     вердикт: RED
17:49:58 === #3779: 3106 ===
17:50:02     вердикт: RED
17:50:02 === #3780: 6894 ===
17:50:06     вердикт: RED
17:50:07 === #3781: 3105 ===
17:50:10     вердикт: RED
17:50:11 === #3782: 6895 ===
17:50:15     вердикт: RED
17:50:15 === #3783: 3104 ===
17:50:19     вердикт: RED
17:50:19 === #3784: 6896 ===
17:50:23     вердикт: RED
17:50:23 === #3785: 3103 ===
17:50:27     вердикт: RED
17:50:27 === #3786: 6897 ===
17:50:31     вердикт: RED
17:50:31 === #3787: 3102 ===
17:50:35     вердикт: RED
17:50:35 === #3788: 6898 ===
17:50:39     вердикт: RED
17:50:39 === #3789: 3101 ===
17:50:42     вердикт: RED
17:50:42 === #3790: 6899 ===
17:50:46     вердикт: RED
17:50:46 === #3791: 3100 ===
17:50:50     вердикт: RED
17:50:50 === #3792: 6900 ===
17:50:53     вердикт: RED
17:50:53 === #3793: 3099 ===
17:50:57     вердикт: RED
17:50:57 === #3794: 6901 ===
17:51:00     вердикт: RED
17:51:01 === #3795: 3098 ===
17:51:04     вердикт: RED
17:51:04 === #3796: 6902 ===
17:51:08     вердикт: RED
17:51:08 === #3797: 3097 ===
17:51:12     вердикт: RED
17:51:12 === #3798: 6903 ===
17:51:16     вердикт: RED
17:51:16 === #3799: 3096 ===
17:51:20     вердикт: RED
17:51:20 === #3800: 6904 ===
17:51:24     вердикт: RED
17:51:24 === #3801: 3095 ===
17:51:28     вердикт: RED
17:51:28 === #3802: 6905 ===
17:51:32     вердикт: RED
17:51:32 === #3803: 3094 ===
17:51:36     вердикт: RED
17:51:36 === #3804: 6906 ===
17:51:40     вердикт: RED
17:51:40 === #3805: 3093 ===
17:51:44     вердикт: RED
17:51:44 === #3806: 6907 ===
17:51:47     вердикт: RED
17:51:48 === #3807: 3092 ===
17:51:51     вердикт: RED
17:51:51 === #3808: 6908 ===
17:51:55     вердикт: RED
17:51:55 === #3809: 3091 ===
17:51:58     вердикт: RED
17:51:59 === #3810: 6909 ===
17:52:02     вердикт: RED
17:52:02 === #3811: 3090 ===
17:52:06     вердикт: RED
17:52:06 === #3812: 6910 ===
17:52:09     вердикт: RED
17:52:09 === #3813: 3089 ===
17:52:13     вердикт: RED
17:52:13 === #3814: 6911 ===
17:52:17     вердикт: RED
17:52:17 === #3815: 3088 ===
17:52:20     вердикт: RED
17:52:21 === #3816: 6912 ===
17:52:24     вердикт: RED
17:52:24 === #3817: 3087 ===
17:52:28     вердикт: RED
17:52:28 === #3818: 6913 ===
17:52:32     вердикт: RED
17:52:32 === #3819: 3086 ===
17:52:36     вердикт: RED
17:52:36 === #3820: 6914 ===
17:52:40     вердикт: RED
17:52:40 === #3821: 3085 ===
17:52:44     вердикт: RED
17:52:45 === #3822: 6915 ===
17:52:49     вердикт: RED
17:52:49 === #3823: 3084 ===
17:52:53     вердикт: RED
17:52:53 === #3824: 6916 ===
17:52:57     вердикт: RED
17:52:57 === #3825: 3083 ===
17:53:01     вердикт: RED
17:53:01 === #3826: 6917 ===
17:53:05     вердикт: RED
17:53:05 === #3827: 3082 ===
17:53:09     вердикт: RED
17:53:09 === #3828: 6918 ===
17:53:13     вердикт: RED
17:53:13 === #3829: 3081 ===
17:53:16     вердикт: RED
17:53:16 === #3830: 6919 ===
17:53:20     вердикт: RED
17:53:20 === #3831: 3080 ===
17:53:23     вердикт: RED
17:53:24 === #3832: 6920 ===
17:53:27     вердикт: RED
17:53:28 === #3833: 3079 ===
17:53:31     вердикт: RED
17:53:31 === #3834: 6921 ===
17:53:35     вердикт: RED
17:53:35 === #3835: 3078 ===
17:53:39     вердикт: RED
17:53:39 === #3836: 6922 ===
17:53:43     вердикт: RED
17:53:43 === #3837: 3077 ===
17:53:47     вердикт: RED
17:53:47 === #3838: 6923 ===
17:53:51     вердикт: RED
17:53:51 === #3839: 3076 ===
17:53:55     вердикт: RED
17:53:55 === #3840: 6924 ===
17:54:00     вердикт: RED
17:54:00 === #3841: 3075 ===
17:54:04     вердикт: RED
17:54:04 === #3842: 6925 ===
17:54:08     вердикт: RED
17:54:08 === #3843: 3074 ===
17:54:12     вердикт: RED
17:54:13 === #3844: 6926 ===
17:54:17     вердикт: RED
17:54:17 === #3845: 3073 ===
17:54:21     вердикт: RED
17:54:21 === #3846: 6927 ===
17:54:25     вердикт: RED
17:54:25 === #3847: 3072 ===
17:54:29     вердикт: RED
17:54:29 === #3848: 6928 ===
17:54:33     вердикт: RED
17:54:33 === #3849: 3071 ===
17:54:36     вердикт: RED
17:54:37 === #3850: 6929 ===
17:54:40     вердикт: RED
17:54:40 === #3851: 3070 ===
17:54:44     вердикт: RED
17:54:44 === #3852: 6930 ===
17:54:48     вердикт: RED
17:54:48 === #3853: 3069 ===
17:54:52     вердикт: RED
17:54:52 === #3854: 6931 ===
17:54:56     вердикт: RED
17:54:56 === #3855: 3068 ===
17:55:00     вердикт: RED
17:55:00 === #3856: 6932 ===
17:55:04     вердикт: RED
17:55:04 === #3857: 3067 ===
17:55:08     вердикт: RED
17:55:09 === #3858: 6933 ===
17:55:13     вердикт: RED
17:55:13 === #3859: 3066 ===
17:55:17     вердикт: RED
17:55:17 === #3860: 6934 ===
17:55:21     вердикт: RED
17:55:22 === #3861: 3065 ===
17:55:26     вердикт: RED
17:55:26 === #3862: 6935 ===
17:55:30     вердикт: RED
17:55:30 === #3863: 3064 ===
17:55:35     вердикт: RED
17:55:35 === #3864: 6936 ===
17:55:39     вердикт: RED
17:55:39 === #3865: 3063 ===
17:55:43     вердикт: RED
17:55:43 === #3866: 6937 ===
17:55:47     вердикт: RED
17:55:48 === #3867: 3062 ===
17:55:52     вердикт: RED
17:55:52 === #3868: 6938 ===
17:55:56     вердикт: RED
17:55:56 === #3869: 3061 ===
17:56:00     вердикт: RED
17:56:00 === #3870: 6939 ===
17:56:04     вердикт: RED
17:56:04 === #3871: 3060 ===
17:56:08     вердикт: RED
17:56:08 === #3872: 6940 ===
17:56:11     вердикт: RED
17:56:12 === #3873: 3059 ===
17:56:15     вердикт: RED
17:56:16 === #3874: 6941 ===
17:56:20     вердикт: RED
17:56:20 === #3875: 3058 ===
17:56:24     вердикт: RED
17:56:24 === #3876: 6942 ===
17:56:28     вердикт: RED
17:56:28 === #3877: 3057 ===
17:56:32     вердикт: RED
17:56:33 === #3878: 6943 ===
17:56:37     вердикт: RED
17:56:37 === #3879: 3056 ===
17:56:41     вердикт: RED
17:56:41 === #3880: 6944 ===
17:56:46     вердикт: RED
17:56:46 === #3881: 3055 ===
17:56:50     вердикт: RED
17:56:50 === #3882: 6945 ===
17:56:55     вердикт: RED
17:56:55 === #3883: 3054 ===
17:56:59     вердикт: RED
17:56:59 === #3884: 6946 ===
17:57:04     вердикт: RED
17:57:04 === #3885: 3053 ===
17:57:08     вердикт: RED
17:57:08 === #3886: 6947 ===
17:57:13     вердикт: RED
17:57:13 === #3887: 3052 ===
17:57:17     вердикт: RED
17:57:17 === #3888: 6948 ===
17:57:21     вердикт: RED
17:57:21 === #3889: 3051 ===
17:57:25     вердикт: RED
17:57:25 === #3890: 6949 ===
17:57:29     вердикт: RED
17:57:29 === #3891: 3050 ===
17:57:33     вердикт: RED
17:57:33 === #3892: 6950 ===
17:57:37     вердикт: RED
17:57:37 === #3893: 3049 ===
17:57:41     вердикт: RED
17:57:41 === #3894: 6951 ===
17:57:45     вердикт: RED
17:57:45 === #3895: 3048 ===
17:57:49     вердикт: RED
17:57:49 === #3896: 6952 ===
17:57:54     вердикт: RED
17:57:54 === #3897: 3047 ===
17:57:58     вердикт: RED
17:57:58 === #3898: 6953 ===
17:58:02     вердикт: RED
17:58:03 === #3899: 3046 ===
17:58:07     вердикт: RED
17:58:07 === #3900: 6954 ===
17:58:11     вердикт: RED
17:58:11 === #3901: 3045 ===
17:58:16     вердикт: RED
17:58:16 === #3902: 6955 ===
17:58:20     вердикт: RED
17:58:20 === #3903: 3044 ===
17:58:25     вердикт: RED
17:58:25 === #3904: 6956 ===
17:58:29     вердикт: RED
17:58:29 === #3905: 3043 ===
17:58:33     вердикт: RED
17:58:33 === #3906: 6957 ===
17:58:38     вердикт: RED
17:58:38 === #3907: 3042 ===
17:58:42     вердикт: RED
17:58:42 === #3908: 6958 ===
17:58:46     вердикт: RED
17:58:46 === #3909: 3041 ===
17:58:50     вердикт: RED
17:58:50 === #3910: 6959 ===
17:58:55     вердикт: RED
17:58:55 === #3911: 3040 ===
17:58:58     вердикт: RED
17:58:58 === #3912: 6960 ===
17:59:02     вердикт: RED
17:59:03 === #3913: 3039 ===
17:59:06     вердикт: RED
17:59:06 === #3914: 6961 ===
17:59:10     вердикт: RED
17:59:11 === #3915: 3038 ===
17:59:14     вердикт: RED
17:59:15 === #3916: 6962 ===
17:59:19     вердикт: RED
17:59:19 === #3917: 3037 ===
17:59:23     вердикт: RED
17:59:23 === #3918: 6963 ===
17:59:27     вердикт: RED
17:59:27 === #3919: 3036 ===
17:59:31     вердикт: RED
17:59:31 === #3920: 6964 ===
17:59:36     вердикт: RED
17:59:36 === #3921: 3035 ===
17:59:40     вердикт: RED
17:59:40 === #3922: 6965 ===
17:59:45     вердикт: RED
17:59:45 === #3923: 3034 ===
17:59:49     вердикт: RED
17:59:49 === #3924: 6966 ===
17:59:53     вердикт: RED
17:59:53 === #3925: 3033 ===
17:59:57     вердикт: RED
17:59:57 === #3926: 6967 ===
18:00:02     вердикт: RED
18:00:02 === #3927: 3032 ===
18:00:06     вердикт: RED
18:00:06 === #3928: 6968 ===
18:00:10     вердикт: RED
18:00:10 === #3929: 3031 ===
18:00:14     вердикт: RED
18:00:14 === #3930: 6969 ===
18:00:18     вердикт: RED
18:00:18 === #3931: 3030 ===
18:00:21     вердикт: RED
18:00:22 === #3932: 6970 ===
18:00:25     вердикт: RED
18:00:25 === #3933: 3029 ===
18:00:29     вердикт: RED
18:00:29 === #3934: 6971 ===
18:00:33     вердикт: RED
18:00:33 === #3935: 3028 ===
18:00:37     вердикт: RED
18:00:37 === #3936: 6972 ===
18:00:41     вердикт: RED
18:00:41 === #3937: 3027 ===
18:00:45     вердикт: RED
18:00:45 === #3938: 6973 ===
18:00:49     вердикт: RED
18:00:49 === #3939: 3026 ===
18:00:53     вердикт: RED
18:00:53 === #3940: 6974 ===
18:00:57     вердикт: RED
18:00:57 === #3941: 3025 ===
18:01:01     вердикт: RED
18:01:02 === #3942: 6975 ===
18:01:06     вердикт: RED
18:01:06 === #3943: 3024 ===
18:01:10     вердикт: RED
18:01:10 === #3944: 6976 ===
18:01:14     вердикт: RED
18:01:15 === #3945: 3023 ===
18:01:18     вердикт: RED
18:01:19 === #3946: 6977 ===
18:01:23     вердикт: RED
18:01:23 === #3947: 3022 ===
18:01:26     вердикт: RED
18:01:27 === #3948: 6978 ===
18:01:31     вердикт: RED
18:01:31 === #3949: 3021 ===
18:01:34     вердикт: RED
18:01:34 === #3950: 6979 ===
18:01:38     вердикт: RED
18:01:38 === #3951: 3020 ===
18:01:42     вердикт: RED
18:01:42 === #3952: 6980 ===
18:01:46     вердикт: RED
18:01:46 === #3953: 3019 ===
18:01:49     вердикт: RED
18:01:49 === #3954: 6981 ===
18:01:53     вердикт: RED
18:01:53 === #3955: 3018 ===
18:01:57     вердикт: RED
18:01:57 === #3956: 6982 ===
18:02:01     вердикт: RED
18:02:01 === #3957: 3017 ===
18:02:05     вердикт: RED
18:02:05 === #3958: 6983 ===
18:02:09     вердикт: RED
18:02:09 === #3959: 3016 ===
18:02:13     вердикт: RED
18:02:13 === #3960: 6984 ===
18:02:17     вердикт: RED
18:02:17 === #3961: 3015 ===
18:02:21     вердикт: RED
18:02:21 === #3962: 6985 ===
18:02:25     вердикт: RED
18:02:25 === #3963: 3014 ===
18:02:29     вердикт: RED
18:02:29 === #3964: 6986 ===
18:02:33     вердикт: RED
18:02:34 === #3965: 3013 ===
18:02:37     вердикт: RED
18:02:37 === #3966: 6987 ===
18:02:41     вердикт: RED
18:02:42 === #3967: 3012 ===
18:02:45     вердикт: RED
18:02:45 === #3968: 6988 ===
18:02:49     вердикт: RED
18:02:49 === #3969: 3011 ===
18:02:53     вердикт: RED
18:02:53 === #3970: 6989 ===
18:02:57     вердикт: RED
18:02:57 === #3971: 3010 ===
18:03:00     вердикт: RED
18:03:00 === #3972: 6990 ===
18:03:04     вердикт: RED
18:03:04 === #3973: 3009 ===
18:03:07     вердикт: RED
18:03:07 === #3974: 6991 ===
18:03:11     вердикт: RED
18:03:11 === #3975: 3008 ===
18:03:14     вердикт: RED
18:03:15 === #3976: 6992 ===
18:03:18     вердикт: RED
18:03:19 === #3977: 3007 ===
18:03:22     вердикт: RED
18:03:22 === #3978: 6993 ===
18:03:26     вердикт: RED
18:03:26 === #3979: 3006 ===
18:03:30     вердикт: RED
18:03:30 === #3980: 6994 ===
18:03:34     вердикт: RED
18:03:34 === #3981: 3005 ===
18:03:38     вердикт: RED
18:03:38 === #3982: 6995 ===
18:03:42     вердикт: RED
18:03:42 === #3983: 3004 ===
18:03:46     вердикт: RED
18:03:46 === #3984: 6996 ===
18:03:50     вердикт: RED
18:03:50 === #3985: 3003 ===
18:03:54     вердикт: RED
18:03:54 === #3986: 6997 ===
18:03:58     вердикт: RED
18:03:58 === #3987: 3002 ===
18:04:01     вердикт: RED
18:04:01 === #3988: 6998 ===
18:04:05     вердикт: RED
18:04:05 === #3989: 3001 ===
18:04:09     вердикт: RED
18:04:09 === #3990: 6999 ===
18:04:12     вердикт: RED
18:04:12 === #3991: 3000 ===
18:04:16     вердикт: RED
18:04:16 === #3992: 7000 ===
18:04:19     вердикт: RED
18:04:19 === #3993: 2999 ===
18:04:22     вердикт: RED
18:04:22 === #3994: 7001 ===
18:04:26     вердикт: RED
18:04:26 === #3995: 2998 ===
18:04:29     вердикт: RED
18:04:30 === #3996: 7002 ===
18:04:33     вердикт: RED
18:04:33 === #3997: 2997 ===
18:04:37     вердикт: RED
18:04:37 === #3998: 7003 ===
18:04:41     вердикт: RED
18:04:41 === #3999: 2996 ===
18:04:44     вердикт: RED
18:04:45 === #4000: 7004 ===
18:04:48     вердикт: RED
18:04:48 === #4001: 2995 ===
18:04:52     вердикт: RED
18:04:52 === #4002: 7005 ===
18:04:56     вердикт: RED
18:04:56 === #4003: 2994 ===
18:05:00     вердикт: RED
18:05:00 === #4004: 7006 ===
18:05:04     вердикт: RED
18:05:04 === #4005: 2993 ===
18:05:08     вердикт: RED
18:05:08 === #4006: 7007 ===
18:05:12     вердикт: RED
18:05:12 === #4007: 2992 ===
18:05:15     вердикт: RED
18:05:16 === #4008: 7008 ===
18:05:19     вердикт: RED
18:05:19 === #4009: 2991 ===
18:05:23     вердикт: RED
18:05:23 === #4010: 7009 ===
18:05:26     вердикт: RED
18:05:26 === #4011: 2990 ===
18:05:29     вердикт: RED
18:05:30 === #4012: 7010 ===
18:05:33     вердикт: RED
18:05:33 === #4013: 2989 ===
18:05:37     вердикт: RED
18:05:37 === #4014: 7011 ===
18:05:40     вердикт: RED
18:05:40 === #4015: 2988 ===
18:05:44     вердикт: RED
18:05:44 === #4016: 7012 ===
18:05:48     вердикт: RED
18:05:48 === #4017: 2987 ===
18:05:52     вердикт: RED
18:05:52 === #4018: 7013 ===
18:05:56     вердикт: RED
18:05:56 === #4019: 2986 ===
18:06:00     вердикт: RED
18:06:00 === #4020: 7014 ===
18:06:04     вердикт: RED
18:06:04 === #4021: 2985 ===
18:06:08     вердикт: RED
18:06:08 === #4022: 7015 ===
18:06:12     вердикт: RED
18:06:12 === #4023: 2984 ===
18:06:16     вердикт: RED
18:06:16 === #4024: 7016 ===
18:06:20     вердикт: RED
18:06:20 === #4025: 2983 ===
18:06:24     вердикт: RED
18:06:24 === #4026: 7017 ===
18:06:28     вердикт: RED
18:06:28 === #4027: 2982 ===
18:06:32     вердикт: RED
18:06:32 === #4028: 7018 ===
18:06:35     вердикт: RED
18:06:35 === #4029: 2981 ===
18:06:39     вердикт: RED
18:06:39 === #4030: 7019 ===
18:06:43     вердикт: RED
18:06:43 === #4031: 2980 ===
18:06:46     вердикт: RED
18:06:46 === #4032: 7020 ===
18:06:50     вердикт: RED
18:06:50 === #4033: 2979 ===
18:06:54     вердикт: RED
18:06:54 === #4034: 7021 ===
18:06:57     вердикт: RED
18:06:57 === #4035: 2978 ===
18:07:01     вердикт: RED
18:07:01 === #4036: 7022 ===
18:07:05     вердикт: RED
18:07:05 === #4037: 2977 ===
18:07:09     вердикт: RED
18:07:09 === #4038: 7023 ===
18:07:13     вердикт: RED
18:07:13 === #4039: 2976 ===
18:07:17     вердикт: RED
18:07:17 === #4040: 7024 ===
18:07:21     вердикт: RED
18:07:21 === #4041: 2975 ===
18:07:26     вердикт: RED
18:07:26 === #4042: 7025 ===
18:07:30     вердикт: RED
18:07:30 === #4043: 2974 ===
18:07:34     вердикт: RED
18:07:34 === #4044: 7026 ===
18:07:38     вердикт: RED
18:07:38 === #4045: 2973 ===
18:07:42     вердикт: RED
18:07:42 === #4046: 7027 ===
18:07:46     вердикт: RED
18:07:46 === #4047: 2972 ===
18:07:50     вердикт: RED
18:07:50 === #4048: 7028 ===
18:07:53     вердикт: RED
18:07:54 === #4049: 2971 ===
18:07:57     вердикт: RED
18:07:57 === #4050: 7029 ===
18:08:01     вердикт: RED
18:08:01 === #4051: 2970 ===
18:08:05     вердикт: RED
18:08:05 === #4052: 7030 ===
18:08:08     вердикт: RED
18:08:08 === #4053: 2969 ===
18:08:12     вердикт: RED
18:08:12 === #4054: 7031 ===
18:08:16     вердикт: RED
18:08:16 === #4055: 2968 ===
18:08:20     вердикт: RED
18:08:20 === #4056: 7032 ===
18:08:24     вердикт: RED
18:08:24 === #4057: 2967 ===
18:08:28     вердикт: RED
18:08:28 === #4058: 7033 ===
18:08:32     вердикт: RED
18:08:32 === #4059: 2966 ===
18:08:36     вердикт: RED
18:08:37 === #4060: 7034 ===
18:08:41     вердикт: RED
18:08:41 === #4061: 2965 ===
18:08:45     вердикт: RED
18:08:45 === #4062: 7035 ===
18:08:49     вердикт: RED
18:08:49 === #4063: 2964 ===
18:08:54     вердикт: RED
18:08:54 === #4064: 7036 ===
18:08:58     вердикт: RED
18:08:58 === #4065: 2963 ===
18:09:02     вердикт: RED
18:09:02 === #4066: 7037 ===
18:09:06     вердикт: RED
18:09:06 === #4067: 2962 ===
18:09:10     вердикт: RED
18:09:10 === #4068: 7038 ===
18:09:14     вердикт: RED
18:09:14 === #4069: 2961 ===
18:09:18     вердикт: RED
18:09:18 === #4070: 7039 ===
18:09:22     вердикт: RED
18:09:22 === #4071: 2960 ===
18:09:26     вердикт: RED
18:09:26 === #4072: 7040 ===
18:09:30     вердикт: RED
18:09:30 === #4073: 2959 ===
18:09:34     вердикт: RED
18:09:34 === #4074: 7041 ===
18:09:38     вердикт: RED
18:09:38 === #4075: 2958 ===
18:09:42     вердикт: RED
18:09:42 === #4076: 7042 ===
18:09:46     вердикт: RED
18:09:46 === #4077: 2957 ===
18:09:50     вердикт: RED
18:09:50 === #4078: 7043 ===
18:09:54     вердикт: RED
18:09:54 === #4079: 2956 ===
18:09:59     вердикт: RED
18:09:59 === #4080: 7044 ===
18:10:03     вердикт: RED
18:10:03 === #4081: 2955 ===
18:10:07     вердикт: RED
18:10:08 === #4082: 7045 ===
18:10:12     вердикт: RED
18:10:12 === #4083: 2954 ===
18:10:16     вердикт: RED
18:10:16 === #4084: 7046 ===
18:10:21     вердикт: RED
18:10:21 === #4085: 2953 ===
18:10:25     вердикт: RED
18:10:25 === #4086: 7047 ===
18:10:29     вердикт: RED
18:10:29 === #4087: 2952 ===
18:10:33     вердикт: RED
18:10:33 === #4088: 7048 ===
18:10:37     вердикт: RED
18:10:38 === #4089: 2951 ===
18:10:41     вердикт: RED
18:10:42 === #4090: 7049 ===
18:10:45     вердикт: RED
18:10:46 === #4091: 2950 ===
18:10:49     вердикт: RED
18:10:49 === #4092: 7050 ===
18:10:53     вердикт: RED
18:10:53 === #4093: 2949 ===
18:10:57     вердикт: RED
18:10:57 === #4094: 7051 ===
18:11:01     вердикт: RED
18:11:01 === #4095: 2948 ===
18:11:05     вердикт: RED
18:11:05 === #4096: 7052 ===
18:11:09     вердикт: RED
18:11:10 === #4097: 2947 ===
18:11:14     вердикт: RED
18:11:14 === #4098: 7053 ===
18:11:18     вердикт: RED
18:11:18 === #4099: 2946 ===
18:11:22     вердикт: RED
18:11:22 === #4100: 7054 ===
18:11:26     вердикт: RED
18:11:27 === #4101: 2945 ===
18:11:31     вердикт: RED
18:11:31 === #4102: 7055 ===
18:11:35     вердикт: RED
18:11:36 === #4103: 2944 ===
18:11:40     вердикт: RED
18:11:40 === #4104: 7056 ===
18:11:44     вердикт: RED
18:11:44 === #4105: 2943 ===
18:11:48     вердикт: RED
18:11:49 === #4106: 7057 ===
18:11:53     вердикт: RED
18:11:53 === #4107: 2942 ===
18:11:57     вердикт: RED
18:11:57 === #4108: 7058 ===
18:12:01     вердикт: RED
18:12:01 === #4109: 2941 ===
18:12:05     вердикт: RED
18:12:05 === #4110: 7059 ===
18:12:09     вердикт: RED
18:12:09 === #4111: 2940 ===
18:12:13     вердикт: RED
18:12:13 === #4112: 7060 ===
18:12:17     вердикт: RED
18:12:17 === #4113: 2939 ===
18:12:20     вердикт: RED
18:12:21 === #4114: 7061 ===
18:12:24     вердикт: RED
18:12:25 === #4115: 2938 ===
18:12:28     вердикт: RED
18:12:29 === #4116: 7062 ===
18:12:32     вердикт: RED
18:12:33 === #4117: 2937 ===
18:12:37     вердикт: RED
18:12:37 === #4118: 7063 ===
18:12:41     вердикт: RED
18:12:41 === #4119: 2936 ===
18:12:45     вердикт: RED
18:12:45 === #4120: 7064 ===
18:12:49     вердикт: RED
18:12:49 === #4121: 2935 ===
18:12:54     вердикт: RED
18:12:54 === #4122: 7065 ===
18:12:58     вердикт: RED
18:12:58 === #4123: 2934 ===
18:13:02     вердикт: RED
18:13:02 === #4124: 7066 ===
18:13:07     вердикт: RED
18:13:07 === #4125: 2933 ===
18:13:11     вердикт: RED
18:13:11 === #4126: 7067 ===
18:13:15     вердикт: RED
18:13:15 === #4127: 2932 ===
18:13:19     вердикт: RED
18:13:19 === #4128: 7068 ===
18:13:23     вердикт: RED
18:13:23 === #4129: 2931 ===
18:13:27     вердикт: RED
18:13:27 === #4130: 7069 ===
18:13:30     вердикт: RED
18:13:31 === #4131: 2930 ===
18:13:34     вердикт: RED
18:13:34 === #4132: 7070 ===
18:13:38     вердикт: RED
18:13:38 === #4133: 2929 ===
18:13:42     вердикт: RED
18:13:42 === #4134: 7071 ===
18:13:46     вердикт: RED
18:13:46 === #4135: 2928 ===
18:13:49     вердикт: RED
18:13:50 === #4136: 7072 ===
18:13:53     вердикт: RED
18:13:53 === #4137: 2927 ===
18:13:57     вердикт: RED
18:13:57 === #4138: 7073 ===
18:14:01     вердикт: RED
18:14:01 === #4139: 2926 ===
18:14:05     вердикт: RED
18:14:05 === #4140: 7074 ===
18:14:09     вердикт: RED
18:14:10 === #4141: 2925 ===
18:14:14     вердикт: RED
18:14:14 === #4142: 7075 ===
18:14:18     вердикт: RED
18:14:18 === #4143: 2924 ===
18:14:22     вердикт: RED
18:14:22 === #4144: 7076 ===
18:14:26     вердикт: RED
18:14:26 === #4145: 2923 ===
18:14:30     вердикт: RED
18:14:30 === #4146: 7077 ===
18:14:34     вердикт: RED
18:14:35 === #4147: 2922 ===
18:14:38     вердикт: RED
18:14:38 === #4148: 7078 ===
18:14:42     вердикт: RED
18:14:42 === #4149: 2921 ===
18:14:46     вердикт: RED
18:14:46 === #4150: 7079 ===
18:14:50     вердикт: RED
18:14:50 === #4151: 2920 ===
18:14:53     вердикт: RED
18:14:53 === #4152: 7080 ===
18:14:57     вердикт: RED
18:14:57 === #4153: 2919 ===
18:15:00     вердикт: RED
18:15:00 === #4154: 7081 ===
18:15:04     вердикт: RED
18:15:04 === #4155: 2918 ===
18:15:08     вердикт: RED
18:15:08 === #4156: 7082 ===
18:15:11     вердикт: RED
18:15:12 === #4157: 2917 ===
18:15:15     вердикт: RED
18:15:15 === #4158: 7083 ===
18:15:19     вердикт: RED
18:15:19 === #4159: 2916 ===
18:15:23     вердикт: RED
18:15:23 === #4160: 7084 ===
18:15:27     вердикт: RED
18:15:27 === #4161: 2915 ===
18:15:31     вердикт: RED
18:15:31 === #4162: 7085 ===
18:15:35     вердикт: RED
18:15:35 === #4163: 2914 ===
18:15:39     вердикт: RED
18:15:39 === #4164: 7086 ===
18:15:43     вердикт: RED
18:15:43 === #4165: 2913 ===
18:15:47     вердикт: RED
18:15:47 === #4166: 7087 ===
18:15:51     вердикт: RED
18:15:51 === #4167: 2912 ===
18:15:55     вердикт: RED
18:15:55 === #4168: 7088 ===
18:15:58     вердикт: RED
18:15:58 === #4169: 2911 ===
18:16:02     вердикт: RED
18:16:02 === #4170: 7089 ===
18:16:05     вердикт: RED
18:16:05 === #4171: 2910 ===
18:16:09     вердикт: RED
18:16:09 === #4172: 7090 ===
18:16:12     вердикт: RED
18:16:12 === #4173: 2909 ===
18:16:16     вердикт: RED
18:16:16 === #4174: 7091 ===
18:16:19     вердикт: RED
18:16:19 === #4175: 2908 ===
18:16:23     вердикт: RED
18:16:23 === #4176: 7092 ===
18:16:26     вердикт: RED
18:16:26 === #4177: 2907 ===
18:16:30     вердикт: RED
18:16:30 === #4178: 7093 ===
18:16:34     вердикт: RED
18:16:34 === #4179: 2906 ===
18:16:38     вердикт: RED
18:16:38 === #4180: 7094 ===
18:16:41     вердикт: RED
18:16:41 === #4181: 2905 ===
18:16:45     вердикт: RED
18:16:45 === #4182: 7095 ===
18:16:49     вердикт: RED
18:16:49 === #4183: 2904 ===
18:16:53     вердикт: RED
18:16:53 === #4184: 7096 ===
18:16:57     вердикт: RED
18:16:57 === #4185: 2903 ===
18:17:01     вердикт: RED
18:17:01 === #4186: 7097 ===
18:17:04     вердикт: RED
18:17:05 === #4187: 2902 ===
18:17:08     вердикт: RED
18:17:08 === #4188: 7098 ===
18:17:12     вердикт: RED
18:17:12 === #4189: 2901 ===
18:17:15     вердикт: RED
18:17:15 === #4190: 7099 ===
18:17:18     вердикт: RED
18:17:19 === #4191: 2900 ===
18:17:22     вердикт: RED
18:17:22 === #4192: 7100 ===
18:17:25     вердикт: RED
18:17:25 === #4193: 2899 ===
18:17:29     вердикт: RED
18:17:29 === #4194: 7101 ===
18:17:32     вердикт: RED
18:17:33 === #4195: 2898 ===
18:17:36     вердикт: RED
18:17:36 === #4196: 7102 ===
18:17:40     вердикт: RED
18:17:40 === #4197: 2897 ===
18:17:44     вердикт: RED
18:17:44 === #4198: 7103 ===
18:17:47     вердикт: RED
18:17:48 === #4199: 2896 ===
18:17:51     вердикт: RED
18:17:52 === #4200: 7104 ===
18:17:55     вердикт: RED
18:17:55 === #4201: 2895 ===
18:17:59     вердикт: RED
18:18:00 === #4202: 7105 ===
18:18:04     вердикт: RED
18:18:04 === #4203: 2894 ===
18:18:08     вердикт: RED
18:18:08 === #4204: 7106 ===
18:18:11     вердикт: RED
18:18:12 === #4205: 2893 ===
18:18:15     вердикт: RED
18:18:15 === #4206: 7107 ===
18:18:19     вердикт: RED
18:18:19 === #4207: 2892 ===
18:18:23     вердикт: RED
18:18:23 === #4208: 7108 ===
18:18:26     вердикт: RED
18:18:27 === #4209: 2891 ===
18:18:30     вердикт: RED
18:18:30 === #4210: 7109 ===
18:18:34     вердикт: RED
18:18:34 === #4211: 2890 ===
18:18:37     вердикт: RED
18:18:37 === #4212: 7110 ===
18:18:41     вердикт: RED
18:18:41 === #4213: 2889 ===
18:18:45     вердикт: RED
18:18:45 === #4214: 7111 ===
18:18:48     вердикт: RED
18:18:48 === #4215: 2888 ===
18:18:52     вердикт: RED
18:18:52 === #4216: 7112 ===
18:18:56     вердикт: RED
18:18:56 === #4217: 2887 ===
18:19:00     вердикт: RED
18:19:00 === #4218: 7113 ===
18:19:04     вердикт: RED
18:19:04 === #4219: 2886 ===
18:19:08     вердикт: RED
18:19:08 === #4220: 7114 ===
18:19:12     вердикт: RED
18:19:12 === #4221: 2885 ===
18:19:17     вердикт: RED
18:19:17 === #4222: 7115 ===
18:19:21     вердикт: RED
18:19:21 === #4223: 2884 ===
18:19:25     вердикт: RED
18:19:25 === #4224: 7116 ===
18:19:29     вердикт: RED
18:19:29 === #4225: 2883 ===
18:19:33     вердикт: RED
18:19:33 === #4226: 7117 ===
18:19:37     вердикт: RED
18:19:37 === #4227: 2882 ===
18:19:41     вердикт: RED
18:19:41 === #4228: 7118 ===
18:19:44     вердикт: RED
18:19:45 === #4229: 2881 ===
18:19:48     вердикт: RED
18:19:48 === #4230: 7119 ===
18:19:52     вердикт: RED
18:19:52 === #4231: 2880 ===
18:19:56     вердикт: RED
18:19:56 === #4232: 7120 ===
18:19:59     вердикт: RED
18:20:00 === #4233: 2879 ===
18:20:03     вердикт: RED
18:20:03 === #4234: 7121 ===
18:20:07     вердикт: RED
18:20:07 === #4235: 2878 ===
18:20:11     вердикт: RED
18:20:11 === #4236: 7122 ===
18:20:15     вердикт: RED
18:20:15 === #4237: 2877 ===
18:20:19     вердикт: RED
18:20:19 === #4238: 7123 ===
18:20:23     вердикт: RED
18:20:23 === #4239: 2876 ===
18:20:28     вердикт: RED
18:20:28 === #4240: 7124 ===
18:20:32     вердикт: RED
18:20:32 === #4241: 2875 ===
18:20:36     вердикт: RED
18:20:36 === #4242: 7125 ===
18:20:40     вердикт: RED
18:20:41 === #4243: 2874 ===
18:20:45     вердикт: RED
18:20:45 === #4244: 7126 ===
18:20:49     вердикт: RED
18:20:49 === #4245: 2873 ===
18:20:53     вердикт: RED
18:20:53 === #4246: 7127 ===
18:20:57     вердикт: RED
18:20:57 === #4247: 2872 ===
18:21:01     вердикт: RED
18:21:02 === #4248: 7128 ===
18:21:05     вердикт: RED
18:21:05 === #4249: 2871 ===
18:21:09     вердикт: RED
18:21:09 === #4250: 7129 ===
18:21:13     вердикт: RED
18:21:13 === #4251: 2870 ===
18:21:17     вердикт: RED
18:21:17 === #4252: 7130 ===
18:21:21     вердикт: RED
18:21:21 === #4253: 2869 ===
18:21:25     вердикт: RED
18:21:25 === #4254: 7131 ===
18:21:29     вердикт: RED
18:21:29 === #4255: 2868 ===
18:21:33     вердикт: RED
18:21:33 === #4256: 7132 ===
18:21:37     вердикт: RED
18:21:37 === #4257: 2867 ===
18:21:41     вердикт: RED
18:21:41 === #4258: 7133 ===
18:21:45     вердикт: RED
18:21:46 === #4259: 2866 ===
18:21:50     вердикт: RED
18:21:50 === #4260: 7134 ===
18:21:54     вердикт: RED
18:21:54 === #4261: 2865 ===
18:21:59     вердикт: RED
18:21:59 === #4262: 7135 ===
18:22:03     вердикт: RED
18:22:04 === #4263: 2864 ===
18:22:08     вердикт: RED
18:22:08 === #4264: 7136 ===
18:22:12     вердикт: RED
18:22:12 === #4265: 2863 ===
18:22:16     вердикт: RED
18:22:17 === #4266: 7137 ===
18:22:21     вердикт: RED
18:22:21 === #4267: 2862 ===
18:22:25     вердикт: RED
18:22:25 === #4268: 7138 ===
18:22:29     вердикт: RED
18:22:29 === #4269: 2861 ===
18:22:33     вердикт: RED
18:22:33 === #4270: 7139 ===
18:22:37     вердикт: RED
18:22:37 === #4271: 2860 ===
18:22:41     вердикт: RED
18:22:41 === #4272: 7140 ===
18:22:45     вердикт: RED
18:22:45 === #4273: 2859 ===
18:22:49     вердикт: RED
18:22:49 === #4274: 7141 ===
18:22:53     вердикт: RED
18:22:53 === #4275: 2858 ===
18:22:57     вердикт: RED
18:22:58 === #4276: 7142 ===
18:23:01     вердикт: RED
18:23:02 === #4277: 2857 ===
18:23:06     вердикт: RED
18:23:06 === #4278: 7143 ===
18:23:10     вердикт: RED
18:23:10 === #4279: 2856 ===
18:23:15     вердикт: RED
18:23:15 === #4280: 7144 ===
18:23:19     вердикт: RED
18:23:19 === #4281: 2855 ===
18:23:24     вердикт: RED
18:23:24 === #4282: 7145 ===
18:23:28     вердикт: RED
18:23:29 === #4283: 2854 ===
18:23:33     вердикт: RED
18:23:33 === #4284: 7146 ===
18:23:37     вердикт: RED
18:23:38 === #4285: 2853 ===
18:23:42     вердикт: RED
18:23:42 === #4286: 7147 ===
18:23:46     вердикт: RED
18:23:46 === #4287: 2852 ===
18:23:51     вердикт: RED
18:23:51 === #4288: 7148 ===
18:23:55     вердикт: RED
18:23:55 === #4289: 2851 ===
18:23:59     вердикт: RED
18:23:59 === #4290: 7149 ===
18:24:03     вердикт: RED
18:24:03 === #4291: 2850 ===
18:24:07     вердикт: RED
18:24:07 === #4292: 7150 ===
18:24:11     вердикт: RED
18:24:11 === #4293: 2849 ===
18:24:15     вердикт: RED
18:24:15 === #4294: 7151 ===
18:24:19     вердикт: RED
18:24:19 === #4295: 2848 ===
18:24:23     вердикт: RED
18:24:24 === #4296: 7152 ===
18:24:28     вердикт: RED
18:24:28 === #4297: 2847 ===
18:24:32     вердикт: RED
18:24:32 === #4298: 7153 ===
18:24:36     вердикт: RED
18:24:36 === #4299: 2846 ===
18:24:41     вердикт: RED
18:24:41 === #4300: 7154 ===
18:24:45     вердикт: RED
18:24:45 === #4301: 2845 ===
18:24:50     вердикт: RED
18:24:50 === #4302: 7155 ===
18:24:54     вердикт: RED
18:24:55 === #4303: 2844 ===
18:24:59     вердикт: RED
18:24:59 === #4304: 7156 ===
18:25:03     вердикт: RED
18:25:04 === #4305: 2843 ===
18:25:08     вердикт: RED
18:25:08 === #4306: 7157 ===
18:25:12     вердикт: RED
18:25:12 === #4307: 2842 ===
18:25:16     вердикт: RED
18:25:17 === #4308: 7158 ===
18:25:21     вердикт: RED
18:25:21 === #4309: 2841 ===
18:25:25     вердикт: RED
18:25:25 === #4310: 7159 ===
18:25:29     вердикт: RED
18:25:29 === #4311: 2840 ===
18:25:33     вердикт: RED
18:25:33 === #4312: 7160 ===
18:25:37     вердикт: RED
18:25:37 === #4313: 2839 ===
18:25:41     вердикт: RED
18:25:41 === #4314: 7161 ===
18:25:45     вердикт: RED
18:25:45 === #4315: 2838 ===
18:25:49     вердикт: RED
18:25:49 === #4316: 7162 ===
18:25:53     вердикт: RED
18:25:53 === #4317: 2837 ===
18:25:57     вердикт: RED
18:25:58 === #4318: 7163 ===
18:26:02     вердикт: RED
18:26:02 === #4319: 2836 ===
18:26:06     вердикт: RED
18:26:06 === #4320: 7164 ===
18:26:10     вердикт: RED
18:26:11 === #4321: 2835 ===
18:26:15     вердикт: RED
18:26:15 === #4322: 7165 ===
18:26:19     вердикт: RED
18:26:20 === #4323: 2834 ===
18:26:24     вердикт: RED
18:26:24 === #4324: 7166 ===
18:26:28     вердикт: RED
18:26:28 === #4325: 2833 ===
18:26:32     вердикт: RED
18:26:33 === #4326: 7167 ===
18:26:37     вердикт: RED
18:26:37 === #4327: 2832 ===
18:26:41     вердикт: RED
18:26:41 === #4328: 7168 ===
18:26:45     вердикт: RED
18:26:45 === #4329: 2831 ===
18:26:49     вердикт: RED
18:26:49 === #4330: 7169 ===
18:26:53     вердикт: RED
18:26:53 === #4331: 2830 ===
18:26:57     вердикт: RED
18:26:57 === #4332: 7170 ===
18:27:01     вердикт: RED
18:27:01 === #4333: 2829 ===
18:27:04     вердикт: RED
18:27:05 === #4334: 7171 ===
18:27:08     вердикт: RED
18:27:09 === #4335: 2828 ===
18:27:12     вердикт: RED
18:27:12 === #4336: 7172 ===
18:27:16     вердикт: RED
18:27:17 === #4337: 2827 ===
18:27:20     вердикт: RED
18:27:21 === #4338: 7173 ===
18:27:25     вердикт: RED
18:27:25 === #4339: 2826 ===
18:27:29     вердикт: RED
18:27:29 === #4340: 7174 ===
18:27:33     вердикт: RED
18:27:33 === #4341: 2825 ===
18:27:38     вердикт: RED
18:27:38 === #4342: 7175 ===
18:27:42     вердикт: RED
18:27:42 === #4343: 2824 ===
18:27:46     вердикт: RED
18:27:46 === #4344: 7176 ===
18:27:50     вердикт: RED
18:27:51 === #4345: 2823 ===
18:27:55     вердикт: RED
18:27:55 === #4346: 7177 ===
18:27:59     вердикт: RED
18:27:59 === #4347: 2822 ===
18:28:03     вердикт: RED
18:28:03 === #4348: 7178 ===
18:28:07     вердикт: RED
18:28:07 === #4349: 2821 ===
18:28:11     вердикт: RED
18:28:11 === #4350: 7179 ===
18:28:14     вердикт: RED
18:28:15 === #4351: 2820 ===
18:28:18     вердикт: RED
18:28:18 === #4352: 7180 ===
18:28:22     вердикт: RED
18:28:22 === #4353: 2819 ===
18:28:26     вердикт: RED
18:28:26 === #4354: 7181 ===
18:28:29     вердикт: RED
18:28:30 === #4355: 2818 ===
18:28:33     вердикт: RED
18:28:33 === #4356: 7182 ===
18:28:37     вердикт: RED
18:28:37 === #4357: 2817 ===
18:28:41     вердикт: RED
18:28:41 === #4358: 7183 ===
18:28:45     вердикт: RED
18:28:45 === #4359: 2816 ===
18:28:49     вердикт: RED
18:28:49 === #4360: 7184 ===
18:28:53     вердикт: RED
18:28:54 === #4361: 2815 ===
18:28:58     вердикт: RED
18:28:58 === #4362: 7185 ===
18:29:02     вердикт: RED
18:29:02 === #4363: 2814 ===
18:29:06     вердикт: RED
18:29:06 === #4364: 7186 ===
18:29:10     вердикт: RED
18:29:10 === #4365: 2813 ===
18:29:14     вердикт: RED
18:29:14 === #4366: 7187 ===
18:29:18     вердикт: RED
18:29:18 === #4367: 2812 ===
18:29:22     вердикт: RED
18:29:22 === #4368: 7188 ===
18:29:26     вердикт: RED
18:29:26 === #4369: 2811 ===
18:29:30     вердикт: RED
18:29:30 === #4370: 7189 ===
18:29:33     вердикт: RED
18:29:33 === #4371: 2810 ===
18:29:37     вердикт: RED
18:29:37 === #4372: 7190 ===
18:29:41     вердикт: RED
18:29:41 === #4373: 2809 ===
18:29:44     вердикт: RED
18:29:44 === #4374: 7191 ===
18:29:48     вердикт: RED
18:29:48 === #4375: 2808 ===
18:29:51     вердикт: RED
18:29:52 === #4376: 7192 ===
18:29:55     вердикт: RED
18:29:55 === #4377: 2807 ===
18:29:59     вердикт: RED
18:29:59 === #4378: 7193 ===
18:30:03     вердикт: RED
18:30:03 === #4379: 2806 ===
18:30:07     вердикт: RED
18:30:07 === #4380: 7194 ===
18:30:11     вердикт: RED
18:30:11 === #4381: 2805 ===
18:30:15     вердикт: RED
18:30:15 === #4382: 7195 ===
18:30:19     вердикт: RED
18:30:19 === #4383: 2804 ===
18:30:23     вердикт: RED
18:30:23 === #4384: 7196 ===
18:30:27     вердикт: RED
18:30:27 === #4385: 2803 ===
18:30:31     вердикт: RED
18:30:31 === #4386: 7197 ===
18:30:35     вердикт: RED
18:30:35 === #4387: 2802 ===
18:30:39     вердикт: RED
18:30:39 === #4388: 7198 ===
18:30:43     вердикт: RED
18:30:43 === #4389: 2801 ===
18:30:46     вердикт: RED
18:30:46 === #4390: 7199 ===
18:30:50     вердикт: RED
18:30:50 === #4391: 2800 ===
18:30:53     вердикт: RED
18:30:53 === #4392: 7200 ===
18:30:57     вердикт: RED
18:30:57 === #4393: 2799 ===
18:31:01     вердикт: RED
18:31:01 === #4394: 7201 ===
18:31:04     вердикт: RED
18:31:04 === #4395: 2798 ===
18:31:08     вердикт: RED
18:31:08 === #4396: 7202 ===
18:31:12     вердикт: RED
18:31:12 === #4397: 2797 ===
18:31:16     вердикт: RED
18:31:16 === #4398: 7203 ===
18:31:20     вердикт: RED
18:31:20 === #4399: 2796 ===
18:31:24     вердикт: RED
18:31:24 === #4400: 7204 ===
18:31:28     вердикт: RED
18:31:28 === #4401: 2795 ===
18:31:32     вердикт: RED
18:31:33 === #4402: 7205 ===
18:31:37     вердикт: RED
18:31:37 === #4403: 2794 ===
18:31:41     вердикт: RED
18:31:41 === #4404: 7206 ===
18:31:45     вердикт: RED
18:31:45 === #4405: 2793 ===
18:31:49     вердикт: RED
18:31:49 === #4406: 7207 ===
18:31:53     вердикт: RED
18:31:53 === #4407: 2792 ===
18:31:57     вердикт: RED
18:31:57 === #4408: 7208 ===
18:32:01     вердикт: RED
18:32:01 === #4409: 2791 ===
18:32:04     вердикт: RED
18:32:05 === #4410: 7209 ===
18:32:08     вердикт: RED
18:32:08 === #4411: 2790 ===
18:32:12     вердикт: RED
18:32:12 === #4412: 7210 ===
18:32:16     вердикт: RED
18:32:16 === #4413: 2789 ===
18:32:20     вердикт: RED
18:32:20 === #4414: 7211 ===
18:32:23     вердикт: RED
18:32:23 === #4415: 2788 ===
18:32:27     вердикт: RED
18:32:28 === #4416: 7212 ===
18:32:31     вердикт: RED
18:32:31 === #4417: 2787 ===
18:32:36     вердикт: RED
18:32:36 === #4418: 7213 ===
18:32:40     вердикт: RED
18:32:40 === #4419: 2786 ===
18:32:44     вердикт: RED
18:32:44 === #4420: 7214 ===
18:32:48     вердикт: RED
18:32:48 === #4421: 2785 ===
18:32:53     вердикт: RED
18:32:53 === #4422: 7215 ===
18:32:57     вердикт: RED
18:32:57 === #4423: 2784 ===
18:33:01     вердикт: RED
18:33:01 === #4424: 7216 ===
18:33:05     вердикт: RED
18:33:06 === #4425: 2783 ===
18:33:10     вердикт: RED
18:33:10 === #4426: 7217 ===
18:33:14     вердикт: RED
18:33:14 === #4427: 2782 ===
18:33:18     вердикт: RED
18:33:18 === #4428: 7218 ===
18:33:22     вердикт: RED
18:33:22 === #4429: 2781 ===
18:33:26     вердикт: RED
18:33:26 === #4430: 7219 ===
18:33:29     вердикт: RED
18:33:30 === #4431: 2780 ===
18:33:33     вердикт: RED
18:33:33 === #4432: 7220 ===
18:33:37     вердикт: RED
18:33:37 === #4433: 2779 ===
18:33:41     вердикт: RED
18:33:41 === #4434: 7221 ===
18:33:45     вердикт: RED
18:33:45 === #4435: 2778 ===
18:33:49     вердикт: RED
18:33:49 === #4436: 7222 ===
18:33:53     вердикт: RED
18:33:53 === #4437: 2777 ===
18:33:58     вердикт: RED
18:33:58 === #4438: 7223 ===
18:34:02     вердикт: RED
18:34:02 === #4439: 2776 ===
18:34:06     вердикт: RED
18:34:06 === #4440: 7224 ===
18:34:11     вердикт: RED
18:34:11 === #4441: 2775 ===
18:34:15     вердикт: RED
18:34:15 === #4442: 7225 ===
18:34:19     вердикт: RED
18:34:20 === #4443: 2774 ===
18:34:24     вердикт: RED
18:34:24 === #4444: 7226 ===
18:34:28     вердикт: RED
18:34:28 === #4445: 2773 ===
18:34:33     вердикт: RED
18:34:33 === #4446: 7227 ===
18:34:37     вердикт: RED
18:34:37 === #4447: 2772 ===
18:34:41     вердикт: RED
18:34:41 === #4448: 7228 ===
18:34:45     вердикт: RED
18:34:45 === #4449: 2771 ===
18:34:49     вердикт: RED
18:34:49 === #4450: 7229 ===
18:34:53     вердикт: RED
18:34:53 === #4451: 2770 ===
18:34:57     вердикт: RED
18:34:57 === #4452: 7230 ===
18:35:01     вердикт: RED
18:35:01 === #4453: 2769 ===
18:35:05     вердикт: RED
18:35:05 === #4454: 7231 ===
18:35:09     вердикт: RED
18:35:09 === #4455: 2768 ===
18:35:13     вердикт: RED
18:35:14 === #4456: 7232 ===
18:35:18     вердикт: RED
18:35:18 === #4457: 2767 ===
18:35:22     вердикт: RED
18:35:22 === #4458: 7233 ===
18:35:26     вердикт: RED
18:35:26 === #4459: 2766 ===
18:35:31     вердикт: RED
18:35:31 === #4460: 7234 ===
18:35:35     вердикт: RED
18:35:35 === #4461: 2765 ===
18:35:40     вердикт: RED
18:35:40 === #4462: 7235 ===
18:35:45     вердикт: RED
18:35:45 === #4463: 2764 ===
18:35:49     вердикт: RED
18:35:49 === #4464: 7236 ===
18:35:53     вердикт: RED
18:35:54 === #4465: 2763 ===
18:35:58     вердикт: RED
18:35:58 === #4466: 7237 ===
18:36:02     вердикт: RED
18:36:02 === #4467: 2762 ===
18:36:06     вердикт: RED
18:36:07 === #4468: 7238 ===
18:36:11     вердикт: RED
18:36:11 === #4469: 2761 ===
18:36:15     вердикт: RED
18:36:15 === #4470: 7239 ===
18:36:19     вердикт: RED
18:36:19 === #4471: 2760 ===
18:36:23     вердикт: RED
18:36:23 === #4472: 7240 ===
18:36:27     вердикт: RED
18:36:27 === #4473: 2759 ===
18:36:31     вердикт: RED
18:36:31 === #4474: 7241 ===
18:36:36     вердикт: RED
18:36:36 === #4475: 2758 ===
18:36:40     вердикт: RED
18:36:40 === #4476: 7242 ===
18:36:44     вердикт: RED
18:36:44 === #4477: 2757 ===
18:36:49     вердикт: RED
18:36:49 === #4478: 7243 ===
18:36:53     вердикт: RED
18:36:53 === #4479: 2756 ===
18:36:58     вердикт: RED
18:36:58 === #4480: 7244 ===
18:37:02     вердикт: RED
18:37:03 === #4481: 2755 ===
18:37:07     вердикт: RED
18:37:07 === #4482: 7245 ===
18:37:12     вердикт: RED
18:37:12 === #4483: 2754 ===
18:37:17     вердикт: RED
18:37:17 === #4484: 7246 ===
18:37:21     вердикт: RED
18:37:21 === #4485: 2753 ===
18:37:26     вердикт: RED
18:37:26 === #4486: 7247 ===
18:37:30     вердикт: RED
18:37:30 === #4487: 2752 ===
18:37:34     вердикт: RED
18:37:35 === #4488: 7248 ===
18:37:39     вердикт: RED
18:37:39 === #4489: 2751 ===
18:37:43     вердикт: RED
18:37:43 === #4490: 7249 ===
18:37:47     вердикт: RED
18:37:47 === #4491: 2750 ===
18:37:52     вердикт: RED
18:37:52 === #4492: 7250 ===
18:37:56     вердикт: RED
18:37:56 === #4493: 2749 ===
18:38:00     вердикт: RED
18:38:00 === #4494: 7251 ===
18:38:04     вердикт: RED
18:38:04 === #4495: 2748 ===
18:38:08     вердикт: RED
18:38:09 === #4496: 7252 ===
18:38:13     вердикт: RED
18:38:13 === #4497: 2747 ===
18:38:17     вердикт: RED
18:38:17 === #4498: 7253 ===
18:38:22     вердикт: RED
18:38:22 === #4499: 2746 ===
18:38:26     вердикт: RED
18:38:26 === #4500: 7254 ===
18:38:31     вердикт: RED
18:38:31 === #4501: 2745 ===
18:38:36     вердикт: RED
18:38:36 === #4502: 7255 ===
18:38:40     вердикт: RED
18:38:41 === #4503: 2744 ===
18:38:45     вердикт: RED
18:38:45 === #4504: 7256 ===
18:38:50     вердикт: RED
18:38:50 === #4505: 2743 ===
18:38:54     вердикт: RED
18:38:54 === #4506: 7257 ===
18:38:59     вердикт: RED
18:38:59 === #4507: 2742 ===
18:39:03     вердикт: RED
18:39:03 === #4508: 7258 ===
18:39:07     вердикт: RED
18:39:07 === #4509: 2741 ===
18:39:11     вердикт: RED
18:39:12 === #4510: 7259 ===
18:39:16     вердикт: RED
18:39:16 === #4511: 2740 ===
18:39:20     вердикт: RED
18:39:20 === #4512: 7260 ===
18:39:24     вердикт: RED
18:39:24 === #4513: 2739 ===
18:39:28     вердикт: RED
18:39:28 === #4514: 7261 ===
18:39:32     вердикт: RED
18:39:32 === #4515: 2738 ===
18:39:36     вердикт: RED
18:39:37 === #4516: 7262 ===
18:39:41     вердикт: RED
18:39:41 === #4517: 2737 ===
18:39:45     вердикт: RED
18:39:45 === #4518: 7263 ===
18:39:49     вердикт: RED
18:39:50 === #4519: 2736 ===
18:39:54     вердикт: RED
18:39:54 === #4520: 7264 ===
18:39:58     вердикт: RED
18:39:58 === #4521: 2735 ===
18:40:03     вердикт: RED
18:40:03 === #4522: 7265 ===
18:40:08     вердикт: RED
18:40:08 === #4523: 2734 ===
18:40:12     вердикт: RED
18:40:12 === #4524: 7266 ===
18:40:17     вердикт: RED
18:40:17 === #4525: 2733 ===
18:40:21     вердикт: RED
18:40:21 === #4526: 7267 ===
18:40:25     вердикт: RED
18:40:25 === #4527: 2732 ===
18:40:29     вердикт: RED
18:40:30 === #4528: 7268 ===
18:40:34     вердикт: RED
18:40:34 === #4529: 2731 ===
18:40:38     вердикт: RED
18:40:38 === #4530: 7269 ===
18:40:42     вердикт: RED
18:40:42 === #4531: 2730 ===
18:40:46     вердикт: RED
18:40:46 === #4532: 7270 ===
18:40:50     вердикт: RED
18:40:50 === #4533: 2729 ===
18:40:54     вердикт: RED
18:40:54 === #4534: 7271 ===
18:40:58     вердикт: RED
18:40:58 === #4535: 2728 ===
18:41:02     вердикт: RED
18:41:02 === #4536: 7272 ===
18:41:06     вердикт: RED
18:41:06 === #4537: 2727 ===
18:41:10     вердикт: RED
18:41:11 === #4538: 7273 ===
18:41:15     вердикт: RED
18:41:15 === #4539: 2726 ===
18:41:19     вердикт: RED
18:41:19 === #4540: 7274 ===
18:41:23     вердикт: RED
18:41:24 === #4541: 2725 ===
18:41:28     вердикт: RED
18:41:28 === #4542: 7275 ===
18:41:32     вердикт: RED
18:41:33 === #4543: 2724 ===
18:41:37     вердикт: RED
18:41:37 === #4544: 7276 ===
18:41:41     вердикт: RED
18:41:41 === #4545: 2723 ===
18:41:45     вердикт: RED
18:41:46 === #4546: 7277 ===
18:41:50     вердикт: RED
18:41:50 === #4547: 2722 ===
18:41:54     вердикт: RED
18:41:54 === #4548: 7278 ===
18:41:58     вердикт: RED
18:41:58 === #4549: 2721 ===
18:42:02     вердикт: RED
18:42:02 === #4550: 7279 ===
18:42:06     вердикт: RED
18:42:06 === #4551: 2720 ===
18:42:10     вердикт: RED
18:42:10 === #4552: 7280 ===
18:42:14     вердикт: RED
18:42:14 === #4553: 2719 ===
18:42:17     вердикт: RED
18:42:18 === #4554: 7281 ===
18:42:21     вердикт: RED
18:42:21 === #4555: 2718 ===
18:42:25     вердикт: RED
18:42:25 === #4556: 7282 ===
18:42:29     вердикт: RED
18:42:29 === #4557: 2717 ===
18:42:33     вердикт: RED
18:42:34 === #4558: 7283 ===
18:42:38     вердикт: RED
18:42:38 === #4559: 2716 ===
18:42:42     вердикт: RED
18:42:42 === #4560: 7284 ===
18:42:46     вердикт: RED
18:42:46 === #4561: 2715 ===
18:42:50     вердикт: RED
18:42:51 === #4562: 7285 ===
18:42:55     вердикт: RED
18:42:55 === #4563: 2714 ===
18:42:59     вердикт: RED
18:42:59 === #4564: 7286 ===
18:43:03     вердикт: RED
18:43:03 === #4565: 2713 ===
18:43:07     вердикт: RED
18:43:07 === #4566: 7287 ===
18:43:11     вердикт: RED
18:43:11 === #4567: 2712 ===
18:43:15     вердикт: RED
18:43:15 === #4568: 7288 ===
18:43:19     вердикт: RED
18:43:19 === #4569: 2711 ===
18:43:23     вердикт: RED
18:43:23 === #4570: 7289 ===
18:43:27     вердикт: RED
18:43:27 === #4571: 2710 ===
18:43:31     вердикт: RED
18:43:31 === #4572: 7290 ===
18:43:34     вердикт: RED
18:43:34 === #4573: 2709 ===
18:43:38     вердикт: RED
18:43:38 === #4574: 7291 ===
18:43:42     вердикт: RED
18:43:42 === #4575: 2708 ===
18:43:46     вердикт: RED
18:43:46 === #4576: 7292 ===
18:43:50     вердикт: RED
18:43:50 === #4577: 2707 ===
18:43:54     вердикт: RED
18:43:54 === #4578: 7293 ===
18:43:58     вердикт: RED
18:43:58 === #4579: 2706 ===
18:44:02     вердикт: RED
18:44:02 === #4580: 7294 ===
18:44:06     вердикт: RED
18:44:06 === #4581: 2705 ===
18:44:10     вердикт: RED
18:44:10 === #4582: 7295 ===
18:44:14     вердикт: RED
18:44:14 === #4583: 2704 ===
18:44:18     вердикт: RED
18:44:19 === #4584: 7296 ===
18:44:23     вердикт: RED
18:44:23 === #4585: 2703 ===
18:44:26     вердикт: RED
18:44:27 === #4586: 7297 ===
18:44:30     вердикт: RED
18:44:31 === #4587: 2702 ===
18:44:34     вердикт: RED
18:44:34 === #4588: 7298 ===
18:44:38     вердикт: RED
18:44:38 === #4589: 2701 ===
18:44:42     вердикт: RED
18:44:42 === #4590: 7299 ===
18:44:46     вердикт: RED
18:44:46 === #4591: 2700 ===
18:44:49     вердикт: RED
18:44:50 === #4592: 7300 ===
18:44:53     вердикт: RED
18:44:53 === #4593: 2699 ===
18:44:57     вердикт: RED
18:44:57 === #4594: 7301 ===
18:45:01     вердикт: RED
18:45:01 === #4595: 2698 ===
18:45:05     вердикт: RED
18:45:05 === #4596: 7302 ===
18:45:09     вердикт: RED
18:45:09 === #4597: 2697 ===
18:45:13     вердикт: RED
18:45:13 === #4598: 7303 ===
18:45:17     вердикт: RED
18:45:17 === #4599: 2696 ===
18:45:22     вердикт: RED
18:45:22 === #4600: 7304 ===
18:45:26     вердикт: RED
18:45:26 === #4601: 2695 ===
18:45:30     вердикт: RED
18:45:30 === #4602: 7305 ===
18:45:34     вердикт: RED
18:45:35 === #4603: 2694 ===
18:45:39     вердикт: RED
18:45:39 === #4604: 7306 ===
18:45:43     вердикт: RED
18:45:43 === #4605: 2693 ===
18:45:47     вердикт: RED
18:45:47 === #4606: 7307 ===
18:45:51     вердикт: RED
18:45:51 === #4607: 2692 ===
18:45:55     вердикт: RED
18:45:55 === #4608: 7308 ===
18:45:59     вердикт: RED
18:45:59 === #4609: 2691 ===
18:46:03     вердикт: RED
18:46:03 === #4610: 7309 ===
18:46:07     вердикт: RED
18:46:07 === #4611: 2690 ===
18:46:11     вердикт: RED
18:46:11 === #4612: 7310 ===
18:46:15     вердикт: RED
18:46:15 === #4613: 2689 ===
18:46:19     вердикт: RED
18:46:19 === #4614: 7311 ===
18:46:23     вердикт: RED
18:46:23 === #4615: 2688 ===
18:46:27     вердикт: RED
18:46:27 === #4616: 7312 ===
18:46:31     вердикт: RED
18:46:31 === #4617: 2687 ===
18:46:35     вердикт: RED
18:46:35 === #4618: 7313 ===
18:46:39     вердикт: RED
18:46:39 === #4619: 2686 ===
18:46:44     вердикт: RED
18:46:44 === #4620: 7314 ===
18:46:48     вердикт: RED
18:46:48 === #4621: 2685 ===
18:46:53     вердикт: RED
18:46:53 === #4622: 7315 ===
18:46:57     вердикт: RED
18:46:57 === #4623: 2684 ===
18:47:02     вердикт: RED
18:47:02 === #4624: 7316 ===
18:47:06     вердикт: RED
18:47:06 === #4625: 2683 ===
18:47:10     вердикт: RED
18:47:11 === #4626: 7317 ===
18:47:15     вердикт: RED
18:47:15 === #4627: 2682 ===
18:47:19     вердикт: RED
18:47:19 === #4628: 7318 ===
18:47:23     вердикт: RED
18:47:23 === #4629: 2681 ===
18:47:27     вердикт: RED
18:47:27 === #4630: 7319 ===
18:47:31     вердикт: RED
18:47:31 === #4631: 2680 ===
18:47:35     вердикт: RED
18:47:35 === #4632: 7320 ===
18:47:39     вердикт: RED
18:47:39 === #4633: 2679 ===
18:47:43     вердикт: RED
18:47:43 === #4634: 7321 ===
18:47:47     вердикт: RED
18:47:47 === #4635: 2678 ===
18:47:51     вердикт: RED
18:47:51 === #4636: 7322 ===
18:47:55     вердикт: RED
18:47:55 === #4637: 2677 ===
18:48:00     вердикт: RED
18:48:00 === #4638: 7323 ===
18:48:04     вердикт: RED
18:48:04 === #4639: 2676 ===
18:48:09     вердикт: RED
18:48:09 === #4640: 7324 ===
18:48:13     вердикт: RED
18:48:13 === #4641: 2675 ===
18:48:18     вердикт: RED
18:48:18 === #4642: 7325 ===
18:48:22     вердикт: RED
18:48:22 === #4643: 2674 ===
18:48:27     вердикт: RED
18:48:27 === #4644: 7326 ===
18:48:31     вердикт: RED
18:48:31 === #4645: 2673 ===
18:48:36     вердикт: RED
18:48:36 === #4646: 7327 ===
18:48:40     вердикт: RED
18:48:40 === #4647: 2672 ===
18:48:44     вердикт: RED
18:48:44 === #4648: 7328 ===
18:48:48     вердикт: RED
18:48:49 === #4649: 2671 ===
18:48:53     вердикт: RED
18:48:53 === #4650: 7329 ===
18:48:56     вердикт: RED
18:48:57 === #4651: 2670 ===
18:49:01     вердикт: RED
18:49:01 === #4652: 7330 ===
18:49:05     вердикт: RED
18:49:05 === #4653: 2669 ===
18:49:09     вердикт: RED
18:49:09 === #4654: 7331 ===
18:49:13     вердикт: RED
18:49:13 === #4655: 2668 ===
18:49:18     вердикт: RED
18:49:18 === #4656: 7332 ===
18:49:22     вердикт: RED
18:49:22 === #4657: 2667 ===
18:49:27     вердикт: RED
18:49:27 === #4658: 7333 ===
18:49:31     вердикт: RED
18:49:31 === #4659: 2666 ===
18:49:36     вердикт: RED
18:49:36 === #4660: 7334 ===
18:49:40     вердикт: RED
18:49:40 === #4661: 2665 ===
18:49:45     вердикт: RED
18:49:45 === #4662: 7335 ===
18:49:50     вердикт: RED
18:49:50 === #4663: 2664 ===
18:49:54     вердикт: RED
18:49:54 === #4664: 7336 ===
18:49:59     вердикт: RED
18:49:59 === #4665: 2663 ===
18:50:03     вердикт: RED
18:50:04 === #4666: 7337 ===
18:50:08     вердикт: RED
18:50:08 === #4667: 2662 ===
18:50:12     вердикт: RED
18:50:12 === #4668: 7338 ===
18:50:16     вердикт: RED
18:50:17 === #4669: 2661 ===
18:50:21     вердикт: RED
18:50:21 === #4670: 7339 ===
18:50:25     вердикт: RED
18:50:25 === #4671: 2660 ===
18:50:29     вердикт: RED
18:50:29 === #4672: 7340 ===
18:50:33     вердикт: RED
18:50:33 === #4673: 2659 ===
18:50:38     вердикт: RED
18:50:38 === #4674: 7341 ===
18:50:42     вердикт: RED
18:50:42 === #4675: 2658 ===
18:50:47     вердикт: RED
18:50:47 === #4676: 7342 ===
18:50:51     вердикт: RED
18:50:51 === #4677: 2657 ===
18:50:56     вердикт: RED
18:50:56 === #4678: 7343 ===
18:51:00     вердикт: RED
18:51:00 === #4679: 2656 ===
18:51:05     вердикт: RED
18:51:05 === #4680: 7344 ===
18:51:10     вердикт: RED
18:51:10 === #4681: 2655 ===
18:51:15     вердикт: RED
18:51:15 === #4682: 7345 ===
18:51:19     вердикт: RED
18:51:20 === #4683: 2654 ===
18:51:24     вердикт: RED
18:51:24 === #4684: 7346 ===
18:51:29     вердикт: RED
18:51:29 === #4685: 2653 ===
18:51:34     вердикт: RED
18:51:34 === #4686: 7347 ===
18:51:38     вердикт: RED
18:51:38 === #4687: 2652 ===
18:51:43     вердикт: RED
18:51:43 === #4688: 7348 ===
18:51:47     вердикт: RED
18:51:47 === #4689: 2651 ===
18:51:52     вердикт: RED
18:51:52 === #4690: 7349 ===
18:51:56     вердикт: RED
18:51:56 === #4691: 2650 ===
18:52:00     вердикт: RED
18:52:00 === #4692: 7350 ===
18:52:04     вердикт: RED
18:52:05 === #4693: 2649 ===
18:52:09     вердикт: RED
18:52:09 === #4694: 7351 ===
18:52:13     вердикт: RED
18:52:13 === #4695: 2648 ===
18:52:18     вердикт: RED
18:52:18 === #4696: 7352 ===
18:52:22     вердикт: RED
18:52:22 === #4697: 2647 ===
18:52:27     вердикт: RED
18:52:27 === #4698: 7353 ===
18:52:32     вердикт: RED
18:52:32 === #4699: 2646 ===
18:52:36     вердикт: RED
18:52:37 === #4700: 7354 ===
18:52:41     вердикт: RED
18:52:41 === #4701: 2645 ===
18:52:46     вердикт: RED
18:52:46 === #4702: 7355 ===
18:52:51     вердикт: RED
18:52:51 === #4703: 2644 ===
18:52:56     вердикт: RED
18:52:56 === #4704: 7356 ===
18:53:00     вердикт: RED
18:53:01 === #4705: 2643 ===
18:53:05     вердикт: RED
18:53:05 === #4706: 7357 ===
18:53:10     вердикт: RED
18:53:10 === #4707: 2642 ===
18:53:14     вердикт: RED
18:53:14 === #4708: 7358 ===
18:53:19     вердикт: RED
18:53:19 === #4709: 2641 ===
18:53:23     вердикт: RED
18:53:23 === #4710: 7359 ===
18:53:27     вердикт: RED
18:53:27 === #4711: 2640 ===
18:53:32     вердикт: RED
18:53:32 === #4712: 7360 ===
18:53:36     вердикт: RED
18:53:36 === #4713: 2639 ===
18:53:40     вердикт: RED
18:53:40 === #4714: 7361 ===
18:53:44     вердикт: RED
18:53:44 === #4715: 2638 ===
18:53:49     вердикт: RED
18:53:49 === #4716: 7362 ===
18:53:53     вердикт: RED
18:53:53 === #4717: 2637 ===
18:53:57     вердикт: RED
18:53:58 === #4718: 7363 ===
18:54:02     вердикт: RED
18:54:02 === #4719: 2636 ===
18:54:07     вердикт: RED
18:54:07 === #4720: 7364 ===
18:54:11     вердикт: RED
18:54:11 === #4721: 2635 ===
18:54:16     вердикт: RED
18:54:16 === #4722: 7365 ===
18:54:21     вердикт: RED
18:54:21 === #4723: 2634 ===
18:54:25     вердикт: RED
18:54:25 === #4724: 7366 ===
18:54:30     вердикт: RED
18:54:30 === #4725: 2633 ===
18:54:34     вердикт: RED
18:54:34 === #4726: 7367 ===
18:54:39     вердикт: RED
18:54:39 === #4727: 2632 ===
18:54:43     вердикт: RED
18:54:43 === #4728: 7368 ===
18:54:48     вердикт: RED
18:54:48 === #4729: 2631 ===
18:54:52     вердикт: RED
18:54:52 === #4730: 7369 ===
18:54:56     вердикт: RED
18:54:56 === #4731: 2630 ===
18:55:00     вердикт: RED
18:55:00 === #4732: 7370 ===
18:55:04     вердикт: RED
18:55:04 === #4733: 2629 ===
18:55:08     вердикт: RED
18:55:08 === #4734: 7371 ===
18:55:12     вердикт: RED
18:55:13 === #4735: 2628 ===
18:55:17     вердикт: RED
18:55:17 === #4736: 7372 ===
18:55:21     вердикт: RED
18:55:21 === #4737: 2627 ===
18:55:25     вердикт: RED
18:55:25 === #4738: 7373 ===
18:55:29     вердикт: RED
18:55:30 === #4739: 2626 ===
18:55:34     вердикт: RED
18:55:34 === #4740: 7374 ===
18:55:38     вердикт: RED
18:55:39 === #4741: 2625 ===
18:55:43     вердикт: RED
18:55:43 === #4742: 7375 ===
18:55:48     вердикт: RED
18:55:48 === #4743: 2624 ===
18:55:52     вердикт: RED
18:55:52 === #4744: 7376 ===
18:55:57     вердикт: RED
18:55:57 === #4745: 2623 ===
18:56:01     вердикт: RED
18:56:01 === #4746: 7377 ===
18:56:05     вердикт: RED
18:56:05 === #4747: 2622 ===
18:56:09     вердикт: RED
18:56:10 === #4748: 7378 ===
18:56:14     вердикт: RED
18:56:14 === #4749: 2621 ===
18:56:18     вердикт: RED
18:56:18 === #4750: 7379 ===
18:56:22     вердикт: RED
18:56:22 === #4751: 2620 ===
18:56:26     вердикт: RED
18:56:26 === #4752: 7380 ===
18:56:30     вердикт: RED
18:56:30 === #4753: 2619 ===
18:56:34     вердикт: RED
18:56:34 === #4754: 7381 ===
18:56:38     вердикт: RED
18:56:38 === #4755: 2618 ===
18:56:42     вердикт: RED
18:56:42 === #4756: 7382 ===
18:56:46     вердикт: RED
18:56:46 === #4757: 2617 ===
18:56:50     вердикт: RED
18:56:50 === #4758: 7383 ===
18:56:54     вердикт: RED
18:56:54 === #4759: 2616 ===
18:56:58     вердикт: RED
18:56:59 === #4760: 7384 ===
18:57:03     вердикт: RED
18:57:03 === #4761: 2615 ===
18:57:07     вердикт: RED
18:57:07 === #4762: 7385 ===
18:57:12     вердикт: RED
18:57:12 === #4763: 2614 ===
18:57:16     вердикт: RED
18:57:16 === #4764: 7386 ===
18:57:20     вердикт: RED
18:57:21 === #4765: 2613 ===
18:57:25     вердикт: RED
18:57:25 === #4766: 7387 ===
18:57:29     вердикт: RED
18:57:29 === #4767: 2612 ===
18:57:33     вердикт: RED
18:57:33 === #4768: 7388 ===
18:57:37     вердикт: RED
18:57:37 === #4769: 2611 ===
18:57:41     вердикт: RED
18:57:41 === #4770: 7389 ===
18:57:45     вердикт: RED
18:57:45 === #4771: 2610 ===
18:57:49     вердикт: RED
18:57:49 === #4772: 7390 ===
18:57:53     вердикт: RED
18:57:53 === #4773: 2609 ===
18:57:57     вердикт: RED
18:57:57 === #4774: 7391 ===
18:58:00     вердикт: RED
18:58:01 === #4775: 2608 ===
18:58:04     вердикт: RED
18:58:05 === #4776: 7392 ===
18:58:08     вердикт: RED
18:58:09 === #4777: 2607 ===
18:58:13     вердикт: RED
18:58:13 === #4778: 7393 ===
18:58:17     вердикт: RED
18:58:17 === #4779: 2606 ===
18:58:21     вердикт: RED
18:58:21 === #4780: 7394 ===
18:58:25     вердикт: RED
18:58:25 === #4781: 2605 ===
18:58:29     вердикт: RED
18:58:29 === #4782: 7395 ===
18:58:34     вердикт: RED
18:58:34 === #4783: 2604 ===
18:58:38     вердикт: RED
18:58:38 === #4784: 7396 ===
18:58:42     вердикт: RED
18:58:42 === #4785: 2603 ===
18:58:46     вердикт: RED
18:58:46 === #4786: 7397 ===
18:58:50     вердикт: RED
18:58:51 === #4787: 2602 ===
18:58:54     вердикт: RED
18:58:55 === #4788: 7398 ===
18:58:58     вердикт: RED
18:58:59 === #4789: 2601 ===
18:59:02     вердикт: RED
18:59:02 === #4790: 7399 ===
18:59:06     вердикт: RED
18:59:06 === #4791: 2600 ===
18:59:10     вердикт: RED
18:59:10 === #4792: 7400 ===
18:59:14     вердикт: RED
18:59:14 === #4793: 2599 ===
18:59:18     вердикт: RED
18:59:18 === #4794: 7401 ===
18:59:22     вердикт: RED
18:59:22 === #4795: 2598 ===
18:59:26     вердикт: RED
18:59:26 === #4796: 7402 ===
18:59:30     вердикт: RED
18:59:30 === #4797: 2597 ===
18:59:34     вердикт: RED
18:59:34 === #4798: 7403 ===
18:59:38     вердикт: RED
18:59:39 === #4799: 2596 ===
18:59:43     вердикт: RED
18:59:43 === #4800: 7404 ===
18:59:47     вердикт: RED
18:59:47 === #4801: 2595 ===
18:59:52     вердикт: RED
18:59:52 === #4802: 7405 ===
18:59:56     вердикт: RED
18:59:56 === #4803: 2594 ===
19:00:01     вердикт: RED
19:00:01 === #4804: 7406 ===
19:00:05     вердикт: RED
19:00:05 === #4805: 2593 ===
19:00:09     вердикт: RED
19:00:09 === #4806: 7407 ===
19:00:13     вердикт: RED
19:00:14 === #4807: 2592 ===
19:00:18     вердикт: RED
19:00:18 === #4808: 7408 ===
19:00:22     вердикт: RED
19:00:22 === #4809: 2591 ===
19:00:26     вердикт: RED
19:00:26 === #4810: 7409 ===
19:00:30     вердикт: RED
19:00:30 === #4811: 2590 ===
19:00:33     вердикт: RED
19:00:34 === #4812: 7410 ===
19:00:37     вердикт: RED
19:00:38 === #4813: 2589 ===
19:00:42     вердикт: RED
19:00:42 === #4814: 7411 ===
19:00:46     вердикт: RED
19:00:46 === #4815: 2588 ===
19:00:50     вердикт: RED
19:00:50 === #4816: 7412 ===
19:00:54     вердикт: RED
19:00:54 === #4817: 2587 ===
19:00:58     вердикт: RED
19:00:59 === #4818: 7413 ===
19:01:03     вердикт: RED
19:01:03 === #4819: 2586 ===
19:01:07     вердикт: RED
19:01:07 === #4820: 7414 ===
19:01:12     вердикт: RED
19:01:12 === #4821: 2585 ===
19:01:16     вердикт: RED
19:01:16 === #4822: 7415 ===
19:01:21     вердикт: RED
19:01:21 === #4823: 2584 ===
19:01:25     вердикт: RED
19:01:26 === #4824: 7416 ===
19:01:30     вердикт: RED
19:01:30 === #4825: 2583 ===
19:01:34     вердикт: RED
19:01:34 === #4826: 7417 ===
19:01:39     вердикт: RED
19:01:39 === #4827: 2582 ===
19:01:43     вердикт: RED
19:01:43 === #4828: 7418 ===
19:01:47     вердикт: RED
19:01:47 === #4829: 2581 ===
19:01:51     вердикт: RED
19:01:51 === #4830: 7419 ===
19:01:55     вердикт: RED
19:01:55 === #4831: 2580 ===
19:01:59     вердикт: RED
19:01:59 === #4832: 7420 ===
19:02:03     вердикт: RED
19:02:04 === #4833: 2579 ===
19:02:08     вердикт: RED
19:02:08 === #4834: 7421 ===
19:02:12     вердикт: RED
19:02:12 === #4835: 2578 ===
19:02:16     вердикт: RED
19:02:16 === #4836: 7422 ===
19:02:21     вердикт: RED
19:02:21 === #4837: 2577 ===
19:02:25     вердикт: RED
19:02:25 === #4838: 7423 ===
19:02:30     вердикт: RED
19:02:30 === #4839: 2576 ===
19:02:34     вердикт: RED
19:02:34 === #4840: 7424 ===
19:02:39     вердикт: RED
19:02:39 === #4841: 2575 ===
19:02:44     вердикт: RED
19:02:44 === #4842: 7425 ===
19:02:48     вердикт: RED
19:02:48 === #4843: 2574 ===
19:02:53     вердикт: RED
19:02:53 === #4844: 7426 ===
19:02:57     вердикт: RED
19:02:58 === #4845: 2573 ===
19:03:02     вердикт: RED
19:03:02 === #4846: 7427 ===
19:03:06     вердикт: RED
19:03:07 === #4847: 2572 ===
19:03:11     вердикт: RED
19:03:11 === #4848: 7428 ===
19:03:15     вердикт: RED
19:03:15 === #4849: 2571 ===
19:03:19     вердикт: RED
19:03:20 === #4850: 7429 ===
19:03:24     вердикт: RED
19:03:24 === #4851: 2570 ===
19:03:28     вердикт: RED
19:03:28 === #4852: 7430 ===
19:03:32     вердикт: RED
19:03:32 === #4853: 2569 ===
19:03:36     вердикт: RED
19:03:36 === #4854: 7431 ===
19:03:41     вердикт: RED
19:03:41 === #4855: 2568 ===
19:03:45     вердикт: RED
19:03:45 === #4856: 7432 ===
19:03:50     вердикт: RED
19:03:50 === #4857: 2567 ===
19:03:54     вердикт: RED
19:03:54 === #4858: 7433 ===
19:03:59     вердикт: RED
19:03:59 === #4859: 2566 ===
19:04:04     вердикт: RED
19:04:04 === #4860: 7434 ===
19:04:08     вердикт: RED
19:04:08 === #4861: 2565 ===
19:04:13     вердикт: RED
19:04:13 === #4862: 7435 ===
19:04:18     вердикт: RED
19:04:18 === #4863: 2564 ===
19:04:23     вердикт: RED
19:04:23 === #4864: 7436 ===
19:04:27     вердикт: RED
19:04:27 === #4865: 2563 ===
19:04:32     вердикт: RED
19:04:32 === #4866: 7437 ===
19:04:36     вердикт: RED
19:04:37 === #4867: 2562 ===
19:04:41     вердикт: RED
19:04:41 === #4868: 7438 ===
19:04:45     вердикт: RED
19:04:46 === #4869: 2561 ===
19:04:50     вердикт: RED
19:04:50 === #4870: 7439 ===
19:04:54     вердикт: RED
19:04:54 === #4871: 2560 ===
19:04:58     вердикт: RED
19:04:59 === #4872: 7440 ===
19:05:03     вердикт: RED
19:05:03 === #4873: 2559 ===
19:05:07     вердикт: RED
19:05:07 === #4874: 7441 ===
19:05:12     вердикт: RED
19:05:12 === #4875: 2558 ===
19:05:16     вердикт: RED
19:05:16 === #4876: 7442 ===
19:05:21     вердикт: RED
19:05:21 === #4877: 2557 ===
19:05:26     вердикт: RED
19:05:26 === #4878: 7443 ===
19:05:30     вердикт: RED
19:05:30 === #4879: 2556 ===
19:05:35     вердикт: RED
19:05:35 === #4880: 7444 ===
19:05:40     вердикт: RED
19:05:40 === #4881: 2555 ===
19:05:45     вердикт: RED
19:05:45 === #4882: 7445 ===
19:05:50     вердикт: RED
19:05:50 === #4883: 2554 ===
19:05:55     вердикт: RED
19:05:55 === #4884: 7446 ===
19:05:59     вердикт: RED
19:06:00 === #4885: 2553 ===
19:06:04     вердикт: RED
19:06:04 === #4886: 7447 ===
19:06:09     вердикт: RED
19:06:09 === #4887: 2552 ===
19:06:14     вердикт: RED
19:06:14 === #4888: 7448 ===
19:06:18     вердикт: RED
19:06:18 === #4889: 2551 ===
19:06:23     вердикт: RED
19:06:23 === #4890: 7449 ===
19:06:27     вердикт: RED
19:06:27 === #4891: 2550 ===
19:06:32     вердикт: RED
19:06:32 === #4892: 7450 ===
19:06:36     вердикт: RED
19:06:36 === #4893: 2549 ===
19:06:40     вердикт: RED
19:06:41 === #4894: 7451 ===
19:06:45     вердикт: RED
19:06:45 === #4895: 2548 ===
19:06:49     вердикт: RED
19:06:50 === #4896: 7452 ===
19:06:54     вердикт: RED
19:06:54 === #4897: 2547 ===
19:06:59     вердикт: RED
19:06:59 === #4898: 7453 ===
19:07:03     вердикт: RED
19:07:04 === #4899: 2546 ===
19:07:08     вердикт: RED
19:07:08 === #4900: 7454 ===
19:07:13     вердикт: RED
19:07:13 === #4901: 2545 ===
19:07:18     вердикт: RED
19:07:18 === #4902: 7455 ===
19:07:23     вердикт: RED
19:07:23 === #4903: 2544 ===
19:07:28     вердикт: RED
19:07:28 === #4904: 7456 ===
19:07:33     вердикт: RED
19:07:33 === #4905: 2543 ===
19:07:38     вердикт: RED
19:07:38 === #4906: 7457 ===
19:07:42     вердикт: RED
19:07:42 === #4907: 2542 ===
19:07:47     вердикт: RED
19:07:47 === #4908: 7458 ===
19:07:52     вердикт: RED
19:07:52 === #4909: 2541 ===
19:07:56     вердикт: RED
19:07:56 === #4910: 7459 ===
19:08:01     вердикт: RED
19:08:01 === #4911: 2540 ===
19:08:05     вердикт: RED
19:08:05 === #4912: 7460 ===
19:08:09     вердикт: RED
19:08:09 === #4913: 2539 ===
19:08:14     вердикт: RED
19:08:14 === #4914: 7461 ===
19:08:18     вердикт: RED
19:08:18 === #4915: 2538 ===
19:08:22     вердикт: RED
19:08:22 === #4916: 7462 ===
19:08:27     вердикт: RED
19:08:27 === #4917: 2537 ===
19:08:31     вердикт: RED
19:08:31 === #4918: 7463 ===
19:08:36     вердикт: RED
19:08:36 === #4919: 2536 ===
19:08:41     вердикт: RED
19:08:41 === #4920: 7464 ===
19:08:45     вердикт: RED
19:08:46 === #4921: 2535 ===
19:08:50     вердикт: RED
19:08:51 === #4922: 7465 ===
19:08:55     вердикт: RED
19:08:55 === #4923: 2534 ===
19:09:00     вердикт: RED
19:09:00 === #4924: 7466 ===
19:09:05     вердикт: RED
19:09:05 === #4925: 2533 ===
19:09:09     вердикт: RED
19:09:09 === #4926: 7467 ===
19:09:14     вердикт: RED
19:09:14 === #4927: 2532 ===
19:09:18     вердикт: RED
19:09:19 === #4928: 7468 ===
19:09:23     вердикт: RED
19:09:23 === #4929: 2531 ===
19:09:27     вердикт: RED
19:09:27 === #4930: 7469 ===
19:09:32     вердикт: RED
19:09:32 === #4931: 2530 ===
19:09:36     вердикт: RED
19:09:36 === #4932: 7470 ===
19:09:40     вердикт: RED
19:09:40 === #4933: 2529 ===
19:09:44     вердикт: RED
19:09:44 === #4934: 7471 ===
19:09:49     вердикт: RED
19:09:49 === #4935: 2528 ===
19:09:53     вердикт: RED
19:09:53 === #4936: 7472 ===
19:09:57     вердикт: RED
19:09:58 === #4937: 2527 ===
19:10:02     вердикт: RED
19:10:02 === #4938: 7473 ===
19:10:06     вердикт: RED
19:10:06 === #4939: 2526 ===
19:10:11     вердикт: RED
19:10:11 === #4940: 7474 ===
19:10:16     вердикт: RED
19:10:16 === #4941: 2525 ===
19:10:20     вердикт: RED
19:10:20 === #4942: 7475 ===
19:10:25     вердикт: RED
19:10:25 === #4943: 2524 ===
19:10:30     вердикт: RED
19:10:30 === #4944: 7476 ===
19:10:34     вердикт: RED
19:10:34 === #4945: 2523 ===
19:10:39     вердикт: RED
19:10:39 === #4946: 7477 ===
19:10:43     вердикт: RED
19:10:43 === #4947: 2522 ===
19:10:48     вердикт: RED
19:10:48 === #4948: 7478 ===
19:10:52     вердикт: RED
19:10:52 === #4949: 2521 ===
19:10:56     вердикт: RED
19:10:56 === #4950: 7479 ===
19:11:00     вердикт: RED
19:11:01 === #4951: 2520 ===
19:11:05     вердикт: RED
19:11:05 === #4952: 7480 ===
19:11:09     вердикт: RED
19:11:09 === #4953: 2519 ===
19:11:13     вердикт: RED
19:11:13 === #4954: 7481 ===
19:11:17     вердикт: RED
19:11:17 === #4955: 2518 ===
19:11:21     вердикт: RED
19:11:21 === #4956: 7482 ===
19:11:25     вердикт: RED
19:11:25 === #4957: 2517 ===
19:11:29     вердикт: RED
19:11:30 === #4958: 7483 ===
19:11:34     вердикт: RED
19:11:34 === #4959: 2516 ===
19:11:38     вердикт: RED
19:11:38 === #4960: 7484 ===
19:11:43     вердикт: RED
19:11:43 === #4961: 2515 ===
19:11:47     вердикт: RED
19:11:48 === #4962: 7485 ===
19:11:52     вердикт: RED
19:11:52 === #4963: 2514 ===
19:11:56     вердикт: RED
19:11:57 === #4964: 7486 ===
19:12:01     вердикт: RED
19:12:01 === #4965: 2513 ===
19:12:05     вердикт: RED
19:12:06 === #4966: 7487 ===
19:12:10     вердикт: RED
19:12:10 === #4967: 2512 ===
19:12:14     вердикт: RED
19:12:14 === #4968: 7488 ===
19:12:18     вердикт: RED
19:12:19 === #4969: 2511 ===
19:12:23     вердикт: RED
19:12:23 === #4970: 7489 ===
19:12:27     вердикт: RED
19:12:27 === #4971: 2510 ===
19:12:31     вердикт: RED
19:12:31 === #4972: 7490 ===
19:12:34     вердикт: RED
19:12:35 === #4973: 2509 ===
19:12:38     вердикт: RED
19:12:39 === #4974: 7491 ===
19:12:43     вердикт: RED
19:12:43 === #4975: 2508 ===
19:12:47     вердикт: RED
19:12:47 === #4976: 7492 ===
19:12:51     вердикт: RED
19:12:51 === #4977: 2507 ===
19:12:55     вердикт: RED
19:12:55 === #4978: 7493 ===
19:12:59     вердикт: RED
19:13:00 === #4979: 2506 ===
19:13:04     вердикт: RED
19:13:04 === #4980: 7494 ===
19:13:08     вердикт: RED
19:13:08 === #4981: 2505 ===
19:13:13     вердикт: RED
19:13:13 === #4982: 7495 ===
19:13:17     вердикт: RED
19:13:17 === #4983: 2504 ===
19:13:21     вердикт: RED
19:13:22 === #4984: 7496 ===
19:13:26     вердикт: RED
19:13:26 === #4985: 2503 ===
19:13:30     вердикт: RED
19:13:30 === #4986: 7497 ===
19:13:34     вердикт: RED
19:13:34 === #4987: 2502 ===
19:13:38     вердикт: RED
19:13:39 === #4988: 7498 ===
19:13:43     вердикт: RED
19:13:43 === #4989: 2501 ===
19:13:46     вердикт: RED
19:13:47 === #4990: 7499 ===
19:13:51     вердикт: RED
19:13:51 === #4991: 2500 ===
19:13:54     вердикт: RED
19:13:54 === #4992: 7500 ===
19:13:58     вердикт: RED
19:13:58 === #4993: 2499 ===
19:14:02     вердикт: RED
19:14:02 === #4994: 7501 ===
19:14:06     вердикт: RED
19:14:06 === #4995: 2498 ===
19:14:10     вердикт: RED
19:14:11 === #4996: 7502 ===
19:14:15     вердикт: RED
19:14:15 === #4997: 2497 ===
19:14:19     вердикт: RED
19:14:19 === #4998: 7503 ===
19:14:23     вердикт: RED
19:14:23 === #4999: 2496 ===
19:14:27     вердикт: RED
19:14:28 === #5000: 7504 ===
19:14:32     вердикт: RED
19:14:32 === #5001: 2495 ===
19:14:36     вердикт: RED
19:14:36 === #5002: 7505 ===
19:14:41     вердикт: RED
19:14:41 === #5003: 2494 ===
19:14:45     вердикт: RED
19:14:45 === #5004: 7506 ===
19:14:50     вердикт: RED
19:14:50 === #5005: 2493 ===
19:14:54     вердикт: RED
19:14:54 === #5006: 7507 ===
19:14:58     вердикт: RED
19:14:58 === #5007: 2492 ===
19:15:02     вердикт: RED
19:15:02 === #5008: 7508 ===
19:15:06     вердикт: RED
19:15:06 === #5009: 2491 ===
19:15:10     вердикт: RED
19:15:10 === #5010: 7509 ===
19:15:14     вердикт: RED
19:15:14 === #5011: 2490 ===
19:15:18     вердикт: RED
19:15:18 === #5012: 7510 ===
19:15:22     вердикт: RED
19:15:22 === #5013: 2489 ===
19:15:26     вердикт: RED
19:15:26 === #5014: 7511 ===
19:15:30     вердикт: RED
19:15:30 === #5015: 2488 ===
19:15:34     вердикт: RED
19:15:35 === #5016: 7512 ===
19:15:39     вердикт: RED
19:15:39 === #5017: 2487 ===
19:15:43     вердикт: RED
19:15:43 === #5018: 7513 ===
19:15:47     вердикт: RED
19:15:48 === #5019: 2486 ===
19:15:52     вердикт: RED
19:15:52 === #5020: 7514 ===
19:15:56     вердикт: RED
19:15:57 === #5021: 2485 ===
19:16:01     вердикт: RED
19:16:01 === #5022: 7515 ===
19:16:06     вердикт: RED
19:16:06 === #5023: 2484 ===
19:16:10     вердикт: RED
19:16:10 === #5024: 7516 ===
19:16:15     вердикт: RED
19:16:15 === #5025: 2483 ===
19:16:19     вердикт: RED
19:16:19 === #5026: 7517 ===
19:16:24     вердикт: RED
19:16:24 === #5027: 2482 ===
19:16:28     вердикт: RED
19:16:28 === #5028: 7518 ===
19:16:32     вердикт: RED
19:16:32 === #5029: 2481 ===
19:16:36     вердикт: RED
19:16:36 === #5030: 7519 ===
19:16:40     вердикт: RED
19:16:40 === #5031: 2480 ===
19:16:44     вердикт: RED
19:16:44 === #5032: 7520 ===
19:16:48     вердикт: RED
19:16:48 === #5033: 2479 ===
19:16:53     вердикт: RED
19:16:53 === #5034: 7521 ===
19:16:57     вердикт: RED
19:16:57 === #5035: 2478 ===
19:17:01     вердикт: RED
19:17:01 === #5036: 7522 ===
19:17:05     вердикт: RED
19:17:06 === #5037: 2477 ===
19:17:10     вердикт: RED
19:17:10 === #5038: 7523 ===
19:17:14     вердикт: RED
19:17:15 === #5039: 2476 ===
19:17:19     вердикт: RED
19:17:19 === #5040: 7524 ===
19:17:24     вердикт: RED
19:17:24 === #5041: 2475 ===
19:17:28     вердикт: RED
19:17:29 === #5042: 7525 ===
19:17:33     вердикт: RED
19:17:33 === #5043: 2474 ===
19:17:38     вердикт: RED
19:17:38 === #5044: 7526 ===
19:17:42     вердикт: RED
19:17:42 === #5045: 2473 ===
19:17:47     вердикт: RED
19:17:47 === #5046: 7527 ===
19:17:51     вердикт: RED
19:17:51 === #5047: 2472 ===
19:17:56     вердикт: RED
19:17:56 === #5048: 7528 ===
19:18:00     вердикт: RED
19:18:00 === #5049: 2471 ===
19:18:04     вердикт: RED
19:18:04 === #5050: 7529 ===
19:18:08     вердикт: RED
19:18:09 === #5051: 2470 ===
19:18:13     вердикт: RED
19:18:13 === #5052: 7530 ===
19:18:17     вердикт: RED
19:18:17 === #5053: 2469 ===
19:18:21     вердикт: RED
19:18:21 === #5054: 7531 ===
19:18:26     вердикт: RED
19:18:26 === #5055: 2468 ===
19:18:30     вердикт: RED
19:18:30 === #5056: 7532 ===
19:18:34     вердикт: RED
19:18:35 === #5057: 2467 ===
19:18:39     вердикт: RED
19:18:39 === #5058: 7533 ===
19:18:44     вердикт: RED
19:18:44 === #5059: 2466 ===
19:18:48     вердикт: RED
19:18:49 === #5060: 7534 ===
19:18:53     вердикт: RED
19:18:53 === #5061: 2465 ===
19:18:58     вердикт: RED
19:18:58 === #5062: 7535 ===
19:19:03     вердикт: RED
19:19:03 === #5063: 2464 ===
19:19:07     вердикт: RED
19:19:08 === #5064: 7536 ===
19:19:12     вердикт: RED
19:19:12 === #5065: 2463 ===
19:19:17     вердикт: RED
19:19:17 === #5066: 7537 ===
19:19:22     вердикт: RED
19:19:22 === #5067: 2462 ===
19:19:26     вердикт: RED
19:19:26 === #5068: 7538 ===
19:19:30     вердикт: RED
19:19:31 === #5069: 2461 ===
19:19:35     вердикт: RED
19:19:35 === #5070: 7539 ===
19:19:39     вердикт: RED
19:19:39 === #5071: 2460 ===
19:19:43     вердикт: RED
19:19:44 === #5072: 7540 ===
19:19:48     вердикт: RED
19:19:48 === #5073: 2459 ===
19:19:52     вердикт: RED
19:19:52 === #5074: 7541 ===
19:19:57     вердикт: RED
19:19:57 === #5075: 2458 ===
19:20:01     вердикт: RED
19:20:01 === #5076: 7542 ===
19:20:06     вердикт: RED
19:20:06 === #5077: 2457 ===
19:20:11     вердикт: RED
19:20:11 === #5078: 7543 ===
19:20:15     вердикт: RED
19:20:15 === #5079: 2456 ===
19:20:20     вердикт: RED
19:20:20 === #5080: 7544 ===
19:20:25     вердикт: RED
19:20:25 === #5081: 2455 ===
19:20:30     вердикт: RED
19:20:30 === #5082: 7545 ===
19:20:35     вердикт: RED
19:20:35 === #5083: 2454 ===
19:20:40     вердикт: RED
19:20:40 === #5084: 7546 ===
19:20:44     вердикт: RED
19:20:45 === #5085: 2453 ===
19:20:49     вердикт: RED
19:20:49 === #5086: 7547 ===
19:20:54     вердикт: RED
19:20:54 === #5087: 2452 ===
19:20:59     вердикт: RED
19:20:59 === #5088: 7548 ===
19:21:03     вердикт: RED
19:21:03 === #5089: 2451 ===
19:21:08     вердикт: RED
19:21:08 === #5090: 7549 ===
19:21:12     вердикт: RED
19:21:12 === #5091: 2450 ===
19:21:16     вердикт: RED
19:21:17 === #5092: 7550 ===
19:21:21     вердикт: RED
19:21:21 === #5093: 2449 ===
19:21:25     вердикт: RED
19:21:26 === #5094: 7551 ===
19:21:30     вердикт: RED
19:21:30 === #5095: 2448 ===
19:21:34     вердикт: RED
19:21:35 === #5096: 7552 ===
19:21:39     вердикт: RED
19:21:39 === #5097: 2447 ===
19:21:44     вердикт: RED
19:21:44 === #5098: 7553 ===
19:21:49     вердикт: RED
19:21:49 === #5099: 2446 ===
19:21:53     вердикт: RED
19:21:54 === #5100: 7554 ===
19:21:59     вердикт: RED
19:21:59 === #5101: 2445 ===
19:22:03     вердикт: RED
19:22:03 === #5102: 7555 ===
19:22:08     вердикт: RED
19:22:09 === #5103: 2444 ===
19:22:13     вердикт: RED
19:22:13 === #5104: 7556 ===
19:22:18     вердикт: RED
19:22:18 === #5105: 2443 ===
19:22:23     вердикт: RED
19:22:23 === #5106: 7557 ===
19:22:28     вердикт: RED
19:22:28 === #5107: 2442 ===
19:22:32     вердикт: RED
19:22:32 === #5108: 7558 ===
19:22:37     вердикт: RED
19:22:37 === #5109: 2441 ===
19:22:41     вердикт: RED
19:22:41 === #5110: 7559 ===
19:22:46     вердикт: RED
19:22:46 === #5111: 2440 ===
19:22:50     вердикт: RED
19:22:50 === #5112: 7560 ===
19:22:54     вердикт: RED
19:22:54 === #5113: 2439 ===
19:22:59     вердикт: RED
19:22:59 === #5114: 7561 ===
19:23:03     вердикт: RED
19:23:03 === #5115: 2438 ===
19:23:07     вердикт: RED
19:23:08 === #5116: 7562 ===
19:23:12     вердикт: RED
19:23:12 === #5117: 2437 ===
19:23:17     вердикт: RED
19:23:17 === #5118: 7563 ===
19:23:21     вердикт: RED
19:23:21 === #5119: 2436 ===
19:23:26     вердикт: RED
19:23:26 === #5120: 7564 ===
19:23:31     вердикт: RED
19:23:31 === #5121: 2435 ===
19:23:35     вердикт: RED
19:23:35 === #5122: 7565 ===
19:23:40     вердикт: RED
19:23:41 === #5123: 2434 ===
19:23:45     вердикт: RED
19:23:45 === #5124: 7566 ===
19:23:50     вердикт: RED
19:23:50 === #5125: 2433 ===
19:23:54     вердикт: RED
19:23:54 === #5126: 7567 ===
19:23:59     вердикт: RED
19:23:59 === #5127: 2432 ===
19:24:03     вердикт: RED
19:24:03 === #5128: 7568 ===
19:24:08     вердикт: RED
19:24:08 === #5129: 2431 ===
19:24:12     вердикт: RED
19:24:12 === #5130: 7569 ===
19:24:17     вердикт: RED
19:24:17 === #5131: 2430 ===
19:24:21     вердикт: RED
19:24:21 === #5132: 7570 ===
19:24:25     вердикт: RED
19:24:25 === #5133: 2429 ===
19:24:29     вердикт: RED
19:24:29 === #5134: 7571 ===
19:24:34     вердикт: RED
19:24:34 === #5135: 2428 ===
19:24:38     вердикт: RED
19:24:38 === #5136: 7572 ===
19:24:42     вердикт: RED
19:24:42 === #5137: 2427 ===
19:24:47     вердикт: RED
19:24:47 === #5138: 7573 ===
19:24:51     вердикт: RED
19:24:51 === #5139: 2426 ===
19:24:56     вердикт: RED
19:24:56 === #5140: 7574 ===
19:25:00     вердикт: RED
19:25:01 === #5141: 2425 ===
19:25:05     вердикт: RED
19:25:05 === #5142: 7575 ===
19:25:10     вердикт: RED
19:25:10 === #5143: 2424 ===
19:25:14     вердикт: RED
19:25:14 === #5144: 7576 ===
19:25:19     вердикт: RED
19:25:19 === #5145: 2423 ===
19:25:23     вердикт: RED
19:25:23 === #5146: 7577 ===
19:25:28     вердикт: RED
19:25:28 === #5147: 2422 ===
19:25:32     вердикт: RED
19:25:32 === #5148: 7578 ===
19:25:37     вердикт: RED
19:25:37 === #5149: 2421 ===
19:25:41     вердикт: RED
19:25:41 === #5150: 7579 ===
19:25:45     вердикт: RED
19:25:45 === #5151: 2420 ===
19:25:49     вердикт: RED
19:25:49 === #5152: 7580 ===
19:25:53     вердикт: RED
19:25:53 === #5153: 2419 ===
19:25:57     вердикт: RED
19:25:57 === #5154: 7581 ===
19:26:02     вердикт: RED
19:26:02 === #5155: 2418 ===
19:26:06     вердикт: RED
19:26:06 === #5156: 7582 ===
19:26:10     вердикт: RED
19:26:10 === #5157: 2417 ===
19:26:14     вердикт: RED
19:26:14 === #5158: 7583 ===
19:26:19     вердикт: RED
19:26:19 === #5159: 2416 ===
19:26:23     вердикт: RED
19:26:23 === #5160: 7584 ===
19:26:28     вердикт: RED
19:26:28 === #5161: 2415 ===
19:26:32     вердикт: RED
19:26:32 === #5162: 7585 ===
19:26:37     вердикт: RED
19:26:37 === #5163: 2414 ===
19:26:41     вердикт: RED
19:26:41 === #5164: 7586 ===
19:26:46     вердикт: RED
19:26:46 === #5165: 2413 ===
19:26:50     вердикт: RED
19:26:50 === #5166: 7587 ===
19:26:55     вердикт: RED
19:26:55 === #5167: 2412 ===
19:26:59     вердикт: RED
19:26:59 === #5168: 7588 ===
19:27:03     вердикт: RED
19:27:03 === #5169: 2411 ===
19:27:07     вердикт: RED
19:27:07 === #5170: 7589 ===
19:27:11     вердикт: RED
19:27:11 === #5171: 2410 ===
19:27:15     вердикт: RED
19:27:15 === #5172: 7590 ===
19:27:19     вердикт: RED
19:27:19 === #5173: 2409 ===
19:27:23     вердикт: RED
19:27:23 === #5174: 7591 ===
19:27:27     вердикт: RED
19:27:27 === #5175: 2408 ===
19:27:31     вердикт: RED
19:27:31 === #5176: 7592 ===
19:27:35     вердикт: RED
19:27:36 === #5177: 2407 ===
19:27:40     вердикт: RED
19:27:40 === #5178: 7593 ===
19:27:44     вердикт: RED
19:27:44 === #5179: 2406 ===
19:27:48     вердикт: RED
19:27:48 === #5180: 7594 ===
19:27:53     вердикт: RED
19:27:53 === #5181: 2405 ===
19:27:57     вердикт: RED
19:27:57 === #5182: 7595 ===
19:28:02     вердикт: RED
19:28:02 === #5183: 2404 ===
19:28:06     вердикт: RED
19:28:06 === #5184: 7596 ===
19:28:11     вердикт: RED
19:28:11 === #5185: 2403 ===
19:28:15     вердикт: RED
19:28:15 === #5186: 7597 ===
19:28:19     вердикт: RED
19:28:19 === #5187: 2402 ===
19:28:23     вердикт: RED
19:28:23 === #5188: 7598 ===
19:28:27     вердикт: RED
19:28:27 === #5189: 2401 ===
19:28:31     вердикт: RED
19:28:31 === #5190: 7599 ===
19:28:35     вердикт: RED
19:28:36 === #5191: 2400 ===
19:28:39     вердикт: RED
19:28:39 === #5192: 7600 ===
19:28:43     вердикт: RED
19:28:43 === #5193: 2399 ===
19:28:47     вердикт: RED
19:28:47 === #5194: 7601 ===
19:28:51     вердикт: RED
19:28:51 === #5195: 2398 ===
19:28:55     вердикт: RED
19:28:55 === #5196: 7602 ===
19:28:59     вердикт: RED
19:28:59 === #5197: 2397 ===
19:29:03     вердикт: RED
19:29:03 === #5198: 7603 ===
19:29:07     вердикт: RED
19:29:07 === #5199: 2396 ===
19:29:11     вердикт: RED
19:29:11 === #5200: 7604 ===
19:29:15     вердикт: RED
19:29:16 === #5201: 2395 ===
19:29:20     вердикт: RED
19:29:20 === #5202: 7605 ===
19:29:24     вердикт: RED
19:29:24 === #5203: 2394 ===
19:29:28     вердикт: RED
19:29:29 === #5204: 7606 ===
19:29:33     вердикт: RED
19:29:33 === #5205: 2393 ===
19:29:37     вердикт: RED
19:29:37 === #5206: 7607 ===
19:29:41     вердикт: RED
19:29:41 === #5207: 2392 ===
19:29:45     вердикт: RED
19:29:45 === #5208: 7608 ===
19:29:49     вердикт: RED
19:29:49 === #5209: 2391 ===
19:29:53     вердикт: RED
19:29:53 === #5210: 7609 ===
19:29:57     вердикт: RED
19:29:57 === #5211: 2390 ===
19:30:00     вердикт: RED
19:30:01 === #5212: 7610 ===
19:30:04     вердикт: RED
19:30:05 === #5213: 2389 ===
19:30:08     вердикт: RED
19:30:08 === #5214: 7611 ===
19:30:12     вердикт: RED
19:30:13 === #5215: 2388 ===
19:30:16     вердикт: RED
19:30:17 === #5216: 7612 ===
19:30:21     вердикт: RED
19:30:21 === #5217: 2387 ===
19:30:25     вердикт: RED
19:30:25 === #5218: 7613 ===
19:30:29     вердикт: RED
19:30:29 === #5219: 2386 ===
19:30:33     вердикт: RED
19:30:33 === #5220: 7614 ===
19:30:38     вердикт: RED
19:30:38 === #5221: 2385 ===
19:30:42     вердикт: RED
19:30:42 === #5222: 7615 ===
19:30:47     вердикт: RED
19:30:47 === #5223: 2384 ===
19:30:51     вердикт: RED
19:30:51 === #5224: 7616 ===
19:30:55     вердикт: RED
19:30:56 === #5225: 2383 ===
19:31:00     вердикт: RED
19:31:00 === #5226: 7617 ===
19:31:04     вердикт: RED
19:31:04 === #5227: 2382 ===
19:31:08     вердикт: RED
19:31:08 === #5228: 7618 ===
19:31:12     вердикт: RED
19:31:12 === #5229: 2381 ===
19:31:16     вердикт: RED
19:31:16 === #5230: 7619 ===
19:31:20     вердикт: RED
19:31:20 === #5231: 2380 ===
19:31:24     вердикт: RED
19:31:24 === #5232: 7620 ===
19:31:28     вердикт: RED
19:31:28 === #5233: 2379 ===
19:31:32     вердикт: RED
19:31:32 === #5234: 7621 ===
19:31:36     вердикт: RED
19:31:36 === #5235: 2378 ===
19:31:41     вердикт: RED
19:31:41 === #5236: 7622 ===
19:31:45     вердикт: RED
19:31:45 === #5237: 2377 ===
19:31:49     вердикт: RED
19:31:49 === #5238: 7623 ===
19:31:53     вердикт: RED
19:31:54 === #5239: 2376 ===
19:31:58     вердикт: RED
19:31:58 === #5240: 7624 ===
19:32:02     вердикт: RED
19:32:03 === #5241: 2375 ===
19:32:07     вердикт: RED
19:32:07 === #5242: 7625 ===
19:32:12     вердикт: RED
19:32:12 === #5243: 2374 ===
19:32:16     вердикт: RED
19:32:16 === #5244: 7626 ===
19:32:21     вердикт: RED
19:32:21 === #5245: 2373 ===
19:32:25     вердикт: RED
19:32:25 === #5246: 7627 ===
19:32:30     вердикт: RED
19:32:30 === #5247: 2372 ===
19:32:34     вердикт: RED
19:32:34 === #5248: 7628 ===
19:32:38     вердикт: RED
19:32:38 === #5249: 2371 ===
19:32:42     вердикт: RED
19:32:42 === #5250: 7629 ===
19:32:46     вердикт: RED
19:32:46 === #5251: 2370 ===
19:32:50     вердикт: RED
19:32:50 === #5252: 7630 ===
19:32:54     вердикт: RED
19:32:54 === #5253: 2369 ===
19:32:58     вердикт: RED
19:32:59 === #5254: 7631 ===
19:33:03     вердикт: RED
19:33:03 === #5255: 2368 ===
19:33:07     вердикт: RED
19:33:07 === #5256: 7632 ===
19:33:11     вердикт: RED
19:33:12 === #5257: 2367 ===
19:33:16     вердикт: RED
19:33:16 === #5258: 7633 ===
19:33:20     вердикт: RED
19:33:20 === #5259: 2366 ===
19:33:25     вердикт: RED
19:33:25 === #5260: 7634 ===
19:33:30     вердикт: RED
19:33:30 === #5261: 2365 ===
19:33:34     вердикт: RED
19:33:34 === #5262: 7635 ===
19:33:39     вердикт: RED
19:33:39 === #5263: 2364 ===
19:33:44     вердикт: RED
19:33:44 === #5264: 7636 ===
19:33:48     вердикт: RED
19:33:48 === #5265: 2363 ===
19:33:53     вердикт: RED
19:33:53 === #5266: 7637 ===
19:33:57     вердикт: RED
19:33:57 === #5267: 2362 ===
19:34:02     вердикт: RED
19:34:02 === #5268: 7638 ===
19:34:06     вердикт: RED
19:34:06 === #5269: 2361 ===
19:34:10     вердикт: RED
19:34:10 === #5270: 7639 ===
19:34:15     вердикт: RED
19:34:15 === #5271: 2360 ===
19:34:19     вердикт: RED
19:34:19 === #5272: 7640 ===
19:34:23     вердикт: RED
19:34:23 === #5273: 2359 ===
19:34:27     вердикт: RED
19:34:28 === #5274: 7641 ===
19:34:32     вердикт: RED
19:34:32 === #5275: 2358 ===
19:34:36     вердикт: RED
19:34:36 === #5276: 7642 ===
19:34:41     вердикт: RED
19:34:41 === #5277: 2357 ===
19:34:45     вердикт: RED
19:34:46 === #5278: 7643 ===
19:34:50     вердикт: RED
19:34:50 === #5279: 2356 ===
19:34:55     вердикт: RED
19:34:55 === #5280: 7644 ===
19:35:00     вердикт: RED
19:35:00 === #5281: 2355 ===
19:35:04     вердикт: RED
19:35:05 === #5282: 7645 ===
19:35:09     вердикт: RED
19:35:09 === #5283: 2354 ===
19:35:14     вердикт: RED
19:35:14 === #5284: 7646 ===
19:35:19     вердикт: RED
19:35:19 === #5285: 2353 ===
19:35:23     вердикт: RED
19:35:24 === #5286: 7647 ===
19:35:28     вердикт: RED
19:35:28 === #5287: 2352 ===
19:35:32     вердикт: RED
19:35:33 === #5288: 7648 ===
19:35:37     вердикт: RED
19:35:37 === #5289: 2351 ===
19:35:41     вердикт: RED
19:35:41 === #5290: 7649 ===
19:35:46     вердикт: RED
19:35:46 === #5291: 2350 ===
19:35:50     вердикт: RED
19:35:50 === #5292: 7650 ===
19:35:54     вердикт: RED
19:35:54 === #5293: 2349 ===
19:35:59     вердикт: RED
19:35:59 === #5294: 7651 ===
19:36:03     вердикт: RED
19:36:03 === #5295: 2348 ===
19:36:07     вердикт: RED
19:36:08 === #5296: 7652 ===
19:36:12     вердикт: RED
19:36:12 === #5297: 2347 ===
19:36:17     вердикт: RED
19:36:17 === #5298: 7653 ===
19:36:21     вердикт: RED
19:36:22 === #5299: 2346 ===
19:36:26     вердикт: RED
19:36:26 === #5300: 7654 ===
19:36:31     вердикт: RED
19:36:31 === #5301: 2345 ===
19:36:36     вердикт: RED
19:36:36 === #5302: 7655 ===
19:36:41     вердикт: RED
19:36:41 === #5303: 2344 ===
19:36:45     вердикт: RED
19:36:45 === #5304: 7656 ===
19:36:50     вердикт: RED
19:36:50 === #5305: 2343 ===
19:36:55     вердикт: RED
19:36:55 === #5306: 7657 ===
19:36:59     вердикт: RED
19:37:00 === #5307: 2342 ===
19:37:04     вердикт: RED
19:37:04 === #5308: 7658 ===
19:37:08     вердикт: RED
19:37:09 === #5309: 2341 ===
19:37:13     вердикт: RED
19:37:13 === #5310: 7659 ===
19:37:17     вердикт: RED
19:37:17 === #5311: 2340 ===
19:37:21     вердикт: RED
19:37:21 === #5312: 7660 ===
19:37:26     вердикт: RED
19:37:26 === #5313: 2339 ===
19:37:30     вердикт: RED
19:37:30 === #5314: 7661 ===
19:37:34     вердикт: RED
19:37:34 === #5315: 2338 ===
19:37:38     вердикт: RED
19:37:38 === #5316: 7662 ===
19:37:43     вердикт: RED
19:37:43 === #5317: 2337 ===
19:37:47     вердикт: RED
19:37:47 === #5318: 7663 ===
19:37:52     вердикт: RED
19:37:52 === #5319: 2336 ===
19:37:56     вердикт: RED
19:37:56 === #5320: 7664 ===
19:38:01     вердикт: RED
19:38:01 === #5321: 2335 ===
19:38:06     вердикт: RED
19:38:06 === #5322: 7665 ===
19:38:11     вердикт: RED
19:38:11 === #5323: 2334 ===
19:38:15     вердикт: RED
19:38:15 === #5324: 7666 ===
19:38:20     вердикт: RED
19:38:20 === #5325: 2333 ===
19:38:24     вердикт: RED
19:38:24 === #5326: 7667 ===
19:38:29     вердикт: RED
19:38:29 === #5327: 2332 ===
19:38:33     вердикт: RED
19:38:33 === #5328: 7668 ===
19:38:37     вердикт: RED
19:38:38 === #5329: 2331 ===
19:38:42     вердикт: RED
19:38:42 === #5330: 7669 ===
19:38:46     вердикт: RED
19:38:46 === #5331: 2330 ===
19:38:50     вердикт: RED
19:38:50 === #5332: 7670 ===
19:38:54     вердикт: RED
19:38:54 === #5333: 2329 ===
19:38:58     вердикт: RED
19:38:58 === #5334: 7671 ===
19:39:02     вердикт: RED
19:39:02 === #5335: 2328 ===
19:39:06     вердикт: RED
19:39:07 === #5336: 7672 ===
19:39:11     вердикт: RED
19:39:11 === #5337: 2327 ===
19:39:15     вердикт: RED
19:39:15 === #5338: 7673 ===
19:39:20     вердикт: RED
19:39:20 === #5339: 2326 ===
19:39:24     вердикт: RED
19:39:24 === #5340: 7674 ===
19:39:29     вердикт: RED
19:39:29 === #5341: 2325 ===
19:39:33     вердикт: RED
19:39:33 === #5342: 7675 ===
19:39:38     вердикт: RED
19:39:38 === #5343: 2324 ===
19:39:42     вердикт: RED
19:39:42 === #5344: 7676 ===
19:39:47     вердикт: RED
19:39:47 === #5345: 2323 ===
19:39:51     вердикт: RED
19:39:51 === #5346: 7677 ===
19:39:55     вердикт: RED
19:39:55 === #5347: 2322 ===
19:39:59     вердикт: RED
19:40:00 === #5348: 7678 ===
19:40:04     вердикт: RED
19:40:04 === #5349: 2321 ===
19:40:08     вердикт: RED
19:40:08 === #5350: 7679 ===
19:40:12     вердикт: RED
19:40:12 === #5351: 2320 ===
19:40:16     вердикт: RED
19:40:16 === #5352: 7680 ===
19:40:20     вердикт: RED
19:40:20 === #5353: 2319 ===
19:40:24     вердикт: RED
19:40:24 === #5354: 7681 ===
19:40:28     вердикт: RED
19:40:28 === #5355: 2318 ===
19:40:32     вердикт: RED
19:40:32 === #5356: 7682 ===
19:40:36     вердикт: RED
19:40:36 === #5357: 2317 ===
19:40:40     вердикт: RED
19:40:41 === #5358: 7683 ===
19:40:45     вердикт: RED
19:40:45 === #5359: 2316 ===
19:40:49     вердикт: RED
19:40:49 === #5360: 7684 ===
19:40:53     вердикт: RED
19:40:54 === #5361: 2315 ===
19:40:58     вердикт: RED
19:40:58 === #5362: 7685 ===
19:41:02     вердикт: RED
19:41:03 === #5363: 2314 ===
19:41:07     вердикт: RED
19:41:07 === #5364: 7686 ===
19:41:11     вердикт: RED
19:41:11 === #5365: 2313 ===
19:41:15     вердикт: RED
19:41:15 === #5366: 7687 ===
19:41:20     вердикт: RED
19:41:20 === #5367: 2312 ===
19:41:24     вердикт: RED
19:41:24 === #5368: 7688 ===
19:41:28     вердикт: RED
19:41:28 === #5369: 2311 ===
19:41:32     вердикт: RED
19:41:32 === #5370: 7689 ===
19:41:36     вердикт: RED
19:41:36 === #5371: 2310 ===
19:41:40     вердикт: RED
19:41:40 === #5372: 7690 ===
19:41:44     вердикт: RED
19:41:44 === #5373: 2309 ===
19:41:47     вердикт: RED
19:41:47 === #5374: 7691 ===
19:41:51     вердикт: RED
19:41:52 === #5375: 2308 ===
19:41:55     вердикт: RED
19:41:55 === #5376: 7692 ===
19:41:59     вердикт: RED
19:42:00 === #5377: 2307 ===
19:42:03     вердикт: RED
19:42:03 === #5378: 7693 ===
19:42:08     вердикт: RED
19:42:08 === #5379: 2306 ===
19:42:12     вердикт: RED
19:42:12 === #5380: 7694 ===
19:42:16     вердикт: RED
19:42:16 === #5381: 2305 ===
19:42:20     вердикт: RED
19:42:21 === #5382: 7695 ===
19:42:25     вердикт: RED
19:42:25 === #5383: 2304 ===
19:42:29     вердикт: RED
19:42:29 === #5384: 7696 ===
19:42:33     вердикт: RED
19:42:33 === #5385: 2303 ===
19:42:37     вердикт: RED
19:42:37 === #5386: 7697 ===
19:42:42     вердикт: RED
19:42:42 === #5387: 2302 ===
19:42:45     вердикт: RED
19:42:46 === #5388: 7698 ===
19:42:49     вердикт: RED
19:42:50 === #5389: 2301 ===
19:42:53     вердикт: RED
19:42:53 === #5390: 7699 ===
19:42:57     вердикт: RED
19:42:57 === #5391: 2300 ===
19:43:01     вердикт: RED
19:43:01 === #5392: 7700 ===
19:43:05     вердикт: RED
19:43:05 === #5393: 2299 ===
19:43:08     вердикт: RED
19:43:08 === #5394: 7701 ===
19:43:12     вердикт: RED
19:43:12 === #5395: 2298 ===
19:43:16     вердикт: RED
19:43:16 === #5396: 7702 ===
19:43:20     вердикт: RED
19:43:20 === #5397: 2297 ===
19:43:24     вердикт: RED
19:43:24 === #5398: 7703 ===
19:43:28     вердикт: RED
19:43:28 === #5399: 2296 ===
19:43:32     вердикт: RED
19:43:32 === #5400: 7704 ===
19:43:36     вердикт: RED
19:43:36 === #5401: 2295 ===
19:43:41     вердикт: RED
19:43:41 === #5402: 7705 ===
19:43:45     вердикт: RED
19:43:45 === #5403: 2294 ===
19:43:49     вердикт: RED
19:43:49 === #5404: 7706 ===
19:43:53     вердикт: RED
19:43:53 === #5405: 2293 ===
19:43:57     вердикт: RED
19:43:57 === #5406: 7707 ===
19:44:01     вердикт: RED
19:44:01 === #5407: 2292 ===
19:44:05     вердикт: RED
19:44:05 === #5408: 7708 ===
19:44:09     вердикт: RED
19:44:09 === #5409: 2291 ===
19:44:13     вердикт: RED
19:44:13 === #5410: 7709 ===
19:44:16     вердикт: RED
19:44:17 === #5411: 2290 ===
19:44:20     вердикт: RED
19:44:20 === #5412: 7710 ===
19:44:24     вердикт: RED
19:44:24 === #5413: 2289 ===
19:44:28     вердикт: RED
19:44:28 === #5414: 7711 ===
19:44:32     вердикт: RED
19:44:32 === #5415: 2288 ===
19:44:36     вердикт: RED
19:44:36 === #5416: 7712 ===
19:44:40     вердикт: RED
19:44:40 === #5417: 2287 ===
19:44:44     вердикт: RED
19:44:44 === #5418: 7713 ===
19:44:48     вердикт: RED
19:44:48 === #5419: 2286 ===
19:44:52     вердикт: RED
19:44:52 === #5420: 7714 ===
19:44:57     вердикт: RED
19:44:57 === #5421: 2285 ===
19:45:01     вердикт: RED
19:45:01 === #5422: 7715 ===
19:45:05     вердикт: RED
19:45:06 === #5423: 2284 ===
19:45:10     вердикт: RED
19:45:10 === #5424: 7716 ===
19:45:14     вердикт: RED
19:45:14 === #5425: 2283 ===
19:45:18     вердикт: RED
19:45:18 === #5426: 7717 ===
19:45:22     вердикт: RED
19:45:22 === #5427: 2282 ===
19:45:26     вердикт: RED
19:45:26 === #5428: 7718 ===
19:45:30     вердикт: RED
19:45:30 === #5429: 2281 ===
19:45:34     вердикт: RED
19:45:34 === #5430: 7719 ===
19:45:38     вердикт: RED
19:45:38 === #5431: 2280 ===
19:45:42     вердикт: RED
19:45:42 === #5432: 7720 ===
19:45:46     вердикт: RED
19:45:46 === #5433: 2279 ===
19:45:50     вердикт: RED
19:45:50 === #5434: 7721 ===
19:45:54     вердикт: RED
19:45:54 === #5435: 2278 ===
19:45:58     вердикт: RED
19:45:58 === #5436: 7722 ===
19:46:02     вердикт: RED
19:46:02 === #5437: 2277 ===
19:46:07     вердикт: RED
19:46:07 === #5438: 7723 ===
19:46:11     вердикт: RED
19:46:11 === #5439: 2276 ===
19:46:15     вердикт: RED
19:46:15 === #5440: 7724 ===
19:46:20     вердикт: RED
19:46:20 === #5441: 2275 ===
19:46:24     вердикт: RED
19:46:24 === #5442: 7725 ===
19:46:29     вердикт: RED
19:46:29 === #5443: 2274 ===
19:46:33     вердикт: RED
19:46:33 === #5444: 7726 ===
19:46:37     вердикт: RED
19:46:38 === #5445: 2273 ===
19:46:42     вердикт: RED
19:46:42 === #5446: 7727 ===
19:46:46     вердикт: RED
19:46:46 === #5447: 2272 ===
19:46:50     вердикт: RED
19:46:50 === #5448: 7728 ===
19:46:54     вердикт: RED
19:46:55 === #5449: 2271 ===
19:46:58     вердикт: RED
19:46:59 === #5450: 7729 ===
19:47:02     вердикт: RED
19:47:03 === #5451: 2270 ===
19:47:06     вердикт: RED
19:47:06 === #5452: 7730 ===
19:47:10     вердикт: RED
19:47:10 === #5453: 2269 ===
19:47:14     вердикт: RED
19:47:14 === #5454: 7731 ===
19:47:18     вердикт: RED
19:47:19 === #5455: 2268 ===
19:47:22     вердикт: RED
19:47:22 === #5456: 7732 ===
19:47:27     вердикт: RED
19:47:27 === #5457: 2267 ===
19:47:31     вердикт: RED
19:47:31 === #5458: 7733 ===
19:47:35     вердикт: RED
19:47:35 === #5459: 2266 ===
19:47:40     вердикт: NORED
19:47:40 
>>> ВОЗМОЖНО ВЕРНО: 2266 <<<

